host,status,grade,score,verdict,ad_requests,ad_domains,ad_slots,sticky_ads,popups,trackers,ad_weight_pct,refs,starred,pages,url,checked_utc,error
applegamingwiki.com,online,F,0.0,Ad-saturated / hostile,292,77,5,2,0,1,43.6,2,2,Linux,https://applegamingwiki.com/,2026-09-13T06:49:25+00:00,
armorgames.com,online,F,0.0,Ad-saturated / hostile,182,59,7,0,0,0,49.4,2,2,Gaming,https://armorgames.com/,2026-09-12T21:42:32+00:00,
balticlivecam.com,online,F,0.0,Ad-saturated / hostile,1712,102,7,1,0,8,65.6,2,0,Misc,https://balticlivecam.com/,2026-09-21T22:53:03+00:00,
books.goalkicker.com,online,F,0.0,Ad-saturated / hostile,162,13,10,1,0,1,22.9,1,0,Reading,https://books.goalkicker.com/,2026-09-27T17:58:51+00:00,
brickset.com,online,F,0.0,Ad-saturated / hostile,214,66,11,0,0,3,47.8,4,0,Educational Misc,https://brickset.com/,2026-09-17T22:29:32+00:00,
c64online.com,online,F,0.0,Ad-saturated / hostile,83,5,6,2,0,1,65.3,1,1,Gaming,https://c64online.com/,2026-09-25T18:07:54+00:00,
canaldoensino.com.br,online,F,0.0,Ad-saturated / hostile,50,7,9,1,0,7,21.5,2,0,Non-Eng,https://canaldoensino.com.br/blog/,2026-09-23T06:43:24+00:00,
collectionchamber.blogspot.com,online,F,0.0,Ad-saturated / hostile,171,18,7,0,0,3,92.5,2,2,Gaming,https://collectionchamber.blogspot.com/,2026-08-29T22:00:23+00:00,
comicvine.gamespot.com,online,F,0.0,Ad-saturated / hostile,126,40,6,0,0,2,45.5,2,0,Reading,https://comicvine.gamespot.com/,2026-09-02T12:18:10+00:00,
dailycommercials.com,online,F,0.0,Ad-saturated / hostile,624,95,13,1,0,4,26.2,1,0,Streaming,https://dailycommercials.com/,2026-09-05T11:24:22+00:00,
eaglercraft.com,online,F,0.0,Ad-saturated / hostile,265,58,7,3,0,1,35.9,2,2,Gaming,https://eaglercraft.com/,2026-09-12T21:42:32+00:00,
ebooksyard.com,online,F,0.0,Ad-saturated / hostile,126,8,26,1,0,3,60.9,2,0,Reading,https://ebooksyard.com/,2026-09-23T22:29:49+00:00,
ejje.weblio.jp,online,F,0.0,Ad-saturated / hostile,219,60,6,0,0,5,33.5,1,0,Storage,https://ejje.weblio.jp/,2026-09-28T07:40:47+00:00,
escolakids.uol.com.br,online,F,0.0,Ad-saturated / hostile,462,85,6,0,0,2,49.5,2,0,Non-Eng,https://escolakids.uol.com.br,2026-09-23T06:43:24+00:00,
fcsnew.net,online,F,0.0,Ad-saturated / hostile,99,12,11,0,0,1,71.7,5,0,Educational Storage,https://fcsnew.net/,2026-09-10T12:24:16+00:00,
filmzie.com,online,F,0.0,Ad-saturated / hostile,201,28,8,0,0,14,60.6,2,0,Streaming,https://filmzie.com/,2026-09-24T18:01:53+00:00,
finviz.com,online,F,0.0,Ad-saturated / hostile,239,82,6,0,0,5,64.4,1,1,Misc,https://finviz.com/,2026-09-13T21:45:32+00:00,
flagle-game.com,online,F,0.0,Ad-saturated / hostile,247,50,4,2,0,3,56.3,1,0,Educational,https://flagle-game.com/,2026-09-25T13:02:00+00:00,
freebiesui.com,online,F,0.0,Ad-saturated / hostile,296,61,6,0,0,2,69.1,1,0,Storage,https://freebiesui.com/,2026-08-28T23:15:50+00:00,
freeplrdownloads.com,online,F,0.0,Ad-saturated / hostile,106,10,6,1,0,4,51.9,2,0,Reading,https://freeplrdownloads.com/,2026-09-23T22:29:49+00:00,
goalkicker.com,online,F,0.0,Ad-saturated / hostile,241,12,11,1,0,3,28.2,2,0,Reading,https://goalkicker.com/,2026-09-24T06:47:05+00:00,
guitarsix.com,online,F,0.0,Ad-saturated / hostile,55,10,8,1,0,0,52.8,1,0,Educational,https://guitarsix.com/,2026-08-26T08:26:47+00:00,
hdclump.com,online,F,0.0,Ad-saturated / hostile,168,16,7,1,0,4,34.6,2,0,Streaming,https://hdclump.com/,2026-09-24T18:01:53+00:00,
histogrammaker.net,online,F,0.0,Ad-saturated / hostile,110,8,7,1,0,1,76.8,1,0,Storage,https://histogrammaker.net/,2026-08-28T23:15:50+00:00,
i.imgur.com,online,F,0.0,Ad-saturated / hostile,1004,85,6,0,0,4,50.6,5,2,Educational Linux Misc Music,https://i.imgur.com/0vfM4dm.png,2026-09-12T16:31:29+00:00,
jobscollider.com,online,F,0.0,Ad-saturated / hostile,72,8,4,1,0,31,39.7,2,0,Misc,https://jobscollider.com/,2026-08-22T08:03:37+00:00,
key-hub.eu,online,F,0.0,Ad-saturated / hostile,54,10,4,2,0,2,37.9,1,0,Misc,https://key-hub.eu/,2026-09-25T22:52:29+00:00,
l-lists.com,online,F,0.0,Ad-saturated / hostile,120,12,8,2,0,0,80.3,4,0,Educational Misc,https://l-lists.com/en/lists/55cbww.html,2026-09-18T06:42:10+00:00,
liliputing.com,online,F,0.0,Ad-saturated / hostile,312,59,8,1,0,2,43.2,2,0,Misc,https://liliputing.com/,2026-09-21T07:14:22+00:00,
linegraphmaker.co,online,F,0.0,Ad-saturated / hostile,71,7,7,1,0,1,35.8,1,0,Storage,https://linegraphmaker.co/,2026-08-28T23:15:50+00:00,
macapps.link,online,F,0.0,Ad-saturated / hostile,108,9,6,1,0,1,23.7,1,1,Linux,https://macapps.link/en/,2026-09-13T21:45:32+00:00,
megadrive-emulator.com,online,F,0.0,Ad-saturated / hostile,149,16,6,1,0,1,41.5,2,0,Storage,https://megadrive-emulator.com/,2026-09-24T12:57:21+00:00,
mixtapemonkey.com,online,F,0.0,Ad-saturated / hostile,92,14,6,1,0,2,40.7,2,0,Music,https://mixtapemonkey.com/,2026-09-22T06:49:41+00:00,
modules.lsposed.org,online,F,0.0,Ad-saturated / hostile,68,8,6,1,0,0,34.2,1,0,Mobile,https://modules.lsposed.org/,2026-09-26T12:31:41+00:00,
mydramalist.com,online,F,0.0,Ad-saturated / hostile,728,97,10,1,0,1,50.0,2,0,Streaming,https://mydramalist.com/,2026-09-24T22:46:15+00:00,
number.academy,online,F,0.0,Ad-saturated / hostile,141,12,8,1,0,3,65.0,2,2,Educational,https://number.academy/,2026-09-12T21:42:32+00:00,
oilprice.com,online,F,0.0,Ad-saturated / hostile,207,66,6,0,0,9,43.8,2,0,Educational,https://oilprice.com/,2026-09-19T12:07:10+00:00,
opentunnel.net,online,F,0.0,Ad-saturated / hostile,200,31,7,1,0,4,90.8,2,0,Storage,https://opentunnel.net/,2026-09-24T12:57:21+00:00,
optical.toys,online,F,0.0,Ad-saturated / hostile,38,27,7,0,0,3,46.7,1,0,Misc,https://optical.toys/,2026-09-26T12:31:41+00:00,
orangefreesounds.com,online,F,0.0,Ad-saturated / hostile,176,14,5,1,0,1,72.1,2,2,Music,https://orangefreesounds.com/,2026-09-13T06:49:25+00:00,
overemployed.com,online,F,0.0,Ad-saturated / hostile,236,48,6,4,0,2,56.9,2,0,Misc,https://overemployed.com/,2026-09-21T14:36:48+00:00,
philosophy.stackexchange.com,online,F,0.0,Ad-saturated / hostile,252,67,5,1,0,1,65.5,2,0,Educational,https://philosophy.stackexchange.com/,2026-09-19T12:07:10+00:00,
phrases.org.uk,online,F,0.0,Ad-saturated / hostile,503,109,4,2,0,1,57.8,2,0,Educational,https://phrases.org.uk/,2026-09-19T21:48:19+00:00,
pickerwheel.com,online,F,0.0,Ad-saturated / hostile,212,45,24,1,0,1,18.9,1,0,Misc,https://pickerwheel.com/,2026-09-26T12:31:41+00:00,
piechartmaker.co,online,F,0.0,Ad-saturated / hostile,182,10,7,1,0,1,48.0,2,0,Storage,https://piechartmaker.co/,2026-08-25T02:47:36+00:00,
publicdnsserver.com,online,F,0.0,Ad-saturated / hostile,130,8,10,2,0,1,75.7,1,0,Storage,https://publicdnsserver.com/,2026-09-28T07:40:47+00:00,
quantrimang.com,online,F,0.0,Ad-saturated / hostile,62,8,12,0,0,8,46.4,2,0,Non-Eng,https://quantrimang.com/,2026-09-23T18:01:31+00:00,
queensgame.io,online,F,0.0,Ad-saturated / hostile,70,5,10,1,0,13,70.3,2,0,Gaming,https://queensgame.io/,2026-09-20T07:03:23+00:00,
randomtools.io,online,F,0.0,Ad-saturated / hostile,295,18,7,1,0,3,88.1,2,0,Misc,https://randomtools.io/,2026-09-21T14:36:48+00:00,
receive-sms.cc,online,F,0.0,Ad-saturated / hostile,322,67,8,0,0,0,77.4,2,2,Storage,https://receive-sms.cc/,2026-09-13T12:54:24+00:00,
receive-smss.live,online,F,0.0,Ad-saturated / hostile,108,13,8,1,0,0,71.8,1,0,Storage,https://receive-smss.live/,2026-09-12T11:45:01+00:00,
remotefirstjobs.com,online,F,0.0,Ad-saturated / hostile,114,13,4,1,0,29,42.0,2,0,Misc,https://remotefirstjobs.com/,2026-09-09T12:30:35+00:00,
remoteyeah.com,online,F,0.0,Ad-saturated / hostile,164,12,8,0,0,1,59.4,2,0,Misc,https://remoteyeah.com/,2026-09-21T14:36:48+00:00,
revisionscience.com,online,F,0.0,Ad-saturated / hostile,172,38,8,2,0,2,49.8,1,0,Educational,https://revisionscience.com/,2026-09-25T18:07:54+00:00,
russianfilmhub.com,online,F,0.0,Ad-saturated / hostile,101,11,6,1,0,10,59.8,2,0,Streaming,https://russianfilmhub.com/,2026-09-24T18:01:53+00:00,
safeaudiokit.com,online,F,0.0,Ad-saturated / hostile,174,15,8,1,0,2,19.6,1,0,Music,https://safeaudiokit.com/,2026-09-27T07:08:34+00:00,
sciencenotes.org,online,F,0.0,Ad-saturated / hostile,697,97,8,0,0,2,34.1,2,0,Educational,https://sciencenotes.org,2026-08-29T17:26:18+00:00,
slickdeals.net,online,F,0.0,Ad-saturated / hostile,160,52,8,0,0,4,29.0,1,0,Misc,https://slickdeals.net/,2026-09-26T12:31:41+00:00,
solvethecube.com,online,F,0.0,Ad-saturated / hostile,228,38,4,3,0,5,54.0,2,0,Educational,https://solvethecube.com/timer,2026-09-19T12:07:10+00:00,
soundoftext.com,online,F,0.0,Ad-saturated / hostile,331,50,6,2,0,3,73.7,2,0,Artificial-Intelligence,https://soundoftext.com/,2026-09-18T17:16:20+00:00,
speechma.com,online,F,0.0,Ad-saturated / hostile,249,21,13,0,0,12,80.8,2,0,Artificial-Intelligence,https://speechma.com/,2026-09-25T22:52:29+00:00,
stattrek.com,online,F,0.0,Ad-saturated / hostile,21,11,6,0,0,3,84.9,1,0,Educational,https://stattrek.com/,2026-08-26T02:55:42+00:00,
temp-number.com,online,F,0.0,Ad-saturated / hostile,82,16,9,1,0,2,80.1,1,0,Storage,https://temp-number.com/,2026-09-28T07:40:47+00:00,
themoviespoiler.com,online,F,0.0,Ad-saturated / hostile,496,81,9,0,0,2,65.6,1,0,Streaming,https://themoviespoiler.com/,2026-08-29T17:26:18+00:00,
theskylive.com,online,F,0.0,Ad-saturated / hostile,134,34,6,0,0,1,69.6,2,0,Educational,https://theskylive.com/,2026-09-19T06:40:29+00:00,
ti84calc.com,online,F,0.0,Ad-saturated / hostile,234,72,27,1,0,2,80.9,1,0,Educational,https://ti84calc.com/,2026-09-25T18:07:54+00:00,
tudoradio.com,online,F,0.0,Ad-saturated / hostile,122,49,18,0,0,4,30.8,2,0,Non-Eng,https://tudoradio.com,2026-09-23T06:43:24+00:00,
ukfountainpens.com,online,F,0.0,Ad-saturated / hostile,250,23,9,1,0,1,95.3,2,0,Misc,https://ukfountainpens.com/,2026-09-21T14:36:48+00:00,
vaughn.live,online,F,0.0,Ad-saturated / hostile,222,43,5,1,0,0,67.4,2,0,Streaming,https://vaughn.live/browse/misc,2026-09-24T18:01:53+00:00,
vim.fandom.com,online,F,0.0,Ad-saturated / hostile,359,89,6,0,0,0,73.9,2,0,Educational,https://vim.fandom.com/wiki/Category:VimTip,2026-09-19T16:51:07+00:00,
wordleunlimited.org,online,F,0.0,Ad-saturated / hostile,245,28,7,3,0,3,90.2,1,0,Gaming,https://wordleunlimited.org/,2026-09-25T18:07:54+00:00,
workout.cool,online,F,0.0,Ad-saturated / hostile,206,66,6,1,0,2,54.6,2,0,Misc,https://workout.cool/,2026-09-21T07:14:22+00:00,
www.24livenewspaper.com,online,F,0.0,Ad-saturated / hostile,47,8,7,0,0,2,72.2,2,0,Non-Eng,https://www.24livenewspaper.com/bangla-newspaper,2026-09-22T17:49:43+00:00,
www.aftvnews.com,online,F,0.0,Ad-saturated / hostile,1205,103,6,0,0,1,64.9,2,2,Streaming,https://www.aftvnews.com/downloader,2026-08-29T22:00:23+00:00,
www.allbanglanewspaper.xyz,online,F,0.0,Ad-saturated / hostile,153,20,6,1,0,2,57.2,1,0,Non-Eng,https://www.allbanglanewspaper.xyz/,2026-09-27T07:08:34+00:00,
www.anobii.com,online,F,0.0,Ad-saturated / hostile,193,42,6,1,0,5,91.6,2,0,Reading,https://www.anobii.com/,2026-09-24T06:47:05+00:00,
www.apkmirror.com,online,F,0.0,Ad-saturated / hostile,96,35,6,0,0,3,74.3,2,2,Mobile,https://www.apkmirror.com/,2026-09-13T06:49:25+00:00,
www.atlasobscura.com,online,F,0.0,Ad-saturated / hostile,79,34,5,0,0,19,21.0,2,2,Misc,https://www.atlasobscura.com/,2026-09-13T06:49:25+00:00,
www.backyardchickens.com,online,F,0.0,Ad-saturated / hostile,399,75,10,1,0,2,84.7,2,0,Misc,https://www.backyardchickens.com/,2026-09-20T21:52:34+00:00,
www.banglabooks.in,online,F,0.0,Ad-saturated / hostile,77,12,9,0,0,2,49.2,2,0,Non-Eng,https://www.banglabooks.in/,2026-09-22T17:49:43+00:00,
www.behindthevoiceactors.com,online,F,0.0,Ad-saturated / hostile,351,48,13,4,0,2,61.1,2,0,Streaming,https://www.behindthevoiceactors.com/,2026-09-25T06:39:48+00:00,
www.bhg.com,online,F,0.0,Ad-saturated / hostile,191,61,7,0,0,4,38.4,1,1,Misc,https://www.bhg.com/gardening/how-to-garden/,2026-09-13T21:45:32+00:00,
www.braceletbook.com,online,F,0.0,Ad-saturated / hostile,252,89,8,0,0,4,45.2,4,0,Educational Misc,https://www.braceletbook.com/,2026-09-17T22:29:32+00:00,
www.caffeineinformer.com,online,F,0.0,Ad-saturated / hostile,583,104,6,0,0,3,78.0,2,2,Misc,https://www.caffeineinformer.com/death-by-caffeine,2026-09-13T06:49:25+00:00,
www.certcommunity.org,online,F,0.0,Ad-saturated / hostile,131,12,7,0,0,2,41.2,2,0,Educational,https://www.certcommunity.org/forum/,2026-09-18T17:16:20+00:00,
www.cgdirector.com,online,F,0.0,Ad-saturated / hostile,866,81,19,4,0,1,70.7,1,1,Misc,https://www.cgdirector.com/pc-builder/,2026-09-13T21:45:32+00:00,
www.cxtvlive.com,online,F,0.0,Ad-saturated / hostile,55,8,8,0,0,3,95.9,2,0,Streaming,https://www.cxtvlive.com/,2026-09-24T18:01:53+00:00,
www.databazeknih.cz,online,F,0.0,Ad-saturated / hostile,178,48,6,0,0,3,32.2,2,0,Non-Eng,https://www.databazeknih.cz/,2026-09-22T22:28:30+00:00,
www.eatbydate.com,online,F,0.0,Ad-saturated / hostile,155,19,5,1,0,7,62.5,1,1,Misc,https://www.eatbydate.com/,2026-09-13T21:45:32+00:00,
www.engineeringtoolbox.com,online,F,0.0,Ad-saturated / hostile,502,83,9,0,0,1,71.0,2,0,Educational,https://www.engineeringtoolbox.com/,2026-09-18T17:16:20+00:00,
www.engineersedge.com,online,F,0.0,Ad-saturated / hostile,69,7,6,1,0,3,36.2,1,0,Educational,https://www.engineersedge.com/,2026-09-25T06:39:48+00:00,
www.engvid.com,online,F,0.0,Ad-saturated / hostile,60,13,7,2,0,7,43.6,1,0,Educational,https://www.engvid.com/,2026-09-25T13:02:00+00:00,
www.foldnfly.com,online,F,0.0,Ad-saturated / hostile,315,74,5,1,0,3,39.7,2,0,Educational,https://www.foldnfly.com/,2026-09-19T12:07:10+00:00,
www.freeclassicaudiobooks.com,online,F,0.0,Ad-saturated / hostile,91,11,6,1,0,4,64.8,2,0,Reading,https://www.freeclassicaudiobooks.com/,2026-09-23T22:29:49+00:00,
www.freetogame.com,online,F,0.0,Ad-saturated / hostile,105,8,6,0,0,3,85.2,4,0,Gaming Misc,https://www.freetogame.com/games,2026-09-17T22:29:32+00:00,
www.ganttproject.biz,online,F,0.0,Ad-saturated / hostile,186,14,5,1,0,4,78.4,2,0,Misc,https://www.ganttproject.biz/,2026-09-21T14:36:48+00:00,
www.getfreedomain.name,online,F,0.0,Ad-saturated / hostile,66,9,5,1,0,1,77.1,1,0,Storage,https://www.getfreedomain.name/,2026-09-28T07:40:47+00:00,
www.globalfirepower.com,online,F,0.0,Ad-saturated / hostile,115,10,9,0,0,14,57.8,2,0,Educational,https://www.globalfirepower.com/,2026-08-20T08:21:01+00:00,
www.goodnewsnetwork.org,online,F,0.0,Ad-saturated / hostile,140,40,5,1,0,5,31.2,2,2,Misc,https://www.goodnewsnetwork.org/,2026-09-13T06:49:25+00:00,
www.gsmarena.com,online,F,0.0,Ad-saturated / hostile,428,84,9,1,0,2,48.7,3,3,Misc,https://www.gsmarena.com/,2026-09-12T16:31:29+00:00,
www.handspeak.com,online,F,0.0,Ad-saturated / hostile,496,64,7,1,0,2,30.7,1,1,Educational,https://www.handspeak.com/,2026-09-13T17:06:33+00:00,
www.highdefdigest.com,online,F,0.0,Ad-saturated / hostile,183,38,5,1,0,4,51.8,1,0,Streaming,https://www.highdefdigest.com/,2026-09-28T16:00:57+00:00,
www.idownloadblog.com,online,F,0.0,Ad-saturated / hostile,366,77,12,1,0,1,49.2,1,0,Mobile,https://www.idownloadblog.com/tag/jailbreak/,2026-09-27T07:08:34+00:00,
www.jagranjosh.com,online,F,0.0,Ad-saturated / hostile,665,92,6,0,0,3,38.8,2,0,Non-Eng,https://www.jagranjosh.com/,2026-09-22T22:28:30+00:00,
www.kitco.com,online,F,0.0,Ad-saturated / hostile,349,70,8,0,0,13,34.2,2,0,Misc,https://www.kitco.com/,2026-09-21T14:36:48+00:00,
www.learncpp.com,online,F,0.0,Ad-saturated / hostile,206,51,6,1,0,3,36.7,2,0,Educational,https://www.learncpp.com/,2026-09-19T16:51:07+00:00,
www.looperman.com,online,F,0.0,Ad-saturated / hostile,678,98,8,0,0,3,65.9,2,0,Music,https://www.looperman.com/loops,2026-09-22T17:49:43+00:00,
www.manua.ls,online,F,0.0,Ad-saturated / hostile,1136,86,14,2,0,2,63.1,1,0,Reading,https://www.manua.ls/,2026-09-27T17:58:51+00:00,
www.manualpdf.es,online,F,0.0,Ad-saturated / hostile,507,68,15,3,0,2,51.6,2,0,Non-Eng,https://www.manualpdf.es/,2026-09-23T18:01:31+00:00,
www.mathway.com,online,F,0.0,Ad-saturated / hostile,289,91,4,0,0,21,37.2,1,0,Educational,https://www.mathway.com/,2026-09-25T18:07:54+00:00,
www.medscape.com,online,F,0.0,Ad-saturated / hostile,190,25,10,0,0,10,48.3,1,0,Misc,https://www.medscape.com/,2026-09-25T22:52:29+00:00,
www.merriam-webster.com,online,F,0.0,Ad-saturated / hostile,912,126,5,1,0,5,42.0,6,2,Educational Gaming,https://www.merriam-webster.com/,2026-09-12T16:31:29+00:00,
www.mswordcoverpages.com,online,F,0.0,Ad-saturated / hostile,70,7,8,1,0,1,63.4,2,0,Misc,https://www.mswordcoverpages.com/,2026-09-21T07:14:22+00:00,
www.myinstants.com,online,F,0.0,Ad-saturated / hostile,157,37,4,2,0,2,73.4,2,0,Music,https://www.myinstants.com/index/us/,2026-09-22T17:49:43+00:00,
www.mysqltutorial.org,online,F,0.0,Ad-saturated / hostile,507,87,5,1,0,2,80.2,2,0,Educational,https://www.mysqltutorial.org/,2026-09-19T16:51:07+00:00,
www.newsnow.co.uk,online,F,0.0,Ad-saturated / hostile,101,35,17,1,0,4,58.7,2,0,Misc,https://www.newsnow.co.uk/,2026-09-21T07:14:22+00:00,
www.onlinecourses.ooo,online,F,0.0,Ad-saturated / hostile,155,14,6,1,0,3,37.4,1,0,Storage,https://www.onlinecourses.ooo/,2026-09-05T11:24:22+00:00,
www.onlinetutorials.org,online,F,0.0,Ad-saturated / hostile,159,11,6,1,0,4,55.7,1,0,Storage,https://www.onlinetutorials.org/,2026-09-05T11:24:22+00:00,
www.onthisday.com,online,F,0.0,Ad-saturated / hostile,403,83,11,0,0,2,44.2,2,0,Educational,https://www.onthisday.com/,2026-09-19T06:40:29+00:00,
www.pathologyoutlines.com,online,F,0.0,Ad-saturated / hostile,175,17,10,0,0,2,52.0,2,0,Educational,https://www.pathologyoutlines.com/,2026-09-19T06:40:29+00:00,
www.pcgamingwiki.com,online,F,0.0,Ad-saturated / hostile,204,63,5,2,0,3,71.6,2,0,Gaming,https://www.pcgamingwiki.com/wiki/List_of_unofficial_ports,2026-09-19T21:48:19+00:00,
www.poetry.com,online,F,0.0,Ad-saturated / hostile,40,9,8,0,0,1,51.0,2,0,Reading,https://www.poetry.com/,2026-09-24T06:47:05+00:00,
www.realworkfromanywhere.com,online,F,0.0,Ad-saturated / hostile,154,15,7,0,0,4,57.7,2,2,Misc,https://www.realworkfromanywhere.com/,2026-09-13T06:49:25+00:00,
www.resumgo.com,online,F,0.0,Ad-saturated / hostile,139,8,10,2,0,2,60.2,2,0,Misc,https://www.resumgo.com/,2026-09-21T14:36:48+00:00,
www.sanfoundry.com,online,F,0.0,Ad-saturated / hostile,114,38,6,1,0,1,59.5,2,0,Educational,https://www.sanfoundry.com/,2026-09-18T17:16:20+00:00,
www.sms24.me,online,F,0.0,Ad-saturated / hostile,146,22,7,2,0,1,81.1,2,2,Storage,https://www.sms24.me/,2026-09-13T12:54:24+00:00,
www.sporcle.com,online,F,0.0,Ad-saturated / hostile,755,93,9,0,0,1,58.1,1,0,Gaming,https://www.sporcle.com/,2026-09-25T22:52:29+00:00,
www.symbols.com,online,F,0.0,Ad-saturated / hostile,50,8,7,1,0,3,69.8,2,0,Educational,https://www.symbols.com/,2026-09-19T12:07:10+00:00,
www.the-classic-movies.com,online,F,0.0,Ad-saturated / hostile,76,7,6,2,0,2,97.2,2,0,Streaming,https://www.the-classic-movies.com/,2026-09-24T18:01:53+00:00,
www.thoughtco.com,online,F,0.0,Ad-saturated / hostile,372,77,6,0,0,4,47.9,2,0,Reading,https://www.thoughtco.com/us-historical-newspapers-online-by-state-1422215,2026-09-23T22:29:49+00:00,
www.tunefind.com,online,F,0.0,Ad-saturated / hostile,431,92,8,0,0,1,52.5,2,2,Music,https://www.tunefind.com/,2026-09-13T06:49:25+00:00,
www.tupi.fm,online,F,0.0,Ad-saturated / hostile,109,26,10,0,0,5,63.4,2,0,Non-Eng,https://www.tupi.fm,2026-09-23T06:43:24+00:00,
www.urbandictionary.com,online,F,0.0,Ad-saturated / hostile,258,55,8,0,0,1,34.2,2,2,Educational,https://www.urbandictionary.com/,2026-09-12T21:42:32+00:00,
www.vercapas.com.br,online,F,0.0,Ad-saturated / hostile,47,6,7,0,0,15,51.1,2,0,Non-Eng,https://www.vercapas.com.br,2026-09-23T06:43:24+00:00,
www.vpnjantit.com,online,F,0.0,Ad-saturated / hostile,212,20,12,1,0,5,81.2,2,0,Storage,https://www.vpnjantit.com/,2026-09-24T12:57:21+00:00,
www.webcamtaxi.com,online,F,0.0,Ad-saturated / hostile,461,32,9,1,0,3,51.7,2,2,Misc,https://www.webcamtaxi.com/en/,2026-09-13T06:49:25+00:00,
www.webmd.com,online,F,0.0,Ad-saturated / hostile,288,66,6,0,0,1,59.7,1,0,Misc,https://www.webmd.com/,2026-09-25T22:52:29+00:00,
www.worlddata.info,online,F,0.0,Ad-saturated / hostile,90,7,6,1,0,0,66.7,1,1,Educational,https://www.worlddata.info/,2026-09-13T17:06:33+00:00,
xdaforums.com,online,F,0.0,Ad-saturated / hostile,42,22,7,0,0,4,41.4,20,6,Downloading Mobile Streaming,https://xdaforums.com/t/app-guides-unofficial-morphe-megathread.4774994/,2026-09-12T16:31:29+00:00,
yacreader.com,online,F,0.0,Ad-saturated / hostile,1069,8,7,1,0,3,36.6,1,0,Reading,https://yacreader.com/,2026-09-04T17:05:11+00:00,
www.animeoutline.com,online,F,0.2,Ad-saturated / hostile,51,8,4,2,0,2,29.6,2,0,Educational,https://www.animeoutline.com/,2026-09-19T12:07:10+00:00,
www.learnshell.org,online,F,0.3,Ad-saturated / hostile,81,11,5,1,0,3,26.3,2,0,Educational,https://www.learnshell.org/,2026-09-19T16:51:07+00:00,
routinehub.co,online,F,0.5,Ad-saturated / hostile,188,58,7,0,0,1,28.0,2,0,Mobile,https://routinehub.co/,2026-09-22T06:49:41+00:00,
flagmatch.com,online,F,1.0,Ad-saturated / hostile,56,8,9,0,0,0,53.8,1,0,Educational,https://flagmatch.com/,2026-09-25T13:02:00+00:00,
www.radios.com.br,online,F,1.0,Ad-saturated / hostile,74,6,8,1,0,2,54.8,2,0,Non-Eng,https://www.radios.com.br,2026-09-23T06:43:24+00:00,
sounds.spriters-resource.com,online,F,1.3,Ad-saturated / hostile,385,63,7,0,0,1,26.4,2,0,Music,https://sounds.spriters-resource.com/,2026-09-22T17:49:43+00:00,
www.gocomics.com,online,F,1.4,Ad-saturated / hostile,191,51,5,1,0,3,24.2,2,0,Reading,https://www.gocomics.com/,2026-09-23T22:29:49+00:00,
sshocean.com,online,F,1.5,Ad-saturated / hostile,60,6,7,1,0,1,56.3,2,0,Storage,https://sshocean.com/,2026-09-24T12:57:21+00:00,
subconverter.com,online,F,1.5,Ad-saturated / hostile,72,6,6,1,0,1,71.5,1,0,Streaming,https://subconverter.com/,2026-08-29T08:22:00+00:00,
www.howmuchisin.com,online,F,1.5,Ad-saturated / hostile,232,54,13,1,0,3,14.1,2,0,Misc,https://www.howmuchisin.com/produce_converters,2026-09-20T21:52:34+00:00,
presetshare.com,online,F,1.7,Ad-saturated / hostile,159,49,6,1,0,2,14.7,2,0,Music,https://presetshare.com/,2026-09-22T17:49:43+00:00,
freeforstudents.org,online,F,2.0,Ad-saturated / hostile,97,10,5,1,0,1,25.1,4,0,Educational Misc,https://freeforstudents.org/,2026-09-17T22:29:32+00:00,
udemyfreecourses.org,online,F,2.0,Ad-saturated / hostile,48,7,6,0,0,4,65.9,1,0,Storage,https://udemyfreecourses.org/,2026-09-28T16:00:57+00:00,
ukradiolive.com,online,F,2.0,Ad-saturated / hostile,124,22,4,1,0,6,62.5,2,0,Music,https://ukradiolive.com/,2026-09-22T12:53:35+00:00,
www.biblegateway.com,online,F,2.0,Ad-saturated / hostile,1242,111,4,1,0,6,75.4,2,0,Reading,https://www.biblegateway.com/,2026-09-24T06:47:05+00:00,
www.packhacker.com,online,F,2.0,Ad-saturated / hostile,84,29,4,1,0,6,51.0,2,0,Misc,https://www.packhacker.com/,2026-09-21T14:36:48+00:00,
soundboardguys.com,online,F,2.4,Ad-saturated / hostile,174,47,8,1,0,5,10.2,1,0,Music,https://soundboardguys.com/,2026-09-27T07:08:34+00:00,
dbkpop.com,online,F,2.5,Ad-saturated / hostile,54,9,4,1,0,5,45.6,2,0,Music,https://dbkpop.com/,2026-09-22T17:49:43+00:00,
documentary.net,online,F,2.5,Ad-saturated / hostile,59,7,5,1,0,3,34.8,2,0,Educational,https://documentary.net/,2026-08-19T14:24:21+00:00,
www.eslfast.com,online,F,2.5,Ad-saturated / hostile,71,7,7,0,0,3,60.1,1,0,Educational,https://www.eslfast.com/,2026-09-25T13:02:00+00:00,
www.iptvsmarters.com,online,F,2.5,Ad-saturated / hostile,71,7,9,0,0,3,46.2,4,0,Mobile Streaming,https://www.iptvsmarters.com/,2026-08-18T20:01:14+00:00,
www.noor-book.com,online,F,2.5,Ad-saturated / hostile,47,7,9,0,0,3,49.6,2,0,Non-Eng,https://www.noor-book.com/,2026-09-22T17:49:43+00:00,
remixsearch.net,online,F,3.0,Ad-saturated / hostile,293,72,5,0,0,4,36.0,1,0,Music,https://remixsearch.net/,2026-09-27T07:08:34+00:00,
www.abandonwaredos.com,online,F,3.0,Ad-saturated / hostile,38,7,7,0,0,3,28.9,1,0,Gaming,https://www.abandonwaredos.com/,2026-09-02T17:21:05+00:00,
www.b737.org.uk,online,F,3.0,Ad-saturated / hostile,39,6,7,0,0,8,46.5,2,0,Educational,http://www.b737.org.uk/,2026-09-19T06:40:29+00:00,
www.citethisforme.com,online,F,3.0,Ad-saturated / hostile,289,80,5,0,0,4,60.9,1,0,Educational,https://www.citethisforme.com/,2026-09-25T18:07:54+00:00,
www.ereaderiq.com,online,F,3.0,Ad-saturated / hostile,243,19,5,0,0,4,64.8,4,0,Misc Reading,https://www.ereaderiq.com/,2026-09-20T21:52:34+00:00,
www.popsci.com,online,F,3.0,Ad-saturated / hostile,325,83,5,0,0,4,41.4,2,0,Misc,https://www.popsci.com/,2026-09-21T07:14:22+00:00,
www.ysk-comics.com,online,F,3.0,Ad-saturated / hostile,84,12,4,1,0,4,48.0,2,0,Reading,https://www.ysk-comics.com/en,2026-09-23T22:29:49+00:00,
songfinder.gg,online,F,3.2,Ad-saturated / hostile,861,91,8,0,0,2,21.7,2,0,Music,https://songfinder.gg/,2026-09-22T17:49:43+00:00,
dosgames.com,online,F,3.5,Ad-saturated / hostile,88,15,4,1,0,3,72.4,2,0,Gaming,https://dosgames.com/,2026-09-20T07:03:23+00:00,
listverse.com,online,F,3.5,Ad-saturated / hostile,218,56,4,1,0,3,55.5,1,1,Misc,https://listverse.com/,2026-09-17T17:47:40+00:00,
musicvid.org,online,F,3.5,Ad-saturated / hostile,148,13,4,1,0,3,49.9,1,0,Music,https://musicvid.org/,2026-09-27T07:08:34+00:00,
playlistor.io,online,F,3.5,Ad-saturated / hostile,141,9,3,2,0,3,47.2,2,0,Music,https://playlistor.io/,2026-09-22T12:53:35+00:00,
rapload.org,online,F,3.5,Ad-saturated / hostile,169,55,14,0,0,3,20.1,2,0,Music,https://rapload.org/,2026-09-22T12:53:35+00:00,
sporked.com,online,F,3.5,Ad-saturated / hostile,372,80,4,1,0,3,97.1,2,2,Misc,https://sporked.com/,2026-09-13T06:49:25+00:00,
wecapable.com,online,F,3.5,Ad-saturated / hostile,120,15,4,1,0,3,74.3,2,0,Educational,https://wecapable.com/tools/text-to-sign-language-converter/,2026-09-19T16:51:07+00:00,
www.floodmap.net,online,F,3.5,Ad-saturated / hostile,70,9,5,0,0,3,38.5,2,0,Misc,https://www.floodmap.net/,2026-09-21T07:14:22+00:00,
www.freeonlinetest.in,online,F,3.5,Ad-saturated / hostile,61,7,9,0,0,1,73.9,2,0,Educational,https://www.freeonlinetest.in/,2026-09-19T21:48:19+00:00,
www.ondemandkorea.com,online,F,3.5,Ad-saturated / hostile,115,23,5,0,0,3,31.6,2,0,Non-Eng,https://www.ondemandkorea.com/,2026-09-23T06:43:24+00:00,
www.solitr.com,online,F,3.5,Ad-saturated / hostile,150,22,3,2,0,3,85.9,1,0,Gaming,https://www.solitr.com/,2026-09-25T18:07:54+00:00,
www.talkenglish.com,online,F,3.5,Ad-saturated / hostile,68,12,4,1,0,3,61.6,2,0,Educational,https://www.talkenglish.com/,2026-09-19T16:51:07+00:00,
www.thegreatestbooks.org,online,F,3.5,Ad-saturated / hostile,50,5,7,1,0,3,41.7,2,2,Reading,https://www.thegreatestbooks.org/,2026-09-13T12:54:24+00:00,
www.theoi.com,online,F,3.5,Ad-saturated / hostile,286,72,4,1,0,3,64.2,2,2,Educational,https://www.theoi.com/,2026-09-12T21:42:32+00:00,
mythopedia.com,online,F,3.8,Ad-saturated / hostile,557,81,6,0,0,1,21.4,2,0,Educational,https://mythopedia.com/,2026-09-12T11:45:01+00:00,
aprilfoolsdayontheweb.com,online,F,4.0,Ad-saturated / hostile,29,9,5,0,0,2,35.3,2,0,Misc,https://aprilfoolsdayontheweb.com/,2026-09-22T06:49:41+00:00,
arabicfonts.net,online,F,4.0,Ad-saturated / hostile,72,5,6,1,0,2,73.1,2,0,Non-Eng,https://arabicfonts.net/,2026-09-22T17:49:43+00:00,
bestiefy.com,online,F,4.0,Ad-saturated / hostile,228,57,4,1,0,2,50.4,2,0,Gaming,https://bestiefy.com/,2026-09-20T12:42:06+00:00,
howdy.id,online,F,4.0,Ad-saturated / hostile,64,11,4,1,0,2,83.4,2,0,Storage,https://howdy.id/,2026-09-24T12:57:21+00:00,
parcelsapp.com,online,F,4.0,Ad-saturated / hostile,147,47,5,0,0,2,57.2,1,0,Misc,https://parcelsapp.com/en/,2026-09-26T12:31:41+00:00,
safenote.co,online,F,4.0,Ad-saturated / hostile,78,8,4,1,0,4,67.5,1,0,Adblock,https://safenote.co/,2026-09-25T06:39:48+00:00,
thetoypool.com,online,F,4.0,Ad-saturated / hostile,129,13,4,1,0,2,38.6,2,0,Misc,https://thetoypool.com/,2026-09-21T14:36:48+00:00,
virtualconsoles.com,online,F,4.0,Ad-saturated / hostile,99,13,4,1,0,2,56.1,2,0,Gaming,https://virtualconsoles.com/,2026-09-20T07:03:23+00:00,
www.cpubenchmark.net,online,F,4.0,Ad-saturated / hostile,362,91,5,0,0,2,62.8,2,2,Misc,https://www.cpubenchmark.net/,2026-09-13T06:49:25+00:00,
www.hmdb.org,online,F,4.0,Ad-saturated / hostile,314,78,4,1,0,2,67.0,4,0,Educational Misc,https://www.hmdb.org/,2026-09-17T22:29:32+00:00,
www.medicinenet.com,online,F,4.0,Ad-saturated / hostile,158,61,4,1,0,2,46.4,2,0,Misc,https://www.medicinenet.com/,2026-09-21T07:14:22+00:00,
www.yellowbridge.com,online,F,4.0,Ad-saturated / hostile,88,15,4,1,0,2,74.6,2,0,Educational,https://www.yellowbridge.com/,2026-09-19T16:51:07+00:00,
www.openculture.com,online,F,4.2,Ad-saturated / hostile,1126,117,16,0,0,5,16.7,5,0,Educational Streaming,https://www.openculture.com/,2026-09-17T22:29:32+00:00,
adtunes.com,online,F,4.3,Ad-saturated / hostile,66,11,9,1,0,4,7.4,2,0,Music,https://adtunes.com/,2026-09-22T12:53:35+00:00,
2700chess.com,online,F,4.5,Ad-saturated / hostile,328,67,5,0,0,1,68.3,2,0,Educational,https://2700chess.com/,2026-09-19T12:07:10+00:00,
dova-s.jp,online,F,4.5,Ad-saturated / hostile,194,32,5,0,0,1,53.7,2,0,Music,https://dova-s.jp/en/,2026-09-22T12:53:35+00:00,
globe.adsbexchange.com,online,F,4.5,Ad-saturated / hostile,309,86,4,0,0,11,43.1,2,2,Misc,https://globe.adsbexchange.com/,2026-09-13T06:49:25+00:00,
opentracks.com,online,F,4.5,Ad-saturated / hostile,184,45,5,0,0,1,41.5,2,0,Music,https://opentracks.com/en/,2026-09-24T12:57:21+00:00,
reversedictionary.org,online,F,4.5,Ad-saturated / hostile,60,9,3,3,0,1,71.9,2,0,Educational,https://reversedictionary.org/,2026-09-19T12:07:10+00:00,
www.arfonts.net,online,F,4.5,Ad-saturated / hostile,104,9,4,1,0,1,65.4,1,0,Non-Eng,https://www.arfonts.net/,2026-09-27T07:08:34+00:00,
www.biologyonline.com,online,F,4.5,Ad-saturated / hostile,818,67,4,1,0,1,88.5,2,0,Educational,https://www.biologyonline.com/,2026-09-19T06:40:29+00:00,
www.emucr.com,online,F,4.5,Ad-saturated / hostile,53,7,4,1,0,9,49.5,1,0,Gaming,https://www.emucr.com/,2026-09-02T17:21:05+00:00,
www.filepuma.com,online,F,4.5,Ad-saturated / hostile,65,11,4,1,0,1,41.8,2,0,Downloading,https://www.filepuma.com/,2026-09-18T17:16:20+00:00,
www.phptutorial.net,online,F,4.5,Ad-saturated / hostile,914,81,4,1,0,1,86.1,1,1,Educational,https://www.phptutorial.net/,2026-09-13T17:06:33+00:00,
www.plot-generator.org.uk,online,F,4.5,Ad-saturated / hostile,797,99,5,0,0,1,49.4,1,0,Misc,https://www.plot-generator.org.uk/,2026-09-26T12:31:41+00:00,
www.learn-c.org,online,F,4.6,Ad-saturated / hostile,94,10,4,1,0,3,27.8,2,0,Educational,https://www.learn-c.org/,2026-09-19T16:51:07+00:00,
www.polytrackcodes.com,online,F,4.7,Ad-saturated / hostile,59,7,8,1,0,7,11.7,1,0,Gaming,https://www.polytrackcodes.com/,2026-09-10T12:24:16+00:00,
brasilescola.uol.com.br,online,F,5.0,Ad-saturated / hostile,538,88,4,0,0,10,48.0,2,0,Non-Eng,https://brasilescola.uol.com.br,2026-09-23T13:04:02+00:00,
camerasize.com,online,F,5.0,Ad-saturated / hostile,198,10,4,1,0,0,50.5,2,0,Misc,https://camerasize.com/compare/,2026-09-21T14:36:48+00:00,
dinotoyblog.com,online,F,5.0,Ad-saturated / hostile,122,18,5,0,0,0,90.3,2,0,Misc,https://dinotoyblog.com/,2026-09-21T14:36:48+00:00,
strumyk.pk,online,F,5.0,Ad-saturated / hostile,138,15,4,1,0,0,74.6,4,2,Non-Eng Streaming,https://strumyk.pk/,2026-09-12T16:31:29+00:00,
us-phone-number.com,online,F,5.0,Ad-saturated / hostile,58,5,6,1,0,0,79.3,1,1,Storage,https://us-phone-number.com/,2026-09-13T17:06:33+00:00,
www.bussolaescolar.com.br,online,F,5.0,Ad-saturated / hostile,49,6,5,1,0,4,81.7,2,0,Non-Eng,http://www.bussolaescolar.com.br,2026-09-23T06:43:24+00:00,
www.freevpn.us,online,F,5.0,Ad-saturated / hostile,72,6,14,1,0,2,21.9,2,0,Storage,https://www.freevpn.us/,2026-09-24T12:57:21+00:00,
www.palcomp3.com.br,online,F,5.0,Ad-saturated / hostile,134,34,4,0,0,10,64.6,2,0,Non-Eng,https://www.palcomp3.com.br,2026-09-23T06:43:24+00:00,
www.voicy.network,online,F,5.0,Ad-saturated / hostile,211,57,4,1,0,0,88.4,1,0,Music,https://www.voicy.network/,2026-09-27T07:08:34+00:00,
syosetu.com,online,F,5.1,Ad-saturated / hostile,70,27,6,0,0,1,18.8,2,0,Non-Eng,https://syosetu.com/,2026-09-23T06:43:24+00:00,
freecomputerbooks.com,online,F,5.5,Ad-saturated / hostile,27,5,7,0,0,9,63.1,2,0,Reading,https://freecomputerbooks.com/,2026-09-24T06:47:05+00:00,
freemagazinespdf.com,online,F,5.5,Ad-saturated / hostile,73,8,4,1,0,1,54.3,2,0,Reading,https://freemagazinespdf.com/,2026-09-23T22:29:49+00:00,
mythresults.com,online,F,5.5,Ad-saturated / hostile,29,3,11,2,0,1,79.3,2,0,Misc,https://mythresults.com/,2026-09-23T13:04:02+00:00,
pvacodes.com,online,F,5.5,Ad-saturated / hostile,50,8,5,0,0,1,50.7,1,0,Storage,https://pvacodes.com/free-number,2026-09-28T07:40:47+00:00,
www.cxradio.com.br,online,F,5.5,Ad-saturated / hostile,52,6,7,0,0,3,63.1,2,0,Non-Eng,https://www.cxradio.com.br,2026-09-23T06:43:24+00:00,
www.cxtv.com.br,online,F,5.5,Ad-saturated / hostile,63,6,8,0,0,3,53.3,2,0,Non-Eng,https://www.cxtv.com.br,2026-09-23T06:43:24+00:00,
www.ratemyprofessors.com,online,F,5.5,Ad-saturated / hostile,845,108,4,0,0,9,51.1,2,0,Educational,https://www.ratemyprofessors.com/,2026-09-19T21:48:19+00:00,
virtualpiano.net,online,F,5.7,Ad-saturated / hostile,697,115,4,1,0,6,22.6,2,0,Music,https://virtualpiano.net/,2026-09-22T17:49:43+00:00,
tempsmsonline.com,online,F,6.0,Ad-saturated / hostile,52,6,9,0,0,2,38.7,1,0,Storage,https://tempsmsonline.com/,2026-09-28T07:40:47+00:00,
www.accuradio.com,online,F,6.0,Ad-saturated / hostile,167,62,3,1,0,8,30.5,2,2,Music,https://www.accuradio.com/,2026-09-13T06:49:25+00:00,
www.frontpages.com,online,F,6.0,Ad-saturated / hostile,80,15,3,1,0,8,53.6,2,0,Reading,https://www.frontpages.com/,2026-09-23T22:29:49+00:00,
www.playretrogames.com,online,F,6.0,Ad-saturated / hostile,53,12,4,0,0,8,69.2,2,0,Storage,https://www.playretrogames.com/,2026-09-24T12:57:21+00:00,
www.active.com,online,F,6.2,Ad-saturated / hostile,177,64,5,1,0,8,9.7,2,0,Misc,https://www.active.com/,2026-09-21T07:14:22+00:00,
receive-sms-free.cc,online,F,6.5,Ad-saturated / hostile,56,4,9,1,0,3,72.8,1,0,Storage,https://receive-sms-free.cc/,2026-09-28T07:40:47+00:00,
www.epicurious.com,online,F,6.5,Ad-saturated / hostile,144,42,10,1,0,3,4.1,2,0,Misc,https://www.epicurious.com/,2026-09-20T21:52:34+00:00,
www.freepngimg.com,online,F,6.5,Ad-saturated / hostile,70,6,7,0,0,1,60.8,1,0,Storage,https://www.freepngimg.com/,2026-09-28T07:40:47+00:00,
www.wordblanks.com,online,F,6.5,Ad-saturated / hostile,78,7,4,1,0,5,70.4,2,0,Misc,https://www.wordblanks.com/,2026-09-21T22:53:03+00:00,
www.worldmets.com,online,F,6.5,Ad-saturated / hostile,59,6,9,0,0,1,64.0,2,0,Non-Eng,https://www.worldmets.com/,2026-09-22T17:49:43+00:00,
kitab-evi.com,online,F,6.7,Ad-saturated / hostile,48,9,5,0,0,4,22.7,2,0,Non-Eng,https://kitab-evi.com/,2026-09-23T18:01:31+00:00,
dictionary.cambridge.org,online,F,7.0,Ad-saturated / hostile,118,61,4,0,0,6,32.5,2,0,Educational,https://dictionary.cambridge.org/,2026-09-19T21:48:19+00:00,
fbrushes.com,online,F,7.0,Ad-saturated / hostile,64,4,6,1,0,2,55.7,2,0,Storage,https://fbrushes.com/,2026-08-25T08:25:42+00:00,
icustom.tooliphone.net,online,F,7.0,Ad-saturated / hostile,42,7,4,1,0,4,46.8,2,0,Mobile,https://icustom.tooliphone.net/,2026-09-22T06:49:41+00:00,
strims24.pl,online,F,7.0,Ad-saturated / hostile,34,6,6,0,0,0,57.3,2,1,Non-Eng Streaming,https://strims24.pl/,2026-09-13T17:06:33+00:00,
www.forensicfocus.com,online,F,7.0,Ad-saturated / hostile,50,10,4,0,0,6,36.2,2,0,Adblock,https://www.forensicfocus.com/forums/,2026-09-18T06:42:10+00:00,
www.historicaerials.com,online,F,7.0,Ad-saturated / hostile,181,60,4,0,0,6,35.6,4,0,Educational Misc,https://www.historicaerials.com/,2026-09-17T22:29:32+00:00,
ipsw.me,online,F,7.5,Ad-saturated / hostile,67,5,5,1,0,5,73.5,2,0,Mobile,https://ipsw.me/,2026-09-22T06:49:41+00:00,
this-person-does-not-exist.com,online,F,7.5,Ad-saturated / hostile,77,5,8,0,0,5,38.1,1,0,Misc,https://this-person-does-not-exist.com/,2026-09-26T12:31:41+00:00,
walkccc.me,online,F,7.5,Ad-saturated / hostile,41,4,5,2,0,1,30.2,1,1,Educational,https://walkccc.me/LeetCode/,2026-09-13T17:06:33+00:00,
www.nicovideo.jp,online,F,7.5,Ad-saturated / hostile,351,50,4,0,0,5,56.4,4,2,Non-Eng Streaming,https://www.nicovideo.jp/,2026-09-12T16:31:29+00:00,
www.space.com,online,F,7.5,Ad-saturated / hostile,769,92,4,0,0,8,27.0,2,0,Educational,https://www.space.com/,2026-09-19T06:40:29+00:00,
projectcrusade.forumotion.com,online,F,7.6,Ad-saturated / hostile,191,49,4,1,0,3,21.8,1,0,Gaming,https://projectcrusade.forumotion.com/,2026-09-25T18:07:54+00:00,
aifreeforever.com,online,F,7.8,Ad-saturated / hostile,78,19,5,0,0,0,24.5,1,0,Artificial-Intelligence,https://aifreeforever.com/image-generators,2026-09-02T06:25:43+00:00,
a-z-animals.com,online,F,8.0,Ad-saturated / hostile,380,84,3,1,0,4,38.2,1,1,Educational,https://a-z-animals.com/,2026-09-13T17:06:33+00:00,
findmusicbylyrics.com,online,F,8.0,Ad-saturated / hostile,177,37,4,0,0,4,68.1,1,0,Music,https://findmusicbylyrics.com/,2026-09-27T07:08:34+00:00,
glaz.tv,online,F,8.0,Ad-saturated / hostile,105,9,3,1,0,4,44.6,2,0,Non-Eng,https://glaz.tv/,2026-09-23T13:04:02+00:00,
jogorama.com.br,online,F,8.0,Ad-saturated / hostile,41,7,5,0,0,2,66.8,2,0,Non-Eng,https://jogorama.com.br,2026-09-23T06:43:24+00:00,
liftvault.com,online,F,8.0,Ad-saturated / hostile,115,44,3,1,0,4,44.0,2,0,Misc,https://liftvault.com/,2026-09-21T07:14:22+00:00,
live24.gr,online,F,8.0,Ad-saturated / hostile,90,14,4,0,0,4,70.2,2,0,Non-Eng,https://live24.gr/,2026-09-22T22:28:30+00:00,
mundoeducacao.uol.com.br,online,F,8.0,Ad-saturated / hostile,310,68,4,0,0,4,42.7,2,0,Non-Eng,https://mundoeducacao.uol.com.br,2026-09-23T13:04:02+00:00,
www.godchecker.com,online,F,8.0,Ad-saturated / hostile,40,7,4,1,0,2,63.1,2,2,Educational,https://www.godchecker.com/,2026-09-12T21:42:32+00:00,
www.puzzmo.com,online,F,8.0,Ad-saturated / hostile,169,66,4,0,0,4,34.9,4,0,Gaming,https://www.puzzmo.com/,2026-09-17T22:29:32+00:00,
www.racevpn.com,online,F,8.0,Ad-saturated / hostile,97,5,5,1,0,4,67.0,2,0,Storage,https://www.racevpn.com/,2026-09-24T12:57:21+00:00,
www.worldconcerthall.com,online,F,8.0,Ad-saturated / hostile,85,13,3,1,0,4,65.5,2,0,Music,https://www.worldconcerthall.com/en/schedule-list/,2026-09-22T12:53:35+00:00,
drivefromhome.com,online,F,8.2,Ad-saturated / hostile,710,78,3,2,0,2,21.7,2,2,Music,https://drivefromhome.com/,2026-09-10T12:24:16+00:00,
www.supergrubdisk.org,online,F,8.3,Ad-saturated / hostile,78,7,5,0,0,2,29.4,1,0,Linux,https://www.supergrubdisk.org/super-grub2-disk/,2026-09-25T22:52:29+00:00,
charts.hohli.com,online,F,8.5,Ad-saturated / hostile,76,10,3,1,0,3,45.5,1,0,Storage,https://charts.hohli.com/,2026-08-28T23:15:50+00:00,
cringemdb.com,online,F,8.5,Ad-saturated / hostile,109,12,3,1,0,3,48.6,4,0,Misc Streaming,https://cringemdb.com/,2026-09-18T06:42:10+00:00,
phonedb.net,online,F,8.5,Ad-saturated / hostile,62,12,3,1,0,3,73.1,1,1,Misc,https://phonedb.net/,2026-09-17T17:47:40+00:00,
podbay.fm,online,F,8.5,Ad-saturated / hostile,273,62,4,0,0,3,53.3,2,0,Music,https://podbay.fm/,2026-09-22T12:53:35+00:00,
totaljerkface.com,online,F,8.5,Ad-saturated / hostile,271,77,4,0,0,3,61.6,2,2,Gaming,https://totaljerkface.com/,2026-09-13T06:49:25+00:00,
trafficvision.live,online,F,8.5,Ad-saturated / hostile,114,19,4,0,0,3,52.6,2,0,Misc,https://trafficvision.live/,2026-09-21T22:53:03+00:00,
www.brushking.eu,online,F,8.5,Ad-saturated / hostile,62,10,4,0,0,3,54.1,1,0,Storage,https://www.brushking.eu/,2026-09-12T11:45:01+00:00,
www.citefast.com,online,F,8.5,Ad-saturated / hostile,277,66,3,1,0,3,37.2,1,0,Educational,https://www.citefast.com,2026-09-25T18:07:54+00:00,
www.flickle.co,online,F,8.5,Ad-saturated / hostile,233,65,3,1,0,3,46.7,1,0,Gaming,https://www.flickle.co/,2026-09-25T22:52:29+00:00,
www.infoplease.com,online,F,8.5,Ad-saturated / hostile,245,84,4,0,0,3,74.5,2,0,Educational,https://www.infoplease.com/,2026-09-19T21:48:19+00:00,
www.justwatch.com,online,F,8.5,Ad-saturated / hostile,89,11,3,0,0,38,22.9,4,0,Misc Streaming,https://www.justwatch.com/us/on-sale,2026-09-24T18:01:53+00:00,
www.publicdns.xyz,online,F,8.5,Ad-saturated / hostile,97,14,3,1,0,3,36.0,2,0,Storage,https://www.publicdns.xyz/,2026-09-24T12:57:21+00:00,
www.unikey.org,online,F,8.5,Ad-saturated / hostile,41,5,5,1,0,3,73.1,2,2,Non-Eng,https://www.unikey.org/,2026-09-13T12:54:24+00:00,
anime-planet.com,online,F,9.0,Ad-saturated / hostile,83,20,3,1,0,2,36.1,2,0,Reading,https://anime-planet.com/,2026-09-24T06:47:05+00:00,
bfotool.com,online,F,9.0,Ad-saturated / hostile,101,15,3,1,0,2,47.2,2,0,Misc,https://bfotool.com/,2026-09-21T14:36:48+00:00,
dethitiengnhat.com,online,F,9.0,Ad-saturated / hostile,89,16,2,2,0,2,50.0,2,0,Educational,https://dethitiengnhat.com/en/,2026-09-19T16:51:07+00:00,
factoryidle.com,online,F,9.0,Ad-saturated / hostile,43,5,4,2,0,2,37.3,2,0,Gaming,https://factoryidle.com/,2026-09-20T12:42:06+00:00,
freegames.codes,online,F,9.0,Ad-saturated / hostile,70,15,4,0,0,2,86.3,2,0,Misc,https://freegames.codes/,2026-09-20T21:52:34+00:00,
quenq.com,online,F,9.0,Ad-saturated / hostile,54,5,4,2,0,2,37.2,2,0,Gaming,https://quenq.com/,2026-09-20T12:42:06+00:00,
titantv.com,online,F,9.0,Ad-saturated / hostile,1473,121,4,0,0,2,47.7,2,0,Streaming,https://titantv.com/,2026-09-24T18:01:53+00:00,
tuner.ninja,online,F,9.0,Ad-saturated / hostile,234,59,3,1,0,2,69.9,2,0,Music,https://tuner.ninja/,2026-09-22T17:49:43+00:00,
word500.com,online,F,9.0,Ad-saturated / hostile,208,49,2,2,0,2,53.6,2,0,Gaming,https://word500.com/,2026-09-20T07:03:23+00:00,
www.acapella-extractor.com,online,F,9.0,Ad-saturated / hostile,84,11,3,1,0,2,70.2,1,0,Artificial-Intelligence,https://www.acapella-extractor.com/,2026-09-25T06:39:48+00:00,
www.drifted.com,online,F,9.0,Ad-saturated / hostile,139,42,3,1,0,2,41.7,2,0,Gaming,https://www.drifted.com/,2026-09-20T12:42:06+00:00,
www.jornaiserevistas.com,online,F,9.0,Ad-saturated / hostile,61,5,7,0,0,2,62.6,2,0,Non-Eng,https://www.jornaiserevistas.com,2026-09-23T06:43:24+00:00,
www.letsplaysega.com,online,F,9.0,Ad-saturated / hostile,131,18,3,1,0,2,63.8,2,0,Storage,https://www.letsplaysega.com/,2026-09-24T12:57:21+00:00,
www.nukesim.com,online,F,9.0,Ad-saturated / hostile,64,5,5,1,0,2,80.3,1,0,Misc,https://www.nukesim.com/,2026-09-25T22:52:29+00:00,
www.playnesonline.com,online,F,9.0,Ad-saturated / hostile,128,15,3,1,0,2,71.0,2,0,Storage,https://www.playnesonline.com/,2026-09-24T12:57:21+00:00,
www.pngmart.com,online,F,9.0,Ad-saturated / hostile,131,9,8,0,0,0,11.9,1,0,Storage,https://www.pngmart.com/,2026-09-28T07:40:47+00:00,
www.resetera.com,online,F,9.0,Ad-saturated / hostile,284,58,3,1,0,2,69.8,2,0,Misc,https://www.resetera.com/,2026-09-21T22:53:03+00:00,
audiotoolset.com,online,F,9.5,Ad-saturated / hostile,154,62,4,0,0,1,51.3,1,0,Music,https://audiotoolset.com/,2026-09-27T07:08:34+00:00,
freecoursesite.com,online,F,9.5,Ad-saturated / hostile,50,5,9,0,0,1,71.4,2,0,Educational,https://freecoursesite.com/,2026-08-19T14:24:21+00:00,
ichigos.com,online,F,9.5,Ad-saturated / hostile,66,9,3,1,0,1,83.1,2,0,Storage,https://ichigos.com/,2026-09-24T12:57:21+00:00,
spanishchecker.com,online,F,9.5,Ad-saturated / hostile,446,74,4,0,0,1,84.1,2,0,Educational,https://spanishchecker.com/,2026-09-19T16:51:07+00:00,
weibomiaopai.com,online,F,9.5,Ad-saturated / hostile,64,3,6,1,0,3,36.9,1,0,Non-Eng,https://weibomiaopai.com/online-video-downloader/tencent,2026-09-27T07:08:34+00:00,
wintrchess.com,online,F,9.5,Ad-saturated / hostile,51,9,3,1,0,1,82.1,2,0,Educational,https://wintrchess.com/,2026-09-19T12:07:10+00:00,
www.addictinggames.com,online,F,9.5,Ad-saturated / hostile,445,100,4,0,0,1,45.3,2,0,Gaming,https://www.addictinggames.com/,2026-09-20T12:42:06+00:00,
www.bestoldgames.net,online,F,9.5,Ad-saturated / hostile,82,5,7,0,0,1,45.5,1,0,Gaming,https://www.bestoldgames.net/,2026-09-25T18:07:54+00:00,
www.mangaz.com,online,F,9.5,Ad-saturated / hostile,88,23,4,0,0,1,31.6,2,0,Non-Eng,https://www.mangaz.com/,2026-09-23T06:43:24+00:00,
xmplaylist.com,online,F,9.5,Ad-saturated / hostile,88,10,3,1,0,1,35.2,2,0,Music,https://xmplaylist.com/,2026-09-22T12:53:35+00:00,
www.tomshardware.com,online,F,9.6,Ad-saturated / hostile,387,86,5,0,0,6,14.8,2,1,Misc,https://www.tomshardware.com/,2026-09-13T17:06:33+00:00,
alternativeto.net,online,F,10.0,Ad-saturated / hostile,69,10,4,0,0,0,33.9,4,2,Downloading Misc,https://alternativeto.net/,2026-09-12T16:31:29+00:00,
audionautix.com,online,F,10.0,Ad-saturated / hostile,91,12,5,1,0,3,7.1,2,0,Music,https://audionautix.com/,2026-09-22T06:49:41+00:00,
bechdeltest.com,online,F,10.0,Ad-saturated / hostile,49,5,7,0,0,0,36.8,2,0,Streaming,https://bechdeltest.com/,2026-09-25T06:39:48+00:00,
freegen.app,online,F,10.0,Ad-saturated / hostile,1327,86,3,1,0,0,53.2,1,0,Artificial-Intelligence,https://freegen.app/,2026-09-25T06:39:48+00:00,
squirdle.fireblend.com,online,F,10.0,Ad-saturated / hostile,127,44,4,0,0,0,40.5,1,0,Gaming,https://squirdle.fireblend.com/,2026-09-25T22:52:29+00:00,
survev.io,online,F,10.0,Ad-saturated / hostile,52,23,6,0,0,0,10.0,2,0,Gaming,https://survev.io/,2026-09-20T12:42:06+00:00,
www.classicrockhistory.com,online,F,10.0,Ad-saturated / hostile,1023,100,3,1,0,0,56.2,2,0,Music,https://www.classicrockhistory.com/classic-rock-bands-list-and-directory/,2026-09-22T17:49:43+00:00,
www.movie-locations.com,online,F,10.0,Ad-saturated / hostile,113,38,5,0,0,3,17.1,2,0,Streaming,https://www.movie-locations.com/,2026-09-25T06:39:48+00:00,
www.softwareok.com,online,F,10.0,Ad-saturated / hostile,60,10,3,1,0,0,76.9,2,0,Downloading,https://www.softwareok.com/,2026-09-18T17:16:20+00:00,
www.statscrop.com,online,F,10.0,Ad-saturated / hostile,51,6,4,1,0,4,78.1,1,0,Misc,https://www.statscrop.com/websites/top-sites/,2026-09-25T22:52:29+00:00,
pitchfork.com,online,F,10.2,Ad-saturated / hostile,140,40,7,0,0,6,3.6,2,0,Music,https://pitchfork.com/,2026-09-22T17:49:43+00:00,
theonion.com,online,F,10.4,Ad-saturated / hostile,88,25,5,0,0,6,13.2,2,2,Misc,https://theonion.com/,2026-09-13T06:49:25+00:00,
temporary-phone-number.com,online,F,10.5,Ad-saturated / hostile,39,6,5,0,0,3,71.8,1,0,Storage,https://temporary-phone-number.com/,2026-09-28T07:40:47+00:00,
www.opensourcefeed.org,online,F,10.5,Ad-saturated / hostile,42,5,5,0,0,9,63.5,2,0,Linux,https://www.opensourcefeed.org/,2026-09-20T17:01:41+00:00,
www.sordum.org,online,F,10.5,Ad-saturated / hostile,86,4,10,0,0,5,62.3,2,0,Adblock,https://www.sordum.org/7952/dns-jumper-v2-3/,2026-09-18T06:42:10+00:00,
codecpack.co,online,F,11.0,Ad-saturated / hostile,59,3,5,3,0,0,76.4,2,0,Torrenting,https://codecpack.co/download/LIII-BitTorrent-Client.html,2026-09-25T06:39:48+00:00,
freemagazines.top,online,F,11.0,Ad-saturated / hostile,64,8,3,1,0,0,56.7,2,0,Reading,https://freemagazines.top/,2026-09-23T22:29:49+00:00,
pegasus-online.pl,online,F,11.0,Ad-saturated / hostile,46,3,6,1,0,0,45.7,2,0,Storage,https://pegasus-online.pl/en/,2026-09-01T12:45:19+00:00,
www.receivesms.co,online,F,11.0,Ad-saturated / hostile,52,6,5,0,0,2,80.3,1,0,Storage,https://www.receivesms.co/,2026-09-28T07:40:47+00:00,
www.tvmaze.com,online,F,11.2,Ad-saturated / hostile,33,11,9,0,0,0,7.7,2,0,Streaming,https://www.tvmaze.com/,2026-09-24T22:46:15+00:00,
weworkremotely.com,online,F,11.5,Ad-saturated / hostile,52,19,2,0,0,17,31.3,2,0,Misc,https://weworkremotely.com/,2026-09-21T14:36:48+00:00,
www.futureme.org,online,F,11.5,Ad-saturated / hostile,56,13,3,0,0,7,43.5,1,0,Misc,https://www.futureme.org/,2026-09-26T12:31:41+00:00,
www.oldtimeradiodownloads.com,online,F,11.5,Ad-saturated / hostile,30,4,6,0,0,3,41.9,2,0,Music,https://www.oldtimeradiodownloads.com/,2026-09-22T12:53:35+00:00,
www.radio.net,online,F,11.5,Ad-saturated / hostile,192,51,3,0,0,7,66.4,2,0,Music,https://www.radio.net/,2026-09-22T12:53:35+00:00,
www.showeet.com,online,F,11.5,Ad-saturated / hostile,73,4,5,1,0,3,64.5,2,0,Storage,https://www.showeet.com/,2026-09-24T18:01:53+00:00,
myanimelist.net,online,F,11.6,Ad-saturated / hostile,102,19,5,0,0,4,12.8,7,4,Reading Storage Streaming,https://myanimelist.net/,2026-09-12T21:42:32+00:00,
drivenlisten.com,,F,11.9,Ad-saturated / hostile,96,31,3,2,0,2,14.2,2,2,Music,https://drivenlisten.com/,2026-08-13T18:14:19+00:00,
rpgbot.net,online,F,12.0,Ad-saturated / hostile,180,57,2,1,0,6,46.2,1,1,Educational,https://rpgbot.net/,2026-09-13T17:06:33+00:00,
www.freeconvert.com,online,F,12.0,Ad-saturated / hostile,206,70,3,0,0,6,71.6,1,0,Music,https://www.freeconvert.com/audio-converter,2026-09-27T07:08:34+00:00,
www.retrogames.cz,online,F,12.0,Ad-saturated / hostile,49,10,5,0,0,2,14.1,2,0,Gaming,https://www.retrogames.cz/,2026-09-20T07:03:23+00:00,
www.scripts.com,online,F,12.0,Ad-saturated / hostile,39,4,10,0,0,2,65.3,1,0,Streaming,https://www.scripts.com/,2026-08-29T08:22:00+00:00,
www.simplyscripts.com,online,F,12.0,Ad-saturated / hostile,70,10,3,0,0,6,64.6,1,0,Streaming,https://www.simplyscripts.com/,2026-08-29T08:22:00+00:00,
www.amarboi.com,online,F,12.2,Ad-saturated / hostile,61,6,7,1,0,5,4.6,2,0,Non-Eng,https://www.amarboi.com/,2026-09-22T17:49:43+00:00,
forum.lowyat.net,online,F,12.5,Ad-saturated / hostile,202,48,3,0,0,5,36.1,2,0,Non-Eng,https://forum.lowyat.net/,2026-09-23T18:01:31+00:00,
game-game.com,online,F,12.5,Ad-saturated / hostile,72,12,3,0,0,5,47.5,2,0,Gaming,https://game-game.com/,2026-09-20T12:42:06+00:00,
studybullet.com,online,F,12.5,Ad-saturated / hostile,333,4,9,0,0,1,48.3,1,0,Storage,https://studybullet.com/,2026-09-28T16:00:57+00:00,
www.flyordie.com,online,F,12.5,Ad-saturated / hostile,50,15,2,1,0,5,45.2,2,0,Gaming,https://www.flyordie.com/,2026-09-20T07:03:23+00:00,
www.jornaisbrasileiros.net.br,online,F,12.5,Ad-saturated / hostile,66,7,4,0,0,3,35.9,2,0,Non-Eng,https://www.jornaisbrasileiros.net.br,2026-09-23T13:04:02+00:00,
www.nesfiles.com,online,F,12.5,Ad-saturated / hostile,52,4,5,1,0,1,66.7,2,2,Gaming,https://www.nesfiles.com/,2026-09-12T21:42:32+00:00,
www.newscientist.com,online,F,12.5,Ad-saturated / hostile,78,22,3,0,0,5,35.2,2,0,Misc,https://www.newscientist.com/,2026-09-21T07:14:22+00:00,
www.snoweye.com,online,F,12.5,Ad-saturated / hostile,53,7,3,1,0,3,74.4,2,0,Misc,https://www.snoweye.com/,2026-09-21T22:53:03+00:00,
www.warbirdsresourcegroup.org,online,F,12.5,Ad-saturated / hostile,58,7,4,0,0,3,38.0,2,0,Educational,https://www.warbirdsresourcegroup.org/,2026-09-19T06:40:29+00:00,
guruhitech.com,online,F,12.7,Ad-saturated / hostile,33,16,4,0,0,2,22.7,2,0,Non-Eng,https://guruhitech.com/kodi-on-demand-e-rinato-ora-si-chiama-stream4me-kodi/,2026-09-23T06:43:24+00:00,
iskin.tooliphone.net,online,F,12.8,Ad-saturated / hostile,44,6,4,1,0,4,24.5,2,0,Mobile,https://iskin.tooliphone.net/,2026-09-22T06:49:41+00:00,
googlefeud.com,online,F,13.0,Ad-saturated / hostile,259,82,3,0,0,4,53.1,1,0,Gaming,https://googlefeud.com/,2026-09-25T22:52:29+00:00,
guessthe.game,online,F,13.0,Ad-saturated / hostile,1420,118,2,1,0,4,34.8,2,2,Gaming,https://guessthe.game/,2026-09-13T06:49:25+00:00,
linux.org,online,F,13.0,Ad-saturated / hostile,63,7,4,0,0,2,56.6,2,0,Linux,https://linux.org/,2026-09-20T17:01:41+00:00,
proofwiki.org,online,F,13.0,Ad-saturated / hostile,51,7,3,1,0,2,60.8,2,0,Educational,https://proofwiki.org/,2026-09-18T17:16:20+00:00,
store.rg-adguard.net,online,F,13.0,Ad-saturated / hostile,73,10,2,1,0,4,70.6,1,1,Downloading,https://store.rg-adguard.net/,2026-09-13T17:06:33+00:00,
theslideshow.net,online,F,13.0,Ad-saturated / hostile,141,9,2,1,0,4,61.4,2,0,Misc,https://theslideshow.net/,2026-09-21T22:53:03+00:00,
www.bigocheatsheet.com,online,F,13.0,Ad-saturated / hostile,291,55,3,0,0,4,75.0,2,0,Educational,https://www.bigocheatsheet.com/,2026-09-19T16:51:07+00:00,
www.chosic.com,online,F,13.0,Ad-saturated / hostile,182,51,2,1,0,4,57.6,5,1,Music,https://www.chosic.com/,2026-09-13T17:06:33+00:00,
www.drawize.com,online,F,13.0,Ad-saturated / hostile,102,47,3,0,0,4,41.2,1,1,Gaming,https://www.drawize.com/,2026-09-13T21:45:32+00:00,
www.eyewitnesstohistory.com,online,F,13.0,Ad-saturated / hostile,61,17,3,0,0,4,76.3,2,0,Educational,http://www.eyewitnesstohistory.com/index.html,2026-09-19T06:40:29+00:00,
www.plantmaps.com,online,F,13.0,Ad-saturated / hostile,54,4,7,0,0,0,58.2,1,0,Misc,https://www.plantmaps.com/,2026-09-25T22:52:29+00:00,
newfastuff.com,online,F,13.2,Ad-saturated / hostile,60,6,3,2,0,3,24.7,2,0,Educational,https://newfastuff.com/the-trolley-problem-game/,2026-09-19T12:07:10+00:00,
viu.tv,online,F,13.3,Ad-saturated / hostile,21,7,33,0,0,9,2.4,2,0,Non-Eng,https://viu.tv/,2026-09-22T22:28:30+00:00,
calculatecgpa.com,online,F,13.5,Ad-saturated / hostile,1103,101,2,1,0,3,79.1,2,0,Educational,https://calculatecgpa.com,2026-09-19T21:48:19+00:00,
chordbook.com,online,F,13.5,Ad-saturated / hostile,56,5,3,2,0,3,66.9,1,0,Educational,https://chordbook.com/,2026-09-25T13:02:00+00:00,
holybooks.com,online,F,13.5,Ad-saturated / hostile,64,10,2,1,0,3,49.6,2,0,Reading,https://holybooks.com/,2026-08-25T02:47:36+00:00,
seatmaps.com,online,F,13.5,Ad-saturated / hostile,405,79,3,0,0,3,94.7,1,0,Misc,https://seatmaps.com/,2026-09-20T21:52:34+00:00,
sonako.fandom.com,online,F,13.5,Ad-saturated / hostile,107,40,3,0,0,3,38.3,2,0,Non-Eng,https://sonako.fandom.com/vi/wiki/Sonako_Light_Novel,2026-09-23T18:01:31+00:00,
uquiz.com,online,F,13.5,Ad-saturated / hostile,212,68,3,0,0,6,26.9,1,0,Gaming,https://uquiz.com/,2026-09-25T22:52:29+00:00,
www.crackap.com,online,F,13.5,Ad-saturated / hostile,47,9,3,0,0,3,77.0,1,1,Educational,https://www.crackap.com/,2026-09-19T21:48:19+00:00,
www.drawingbooks.org,online,F,13.5,Ad-saturated / hostile,44,9,2,1,0,3,47.2,2,0,Educational,https://www.drawingbooks.org/,2026-09-19T12:07:10+00:00,
www.emuparadise.me,online,F,13.5,Ad-saturated / hostile,193,56,3,0,0,3,39.4,2,0,Gaming,https://www.emuparadise.me/,2026-09-20T07:03:23+00:00,
www.lexipedia.com,online,F,13.5,Ad-saturated / hostile,98,8,3,0,0,5,56.6,2,0,Educational,https://www.lexipedia.com/,2026-09-25T18:07:54+00:00,
www.lyrics.com,online,F,13.5,Ad-saturated / hostile,19,4,7,0,0,2,55.4,1,0,Music,https://www.lyrics.com/,2026-09-27T07:08:34+00:00,
www.smartquantai.com,online,F,13.5,Ad-saturated / hostile,77,11,2,1,0,3,85.9,2,0,Reading,https://www.smartquantai.com/,2026-08-25T02:47:36+00:00,
www.wintools.info,online,F,13.5,Ad-saturated / hostile,17,5,12,0,0,2,47.2,1,0,Downloading,https://www.wintools.info/,2026-09-25T06:39:48+00:00,
acessaber.com.br,online,F,14.0,Ad-saturated / hostile,48,11,2,1,0,2,79.6,2,0,Non-Eng,https://acessaber.com.br,2026-09-23T13:04:02+00:00,
audiotag.info,online,F,14.0,Ad-saturated / hostile,43,9,3,0,0,2,70.7,2,0,Music,https://audiotag.info/,2026-09-22T17:49:43+00:00,
dialed.gg,online,F,14.0,Ad-saturated / hostile,695,89,2,1,0,2,64.8,2,0,Gaming,https://dialed.gg/,2026-09-20T17:01:41+00:00,
grail.moe,online,F,14.0,Ad-saturated / hostile,28,5,5,0,0,2,49.3,2,0,Educational,https://grail.moe/,2026-09-19T21:48:19+00:00,
manybooks.net,online,F,14.0,Ad-saturated / hostile,85,41,4,0,0,7,14.9,2,0,Reading,https://manybooks.net/,2026-09-23T18:01:31+00:00,
stevenaleong.com,online,F,14.0,Ad-saturated / hostile,40,6,3,1,0,6,38.3,2,0,Music,https://stevenaleong.com/tools/spotifyplaylistrandomizer,2026-09-22T12:53:35+00:00,
valuta.exchange,online,F,14.0,Ad-saturated / hostile,172,19,2,1,0,2,74.2,2,0,Misc,https://valuta.exchange/,2026-09-21T14:36:48+00:00,
vexle.org,online,F,14.0,Ad-saturated / hostile,119,53,3,0,0,2,38.1,2,0,Educational,https://vexle.org/,2026-09-19T12:07:10+00:00,
www.ewordchallenge.net,online,F,14.0,Ad-saturated / hostile,86,40,2,1,0,2,48.8,2,0,Gaming,https://www.ewordchallenge.net/,2026-09-20T07:03:23+00:00,
www.morewords.com,online,F,14.0,Ad-saturated / hostile,1135,108,3,0,0,2,73.1,1,1,Gaming,https://www.morewords.com/,2026-09-13T21:45:32+00:00,
www.moviemistakes.com,online,F,14.0,Ad-saturated / hostile,183,61,3,0,0,2,60.0,4,0,Misc Streaming,https://www.moviemistakes.com/,2026-09-18T06:42:10+00:00,
www.myshiptracking.com,online,F,14.0,Ad-saturated / hostile,58,13,3,0,0,2,33.7,1,0,Misc,https://www.myshiptracking.com/,2026-09-25T22:52:29+00:00,
www.releases.com,online,F,14.0,Ad-saturated / hostile,210,73,3,0,0,2,71.6,2,0,Streaming,https://www.releases.com/,2026-09-24T22:46:15+00:00,
www.roadsideamerica.com,online,F,14.0,Ad-saturated / hostile,103,13,2,1,0,2,55.0,2,0,Misc,https://www.roadsideamerica.com/,2026-09-20T21:52:34+00:00,
www.rxlist.com,online,F,14.0,Ad-saturated / hostile,165,40,3,0,0,2,84.2,1,0,Misc,https://www.rxlist.com/,2026-09-25T22:52:29+00:00,
www.server-world.info,online,F,14.0,Ad-saturated / hostile,30,12,3,0,0,2,62.3,2,0,Linux,https://www.server-world.info/en/,2026-09-20T17:01:41+00:00,
www.simublast.com,online,F,14.0,Ad-saturated / hostile,273,72,3,0,0,2,76.1,1,0,Gaming,https://www.simublast.com/,2026-09-25T22:52:29+00:00,
www.softpedia.com,online,F,14.0,Ad-saturated / hostile,52,15,3,0,0,2,45.0,2,0,Downloading,https://www.softpedia.com/,2026-09-18T17:16:20+00:00,
www.szynalski.com,online,F,14.0,Ad-saturated / hostile,52,12,3,0,0,2,64.0,1,0,Music,https://www.szynalski.com/tone-generator/,2026-09-27T07:08:34+00:00,
www.taleem360.com,online,F,14.0,Ad-saturated / hostile,37,5,5,0,0,2,57.6,2,0,Reading,https://www.taleem360.com/,2026-09-23T22:29:49+00:00,
classicgamezone.com,online,F,14.5,Ad-saturated / hostile,79,15,2,1,0,1,76.6,2,0,Storage,https://classicgamezone.com/,2026-09-24T12:57:21+00:00,
instant.audio,online,F,14.5,Ad-saturated / hostile,66,8,3,0,0,3,59.1,2,0,Music,https://instant.audio/,2026-09-22T12:53:35+00:00,
matchsimulator.com,online,F,14.5,Ad-saturated / hostile,189,64,2,1,0,1,87.4,4,0,Gaming Misc,https://matchsimulator.com/,2026-09-17T22:29:32+00:00,
tvcharts.co,online,F,14.5,Ad-saturated / hostile,427,108,3,0,0,1,42.8,1,1,Streaming,https://tvcharts.co/,2026-09-17T22:29:32+00:00,
watchdocumentaries.com,online,F,14.5,Ad-saturated / hostile,445,88,3,0,0,1,55.7,2,0,Educational,https://watchdocumentaries.com/,2026-08-19T14:24:21+00:00,
www.17track.net,online,F,14.5,Ad-saturated / hostile,448,87,2,0,0,11,63.7,2,0,Misc,https://www.17track.net/en,2026-09-21T14:36:48+00:00,
www.gsmchoice.com,online,F,14.5,Ad-saturated / hostile,45,21,3,0,0,1,58.8,1,1,Misc,https://www.gsmchoice.com/en/,2026-09-17T17:47:40+00:00,
www.imfdb.org,online,F,14.5,Ad-saturated / hostile,87,24,3,0,0,1,88.1,2,0,Streaming,https://www.imfdb.org/,2026-09-25T06:39:48+00:00,
www.jagoanssh.com,online,F,14.5,Ad-saturated / hostile,21,3,6,0,0,3,61.7,2,0,Storage,https://www.jagoanssh.com/,2026-09-24T12:57:21+00:00,
www.medievalists.net,online,F,14.5,Ad-saturated / hostile,163,43,2,1,0,1,35.0,2,0,Misc,https://www.medievalists.net/category/news/,2026-09-21T07:14:22+00:00,
www.mylifeelsewhere.com,online,F,14.5,Ad-saturated / hostile,160,46,2,1,0,1,47.0,1,0,Educational,https://www.mylifeelsewhere.com/,2026-09-25T13:02:00+00:00,
www.photoshoptutorials.ws,online,F,14.5,Ad-saturated / hostile,71,10,2,1,0,1,42.7,2,0,Educational,https://www.photoshoptutorials.ws/,2026-09-19T12:07:10+00:00,
www.puzzle-loop.com,online,F,14.5,Ad-saturated / hostile,241,68,3,0,0,1,65.9,2,0,Gaming,https://www.puzzle-loop.com/,2026-09-20T07:03:23+00:00,
www.sparkchess.com,online,F,14.5,Ad-saturated / hostile,460,86,3,0,0,1,65.0,2,0,Gaming,https://www.sparkchess.com/,2026-09-20T07:03:23+00:00,
www.umlet.com,online,F,14.5,Ad-saturated / hostile,64,8,3,0,0,3,41.1,2,0,Storage,https://www.umlet.com/,2026-09-24T12:57:21+00:00,
www.verbix.com,online,F,14.5,Ad-saturated / hostile,78,5,4,1,0,1,65.4,2,0,Educational,https://www.verbix.com/,2026-09-19T12:07:10+00:00,
darksitefinder.com,online,F,14.7,Ad-saturated / hostile,45,8,3,1,0,1,21.6,2,0,Educational,https://darksitefinder.com/,2026-09-19T06:40:29+00:00,
theonestopradio.com,online,F,14.8,Ad-saturated / hostile,121,18,2,2,0,5,15.4,1,0,Music,https://theonestopradio.com/,2026-09-27T07:08:34+00:00,
bloob.io,online,F,15.0,Ad-saturated / hostile,38,17,3,0,0,0,55.9,2,0,Gaming,https://bloob.io/,2026-09-20T12:42:06+00:00,
chess-results.com,online,F,15.0,Ad-saturated / hostile,85,38,3,0,0,0,33.0,2,0,Educational,https://chess-results.com/,2026-09-19T12:07:10+00:00,
comparesizes.com,online,F,15.0,Ad-saturated / hostile,82,10,3,0,0,0,90.7,2,0,Misc,https://comparesizes.com/,2026-09-21T14:36:48+00:00,
kpop.fandom.com,online,F,15.0,Ad-saturated / hostile,596,115,3,0,0,0,55.9,1,0,Music,https://kpop.fandom.com/wiki/,2026-09-27T07:08:34+00:00,
muds.fandom.com,online,F,15.0,Ad-saturated / hostile,514,118,3,0,0,0,38.8,2,0,Gaming,https://muds.fandom.com/wiki/,2026-09-20T12:42:06+00:00,
planetcalc.com,online,F,15.0,Ad-saturated / hostile,482,100,2,1,0,0,76.7,2,0,Educational,https://planetcalc.com/,2026-09-19T21:48:19+00:00,
rachacuca.com.br,online,F,15.0,Ad-saturated / hostile,571,90,4,0,0,5,15.1,2,0,Non-Eng,https://rachacuca.com.br,2026-09-23T06:43:24+00:00,
radiopaedia.org,online,F,15.0,Ad-saturated / hostile,153,51,3,0,0,0,32.7,2,2,Educational,https://radiopaedia.org/,2026-09-12T21:42:32+00:00,
seriesgraph.com,online,F,15.0,Ad-saturated / hostile,171,51,3,1,0,1,19.0,2,2,Streaming,https://seriesgraph.com/,2026-09-13T12:54:24+00:00,
www.dvdsreleasedates.com,online,F,15.0,Ad-saturated / hostile,697,91,3,0,0,0,51.8,1,0,Streaming,https://www.dvdsreleasedates.com/,2026-08-29T08:22:00+00:00,
www.esolcourses.com,online,F,15.0,Ad-saturated / hostile,57,8,3,0,0,2,46.0,2,0,Educational,https://www.esolcourses.com/,2026-09-19T12:07:10+00:00,
www.everydayhealth.com,online,F,15.0,Ad-saturated / hostile,77,37,2,1,0,2,28.0,1,0,Misc,https://www.everydayhealth.com/,2026-09-25T22:52:29+00:00,
www.ipvoid.com,online,F,15.0,Ad-saturated / hostile,69,9,2,1,0,0,71.9,2,0,Misc,https://www.ipvoid.com/,2026-09-21T14:36:48+00:00,
www.storytrain.info,online,F,15.0,Ad-saturated / hostile,33,8,3,0,0,2,81.8,1,0,Storage,https://www.storytrain.info/,2026-09-28T07:40:47+00:00,
www.thistothat.com,online,F,15.0,Ad-saturated / hostile,153,10,2,1,0,0,57.3,2,0,Misc,https://www.thistothat.com/,2026-09-21T14:36:48+00:00,
zoo.sandiegozoo.org,online,F,15.0,Ad-saturated / hostile,28,10,1,0,0,20,37.9,2,2,Misc,https://zoo.sandiegozoo.org/live-cameras,2026-09-13T06:49:25+00:00,
www.elllo.org,online,F,15.1,Ad-saturated / hostile,48,4,7,1,0,0,15.8,2,0,Educational,https://www.elllo.org/,2026-09-19T16:51:07+00:00,
thespinnerwheel.com,online,F,15.2,Ad-saturated / hostile,29,4,4,2,0,2,23.6,1,0,Misc,https://thespinnerwheel.com/,2026-09-26T12:31:41+00:00,
betaprofiles.com,online,F,15.4,Ad-saturated / hostile,56,4,6,1,0,2,13.2,2,0,Linux,https://betaprofiles.com/,2026-09-20T17:01:41+00:00,
openguessr.com,online,F,15.4,Ad-saturated / hostile,46,30,2,2,0,2,17.2,2,0,Gaming,https://openguessr.com/,2026-09-20T17:01:41+00:00,
amazingribs.com,online,F,15.5,Ad-saturated / hostile,133,55,1,1,0,9,77.2,2,0,Misc,https://amazingribs.com/,2026-09-20T21:52:34+00:00,
bengaliebook.com,online,F,15.5,Ad-saturated / hostile,29,3,8,0,0,1,36.0,2,0,Non-Eng,https://bengaliebook.com/,2026-09-22T17:49:43+00:00,
coursesbag.com,online,F,15.5,Ad-saturated / hostile,49,6,3,1,0,3,59.1,1,0,Storage,https://coursesbag.com/,2026-09-05T11:24:22+00:00,
freetts.com,online,F,15.5,Ad-saturated / hostile,81,8,2,1,0,1,76.3,2,0,Artificial-Intelligence,https://freetts.com/,2026-09-18T17:16:20+00:00,
gamebanana.com,online,F,15.5,Ad-saturated / hostile,1273,120,1,0,0,19,97.3,3,0,Gaming,https://gamebanana.com/mods/games/6878,2026-09-18T12:26:05+00:00,
gamepuma.com,online,F,15.5,Ad-saturated / hostile,50,8,2,1,0,1,56.7,2,0,Gaming,https://gamepuma.com/,2026-09-20T12:42:06+00:00,
proxyium.com,online,F,15.5,Ad-saturated / hostile,63,8,3,0,0,1,48.5,2,0,Adblock,https://proxyium.com/,2026-09-18T12:26:05+00:00,
www.androidtv-guide.com,online,F,15.5,Ad-saturated / hostile,48,8,3,0,0,1,61.9,2,0,Streaming,https://www.androidtv-guide.com/,2026-09-24T22:46:15+00:00,
www.free-sms-receive.com,online,F,15.5,Ad-saturated / hostile,54,6,4,0,0,3,71.4,1,0,Storage,https://www.free-sms-receive.com/,2026-09-28T07:40:47+00:00,
www.mathportal.org,online,F,15.5,Ad-saturated / hostile,73,6,3,1,0,3,81.0,1,0,Educational,https://www.mathportal.org/,2026-08-26T02:55:42+00:00,
www.quodb.com,online,F,15.5,Ad-saturated / hostile,181,47,4,0,0,3,15.9,1,0,Streaming,https://www.quodb.com/,2026-08-29T08:22:00+00:00,
dynamicwallpaper.club,online,F,15.7,Ad-saturated / hostile,631,78,4,0,0,2,16.7,2,0,Linux,https://dynamicwallpaper.club/,2026-09-20T21:52:34+00:00,
royalroad.com,online,F,15.7,Ad-saturated / hostile,194,47,4,0,0,1,17.6,2,0,Reading,https://royalroad.com/,2026-09-23T22:29:49+00:00,
airportwebcams.net,online,F,16.0,Ad-saturated / hostile,69,3,8,0,0,0,70.7,2,0,Misc,https://airportwebcams.net/,2026-09-21T22:53:03+00:00,
datavizcatalogue.com,online,F,16.0,Ad-saturated / hostile,325,76,2,0,0,8,77.1,2,2,Storage,https://datavizcatalogue.com/,2026-09-13T12:54:24+00:00,
freebiesglobal.com,online,F,16.0,Ad-saturated / hostile,27,6,3,1,0,2,38.6,1,0,Storage,https://freebiesglobal.com/,2026-09-28T16:00:57+00:00,
isstracker.pl,online,F,16.0,Ad-saturated / hostile,786,90,2,0,0,8,48.8,1,0,Educational,https://isstracker.pl/en,2026-09-25T13:02:00+00:00,
whereyouwatch.com,online,F,16.0,Ad-saturated / hostile,58,6,4,0,0,2,40.4,2,2,Streaming,https://whereyouwatch.com/latest-reports/,2026-09-13T12:54:24+00:00,
www.cruisemapper.com,online,F,16.0,Ad-saturated / hostile,177,51,3,0,0,5,23.0,1,0,Misc,https://www.cruisemapper.com/,2026-09-25T22:52:29+00:00,
www.documentarystorm.com,online,F,16.0,Ad-saturated / hostile,98,14,2,1,0,2,26.0,2,0,Educational,https://www.documentarystorm.com/,2026-09-18T17:16:20+00:00,
www.examcompass.com,online,F,16.0,Ad-saturated / hostile,65,9,2,0,0,8,42.6,1,0,Misc,https://www.examcompass.com/,2026-09-26T12:31:41+00:00,
www.majorgeeks.com,online,F,16.0,Ad-saturated / hostile,69,14,1,1,0,8,55.7,2,0,Downloading,https://www.majorgeeks.com/,2026-09-18T17:16:20+00:00,
www.mobileread.com,online,F,16.0,Ad-saturated / hostile,34,3,6,0,0,0,71.0,1,0,Reading,https://www.mobileread.com/,2026-09-27T17:58:51+00:00,
www.splung.com,online,F,16.0,Ad-saturated / hostile,107,6,4,0,0,2,61.4,1,1,Educational,https://www.splung.com/,2026-09-13T17:06:33+00:00,
signacademy.org,online,F,16.2,Ad-saturated / hostile,44,5,5,2,0,1,6.5,1,1,Educational,https://signacademy.org/,2026-09-13T17:06:33+00:00,
www.mrqe.com,online,F,16.2,Ad-saturated / hostile,188,63,5,0,0,3,4.5,2,0,Streaming,https://www.mrqe.com/,2026-09-24T22:46:15+00:00,
svgstack.com,online,F,16.3,Ad-saturated / hostile,29,6,5,0,0,2,19.3,1,0,Storage,https://svgstack.com/,2026-08-29T17:26:18+00:00,
www.bbc.co.uk,online,F,16.3,Ad-saturated / hostile,83,28,4,0,0,0,17.4,10,3,Educational Music Streaming,https://www.bbc.co.uk/sounds,2026-09-12T16:31:29+00:00,
ar.mo3jam.com,online,F,16.5,Ad-saturated / hostile,21,4,5,0,0,3,78.8,2,0,Non-Eng,https://ar.mo3jam.com,2026-09-22T17:49:43+00:00,
forum.wordreference.com,online,F,16.5,Ad-saturated / hostile,152,48,2,0,0,7,76.6,1,0,Educational,https://forum.wordreference.com/threads/japanese-resources-%E2%80%94-constantly-updated.787986/,2026-09-25T13:02:00+00:00,
nerdlegame.com,online,F,16.5,Ad-saturated / hostile,513,94,2,0,0,7,50.3,2,0,Gaming,https://nerdlegame.com/,2026-09-20T17:01:41+00:00,
paperpanda.app,online,F,16.5,Ad-saturated / hostile,53,6,3,1,0,1,79.7,2,0,Reading,https://paperpanda.app/,2026-09-24T06:47:05+00:00,
thenonstopradio.com,online,F,16.5,Ad-saturated / hostile,50,6,4,0,0,1,44.9,2,0,Music,https://thenonstopradio.com/,2026-09-22T12:53:35+00:00,
www.brusheezy.com,online,F,16.5,Ad-saturated / hostile,473,85,2,0,0,7,39.0,1,0,Storage,https://www.brusheezy.com/brushes,2026-09-28T07:40:47+00:00,
www.freekoreanfont.com,online,F,16.5,Ad-saturated / hostile,55,4,5,0,0,3,63.2,2,0,Non-Eng,https://www.freekoreanfont.com/,2026-09-23T06:43:24+00:00,
everymac.com,online,F,17.0,Ad-saturated / hostile,97,15,2,0,0,6,80.6,2,0,Misc,https://everymac.com/,2026-09-21T14:36:48+00:00,
one.sigmally.com,online,F,17.0,Ad-saturated / hostile,51,7,3,0,0,4,49.0,2,0,Gaming,https://one.sigmally.com/,2026-09-20T12:42:06+00:00,
publicdomainmovie.net,online,F,17.0,Ad-saturated / hostile,61,4,4,1,0,2,63.1,1,0,Streaming,https://publicdomainmovie.net/,2026-09-28T16:00:57+00:00,
www.placestopostyourstartup.com,online,F,17.0,Ad-saturated / hostile,38,4,4,1,0,2,82.6,1,0,Misc,https://www.placestopostyourstartup.com/,2026-09-26T12:31:41+00:00,
www.receive-sms-online.info,online,F,17.0,Ad-saturated / hostile,49,4,4,1,0,2,80.0,2,2,Storage,https://www.receive-sms-online.info/,2026-09-13T12:54:24+00:00,
www.retrogames.cc,online,F,17.0,Ad-saturated / hostile,52,16,2,0,0,6,46.5,2,0,Storage,https://www.retrogames.cc/,2026-09-24T12:57:21+00:00,
yourcountdown.to,online,F,17.0,Ad-saturated / hostile,51,7,3,0,0,4,34.7,2,2,Streaming,https://yourcountdown.to/,2026-09-13T12:54:24+00:00,
freemusicarchive.org,online,F,17.3,Ad-saturated / hostile,177,57,3,0,0,3,22.3,3,0,Music,https://freemusicarchive.org/,2026-09-18T12:26:05+00:00,
learnopengl.com,online,F,17.5,Ad-saturated / hostile,136,56,2,0,0,5,37.4,2,0,Educational,https://learnopengl.com/,2026-09-19T16:51:07+00:00,
www.wunderground.com,online,F,17.9,Ad-saturated / hostile,29,22,3,1,0,3,11.2,1,1,Misc,https://www.wunderground.com/wundermap,2026-09-13T21:45:32+00:00,
en.everybodywiki.com,online,F,18.0,Ad-saturated / hostile,34,5,4,0,0,4,47.1,2,0,Educational,https://en.everybodywiki.com/,2026-09-06T06:32:48+00:00,
fraze.it,online,F,18.0,Ad-saturated / hostile,59,11,2,0,0,4,47.3,2,0,Educational,https://fraze.it/,2026-09-19T21:48:19+00:00,
heyvr.io,online,F,18.0,Ad-saturated / hostile,63,34,2,0,0,4,50.0,4,0,Gaming,https://heyvr.io/,2026-09-17T22:29:32+00:00,
mobile.alphacoders.com,online,F,18.0,Ad-saturated / hostile,70,24,3,0,0,2,22.0,2,2,Mobile,https://mobile.alphacoders.com/,2026-09-13T06:49:25+00:00,
player1.eu,online,F,18.0,Ad-saturated / hostile,80,11,2,0,0,4,65.2,2,0,Gaming,https://player1.eu/,2026-09-20T07:03:23+00:00,
poets.org,online,F,18.0,Ad-saturated / hostile,23,6,3,0,0,8,31.2,2,0,Reading,https://poets.org/,2026-09-24T06:47:05+00:00,
slang.net,online,F,18.0,Ad-saturated / hostile,41,13,1,1,0,4,63.7,1,1,Educational,https://slang.net/,2026-09-13T21:45:32+00:00,
sonic3air.boards.net,online,F,18.0,Ad-saturated / hostile,103,45,2,0,0,4,34.8,1,0,Gaming,https://sonic3air.boards.net/board/6/mod-releases,2026-09-25T18:07:54+00:00,
spinthewheel.io,online,F,18.0,Ad-saturated / hostile,73,33,2,0,0,4,49.1,1,0,Misc,https://spinthewheel.io/,2026-09-26T12:31:41+00:00,
www.gonvisor.com,online,F,18.0,Ad-saturated / hostile,85,7,2,1,0,2,40.0,1,0,Reading,https://www.gonvisor.com/,2026-09-27T17:58:51+00:00,
www.instantstreetview.com,online,F,18.0,Ad-saturated / hostile,241,74,2,0,0,4,36.3,2,0,Misc,https://www.instantstreetview.com/,2026-09-21T07:14:22+00:00,
www.learnoutloud.com,online,F,18.0,Ad-saturated / hostile,47,5,3,1,0,4,80.9,2,0,Reading,https://www.learnoutloud.com/Free-Audiobooks,2026-09-17T22:29:32+00:00,
www.mapcrunch.com,online,F,18.0,Ad-saturated / hostile,123,46,2,0,0,4,30.6,2,0,Misc,https://www.mapcrunch.com/,2026-09-21T07:14:22+00:00,
www.ranker.com,online,F,18.0,Ad-saturated / hostile,128,57,1,1,0,4,81.3,2,2,Misc,https://www.ranker.com/,2026-09-13T06:49:25+00:00,
www.rottentomatoes.com,online,F,18.2,Ad-saturated / hostile,24,12,5,0,0,0,3.7,2,0,Streaming,https://www.rottentomatoes.com/,2026-09-24T22:46:15+00:00,
www.royalroad.com,online,F,18.2,Ad-saturated / hostile,45,22,4,0,0,1,12.6,2,0,Reading,https://www.royalroad.com/,2026-09-23T22:29:49+00:00,
bitmidi.com,online,F,18.5,Ad-saturated / hostile,25,11,2,0,0,3,66.6,2,0,Music,https://bitmidi.com/,2026-09-22T17:49:43+00:00,
en.kiosko.net,online,F,18.5,Ad-saturated / hostile,45,14,2,0,0,3,66.1,2,0,Reading,https://en.kiosko.net/,2026-09-08T06:32:35+00:00,
lightpollutionmap.info,online,F,18.5,Ad-saturated / hostile,559,88,2,0,0,3,31.8,2,0,Educational,https://lightpollutionmap.info/,2026-09-21T07:14:22+00:00,
myfridgefood.com,online,F,18.5,Ad-saturated / hostile,686,94,2,0,0,3,36.4,2,0,Misc,https://myfridgefood.com/,2026-09-20T21:52:34+00:00,
www.dosgamesarchive.com,online,F,18.5,Ad-saturated / hostile,41,5,4,0,0,3,62.5,2,0,Gaming,https://www.dosgamesarchive.com/,2026-09-20T07:03:23+00:00,
www.e-radio.gr,online,F,18.5,Ad-saturated / hostile,165,47,2,0,0,3,42.7,1,0,Non-Eng,https://www.e-radio.gr/,2026-09-27T17:58:51+00:00,
www.encyclopedia.com,online,F,18.5,Ad-saturated / hostile,72,41,1,1,0,3,43.5,2,0,Educational,https://www.encyclopedia.com/,2026-09-19T21:48:19+00:00,
www.freecycle.org,online,F,18.5,Ad-saturated / hostile,477,85,2,0,0,3,58.6,2,0,Misc,https://www.freecycle.org/,2026-09-20T21:52:34+00:00,
www.hexar.io,online,F,18.5,Ad-saturated / hostile,47,9,2,0,0,3,30.1,2,0,Gaming,https://www.hexar.io/,2026-09-20T12:42:06+00:00,
www.proxynova.com,online,F,18.5,Ad-saturated / hostile,46,7,2,1,0,1,74.7,1,0,Storage,https://www.proxynova.com/proxy-server-list,2026-09-28T07:40:47+00:00,
www.radio-polska.pl,online,F,18.5,Ad-saturated / hostile,222,61,2,0,0,3,56.8,2,0,Non-Eng,https://www.radio-polska.pl/,2026-09-23T06:43:24+00:00,
www.refdesk.com,online,F,18.5,Ad-saturated / hostile,189,52,2,0,0,3,75.3,2,0,Educational,https://www.refdesk.com/factency.html,2026-09-19T21:48:19+00:00,
www.seat61.com,online,F,18.5,Ad-saturated / hostile,194,66,1,1,0,3,92.1,2,0,Misc,https://www.seat61.com/,2026-09-20T21:52:34+00:00,
www.spanishdict.com,online,F,18.5,Ad-saturated / hostile,256,80,2,0,0,3,62.9,2,2,Educational,https://www.spanishdict.com/,2026-09-12T21:42:32+00:00,
www.stilltasty.com,online,F,18.5,Ad-saturated / hostile,469,94,2,0,0,3,71.2,2,2,Misc,https://www.stilltasty.com/,2026-09-13T06:49:25+00:00,
www.techspot.com,online,F,18.5,Ad-saturated / hostile,221,74,1,1,0,3,35.4,2,0,Adblock,https://www.techspot.com/article/2752-all-google-alternatives/,2026-08-19T02:47:14+00:00,
www.classic-rock-covers.com,online,F,18.6,Ad-saturated / hostile,46,7,4,0,0,8,12.8,2,0,Music,https://www.classic-rock-covers.com/,2026-09-22T17:49:43+00:00,
frightfind.com,online,F,18.8,Ad-saturated / hostile,46,6,4,0,0,8,18.3,2,0,Misc,https://frightfind.com/,2026-09-20T21:52:34+00:00,
dokustreams.de,online,F,19.0,Ad-saturated / hostile,22,2,7,0,0,0,57.7,2,0,Non-Eng,https://dokustreams.de/,2026-09-22T22:28:30+00:00,
ebook.online-convert.com,online,F,19.0,Ad-saturated / hostile,33,10,2,0,0,2,56.5,1,0,Reading,https://ebook.online-convert.com/,2026-09-24T06:47:05+00:00,
episodehive.com,online,F,19.0,Ad-saturated / hostile,124,47,1,1,0,2,49.8,1,1,Streaming,https://episodehive.com/,2026-09-17T22:29:32+00:00,
eurojobs.com,online,F,19.0,Ad-saturated / hostile,20,2,8,0,0,0,56.3,1,0,Misc,https://eurojobs.com/,2026-09-26T12:31:41+00:00,
forums.sufficientvelocity.com,online,F,19.0,Ad-saturated / hostile,60,19,2,0,0,2,47.0,2,2,Misc,https://forums.sufficientvelocity.com/,2026-09-13T06:49:25+00:00,
freefullpdf.com,online,F,19.0,Ad-saturated / hostile,37,9,1,1,0,2,59.0,2,0,Reading,https://freefullpdf.com/,2026-09-24T06:47:05+00:00,
hasitleaked.com,online,F,19.0,Ad-saturated / hostile,49,9,2,0,0,2,35.5,2,0,Music,https://hasitleaked.com/,2026-09-22T17:49:43+00:00,
himalayas.app,online,F,19.0,Ad-saturated / hostile,46,11,1,1,0,2,88.6,2,0,Misc,https://himalayas.app/,2026-09-21T14:36:48+00:00,
mackie100projects.altervista.org,online,F,19.0,Ad-saturated / hostile,20,11,2,0,0,2,44.6,3,0,Linux,https://mackie100projects.altervista.org/,2026-09-18T12:26:05+00:00,
onlinesequencer.net,online,F,19.0,Ad-saturated / hostile,166,66,2,0,0,2,37.0,1,0,Music,https://onlinesequencer.net/,2026-09-27T07:08:34+00:00,
openfront.io,online,F,19.0,Ad-saturated / hostile,145,65,2,0,0,2,53.4,2,2,Gaming,https://openfront.io/,2026-09-13T06:49:25+00:00,
randomstreetview.com,online,F,19.0,Ad-saturated / hostile,107,52,2,0,0,2,32.0,1,0,Misc,https://randomstreetview.com/,2026-09-25T22:52:29+00:00,
spinthewheel.net,online,F,19.0,Ad-saturated / hostile,44,4,4,0,0,8,38.2,1,0,Misc,https://spinthewheel.net/,2026-09-26T12:31:41+00:00,
studyspanish.com,online,F,19.0,Ad-saturated / hostile,100,39,2,0,0,2,39.7,2,2,Educational,https://studyspanish.com/,2026-09-12T21:42:32+00:00,
tiz-cycling.tv,online,F,19.0,Ad-saturated / hostile,201,45,4,0,0,3,9.1,2,0,Streaming,https://tiz-cycling.tv/,2026-09-24T18:01:53+00:00,
updatefaker.com,online,F,19.0,Ad-saturated / hostile,42,5,4,0,0,2,71.0,2,0,Misc,https://updatefaker.com/,2026-09-22T06:49:41+00:00,
www.chronophoto.app,online,F,19.0,Ad-saturated / hostile,172,56,2,0,0,2,48.4,1,0,Gaming,https://www.chronophoto.app/,2026-09-25T22:52:29+00:00,
www.healio.com,online,F,19.0,Ad-saturated / hostile,125,29,2,0,0,2,59.1,1,0,Educational,https://www.healio.com/cardiology/learn-the-heart/ecg-review,2026-09-19T06:40:29+00:00,
www.kittenwar.com,online,F,19.0,Ad-saturated / hostile,58,11,2,0,0,2,82.8,2,0,Misc,https://www.kittenwar.com/,2026-09-21T22:53:03+00:00,
www.netweather.tv,online,F,19.0,Ad-saturated / hostile,193,58,2,0,0,2,41.0,2,0,Misc,https://www.netweather.tv/charts-and-data/global-jetstream,2026-09-21T07:14:22+00:00,
www.oolimo.com,online,F,19.0,Ad-saturated / hostile,80,35,2,0,0,2,84.4,1,0,Educational,https://www.oolimo.com/en/index.php,2026-09-25T13:02:00+00:00,
www.saveecobot.com,online,F,19.0,Ad-saturated / hostile,36,13,1,1,0,2,34.7,2,0,Misc,https://www.saveecobot.com/en/radiation-maps,2026-09-28T07:40:47+00:00,
www.wqxr.org,online,F,19.0,Ad-saturated / hostile,32,10,1,0,0,12,34.7,2,0,Music,https://www.wqxr.org/streams/,2026-09-22T12:53:35+00:00,
youglish.com,online,F,19.0,Ad-saturated / hostile,68,5,3,1,0,2,74.4,2,0,Educational,https://youglish.com/,2026-09-19T12:07:10+00:00,
www.diffordsguide.com,online,F,19.1,Ad-saturated / hostile,603,96,2,0,0,2,29.8,2,0,Misc,https://www.diffordsguide.com/,2026-09-20T21:52:34+00:00,
worldradiomap.com,online,F,19.2,Ad-saturated / hostile,81,12,2,1,0,1,20.5,1,1,Music,https://worldradiomap.com/,2026-09-17T17:47:40+00:00,
mytuner-radio.com,online,F,19.3,Ad-saturated / hostile,136,44,3,0,0,6,15.4,3,0,Music,https://mytuner-radio.com/,2026-09-18T12:26:05+00:00,
www.coolmath.com,online,F,19.3,Ad-saturated / hostile,42,27,2,0,0,3,28.4,1,0,Educational,https://www.coolmath.com/,2026-09-25T06:39:48+00:00,
agnai.chat,online,F,19.5,Ad-saturated / hostile,66,27,2,0,0,1,93.5,2,2,Artificial-Intelligence,https://agnai.chat/,2026-09-12T21:42:32+00:00,
arab.org,online,F,19.5,Ad-saturated / hostile,26,10,3,0,0,6,15.0,1,1,Misc,https://arab.org/,2026-09-13T21:45:32+00:00,
audiomack.com,online,F,19.5,Ad-saturated / hostile,23,21,2,0,0,1,29.9,2,0,Music,https://audiomack.com/,2026-09-22T06:49:41+00:00,
collinsdictionary.com,online,F,19.5,Ad-saturated / hostile,78,38,2,0,0,1,63.6,2,0,Educational,https://collinsdictionary.com/,2026-09-19T21:48:19+00:00,
currency.world,online,F,19.5,Ad-saturated / hostile,636,85,2,0,0,1,86.2,1,0,Misc,https://currency.world/,2026-09-26T12:31:41+00:00,
esp32.nontonx.com,online,F,19.5,Ad-saturated / hostile,32,5,4,0,0,1,90.7,2,0,Streaming,https://esp32.nontonx.com/,2026-09-24T18:01:53+00:00,
forum.release-apk.com,online,F,19.5,Ad-saturated / hostile,59,24,2,0,0,1,52.6,2,0,Mobile,https://forum.release-apk.com/,2026-09-22T06:49:41+00:00,
heyspinner.com,online,F,19.5,Ad-saturated / hostile,333,80,2,0,0,1,68.1,1,0,Misc,https://heyspinner.com/,2026-09-26T12:31:41+00:00,
modernfarmer.com,online,F,19.5,Ad-saturated / hostile,152,60,1,1,0,1,39.9,2,0,Misc,https://modernfarmer.com/,2026-09-20T21:52:34+00:00,
obscurban-legend.fandom.com,online,F,19.5,Ad-saturated / hostile,428,114,2,0,0,1,54.2,2,0,Educational,https://obscurban-legend.fandom.com/,2026-09-19T06:40:29+00:00,
ruwix.com,online,F,19.5,Ad-saturated / hostile,24,5,4,0,0,1,32.8,3,0,Educational Gaming,https://ruwix.com/cube-solver/,2026-09-25T13:02:00+00:00,
wordly.org,online,F,19.5,Ad-saturated / hostile,187,59,2,0,0,1,48.4,2,0,Gaming,https://wordly.org/,2026-09-20T07:03:23+00:00,
www.gpsvisualizer.com,online,F,19.5,Ad-saturated / hostile,124,52,2,0,0,1,57.7,2,0,Misc,https://www.gpsvisualizer.com/,2026-09-20T21:52:34+00:00,
www.koreandrama.org,online,F,19.5,Ad-saturated / hostile,38,9,2,0,0,7,23.9,1,0,Streaming,https://www.koreandrama.org/,2026-08-29T17:26:18+00:00,
www.smartcockpit.com,online,F,19.5,Ad-saturated / hostile,76,11,2,0,0,1,56.9,2,0,Educational,https://www.smartcockpit.com/,2026-09-19T06:40:29+00:00,
www.ultimate-guitar.com,online,F,19.5,Ad-saturated / hostile,416,82,2,0,0,1,62.6,2,0,Educational,https://www.ultimate-guitar.com/,2026-09-19T12:07:10+00:00,
www.snow-forecast.com,online,F,19.6,Ad-saturated / hostile,56,31,2,0,0,3,27.8,2,0,Misc,https://www.snow-forecast.com/maps,2026-09-21T07:14:22+00:00,
bakingcalculators.com,online,F,20.0,Ad-saturated / hostile,60,9,1,1,0,0,66.7,2,2,Misc,https://bakingcalculators.com/,2026-09-13T06:49:25+00:00,
cemu.cfw.guide,online,F,20.0,Ad-saturated / hostile,318,66,2,0,0,0,31.3,2,2,Gaming,https://cemu.cfw.guide/,2026-09-12T21:42:32+00:00,
chimera.coolstar.org,online,F,20.0,Ad-saturated / hostile,58,5,4,0,0,0,47.6,2,0,Mobile,https://chimera.coolstar.org/,2026-09-22T06:49:41+00:00,
familypedia.fandom.com,online,F,20.0,Ad-saturated / hostile,659,117,2,0,0,0,65.2,2,0,Misc,https://familypedia.fandom.com/,2026-09-21T14:36:48+00:00,
igcd.net,online,F,20.0,Ad-saturated / hostile,106,32,2,0,0,0,95.1,2,0,Misc,https://igcd.net/,2026-09-20T21:52:34+00:00,
ios.cfw.guide,online,F,20.0,Ad-saturated / hostile,302,71,2,0,0,0,67.3,45,3,Mobile,https://ios.cfw.guide/installing-nathanlr/,2026-09-12T16:31:29+00:00,
lab.zhs.moe,online,F,20.0,Ad-saturated / hostile,57,11,1,1,0,0,70.7,2,0,Mobile,https://lab.zhs.moe/caffeine/,2026-09-22T06:49:41+00:00,
nanoreview.net,online,F,20.0,Ad-saturated / hostile,149,43,2,0,0,0,57.1,2,2,Misc,https://nanoreview.net/,2026-09-13T06:49:25+00:00,
prepaid-data-sim-card.fandom.com,online,F,20.0,Ad-saturated / hostile,1265,120,2,0,0,0,62.3,2,0,Mobile,https://prepaid-data-sim-card.fandom.com/wiki/Prepaid_SIM_with_data,2026-09-22T06:49:41+00:00,
proxyhub.me,online,F,20.0,Ad-saturated / hostile,66,5,4,0,0,0,66.6,1,0,Storage,https://proxyhub.me/,2026-09-28T07:40:47+00:00,
www.allyoucanread.com,online,F,20.0,Ad-saturated / hostile,47,13,2,0,0,0,61.9,2,0,Misc,https://www.allyoucanread.com/,2026-09-21T07:14:22+00:00,
www.arealme.com,online,F,20.0,Ad-saturated / hostile,268,67,2,0,0,0,34.6,1,0,Gaming,https://www.arealme.com/,2026-09-25T22:52:29+00:00,
www.flashbynight.com,online,F,20.0,Ad-saturated / hostile,65,5,3,1,0,0,71.5,2,0,Gaming,http://www.flashbynight.com/,2026-09-20T12:42:06+00:00,
www.frenchtutorial.com,online,F,20.0,Ad-saturated / hostile,39,8,2,0,0,2,66.0,2,0,Educational,http://www.frenchtutorial.com/,2026-09-19T16:51:07+00:00,
www.jiemadi.com,online,F,20.0,Ad-saturated / hostile,40,5,4,0,0,0,88.6,1,0,Storage,https://www.jiemadi.com/en,2026-09-28T07:40:47+00:00,
www.linguee.com,online,F,20.0,Ad-saturated / hostile,251,54,2,0,0,0,85.9,1,0,Educational,https://www.linguee.com/,2026-09-25T13:02:00+00:00,
www.linguee.de,online,F,20.0,Ad-saturated / hostile,814,97,2,0,0,0,83.2,2,0,Educational,https://www.linguee.de/,2026-09-19T16:51:07+00:00,
www.linguee.es,online,F,20.0,Ad-saturated / hostile,436,81,2,0,0,0,83.7,1,1,Educational,https://www.linguee.es/,2026-09-13T17:06:33+00:00,
www.medpagetoday.com,online,F,20.0,Ad-saturated / hostile,27,18,1,0,0,10,33.8,1,0,Misc,https://www.medpagetoday.com/,2026-09-25T22:52:29+00:00,
www.pixiv.net,online,F,20.0,Ad-saturated / hostile,97,39,2,0,0,1,28.9,4,0,Non-Eng,https://www.pixiv.net/howto,2026-09-18T06:42:10+00:00,
www.rinkworks.com,online,F,20.0,Ad-saturated / hostile,27,10,2,0,0,0,75.3,2,0,Misc,http://www.rinkworks.com/,2026-09-21T22:53:03+00:00,
www.songkick.com,online,F,20.0,Ad-saturated / hostile,668,104,2,0,0,0,96.0,2,0,Music,https://www.songkick.com/,2026-09-22T12:53:35+00:00,
www.zvitor.com,online,F,20.2,Ad-saturated / hostile,61,4,4,1,0,0,25.6,2,0,Gaming,https://www.zvitor.com/home.html,2026-09-20T07:03:23+00:00,
livescience.com,online,F,20.4,Ad-saturated / hostile,182,59,4,0,0,4,5.2,2,0,Misc,https://livescience.com/,2026-09-21T07:14:22+00:00,
receivesmsfast.com,online,F,20.4,Ad-saturated / hostile,37,2,7,0,0,0,27.2,1,0,Storage,https://receivesmsfast.com/,2026-09-28T07:40:47+00:00,
www.nitrome.com,online,F,20.4,Ad-saturated / hostile,14,7,8,0,0,4,11.2,2,2,Gaming,https://www.nitrome.com/,2026-09-12T21:42:32+00:00,
3dsroms.org,online,F,20.5,Ad-saturated / hostile,32,6,3,0,0,3,38.6,1,1,Gaming,https://3dsroms.org,2026-09-13T21:45:32+00:00,
cyclonicwx.com,online,F,20.5,Ad-saturated / hostile,32,6,2,1,0,3,45.1,2,0,Misc,https://cyclonicwx.com/,2026-09-21T07:14:22+00:00,
reverso.net,online,F,20.5,Ad-saturated / hostile,361,68,1,0,0,9,70.5,1,0,Educational,https://reverso.net/,2026-09-25T13:02:00+00:00,
www.firstversions.com,online,F,20.5,Ad-saturated / hostile,37,7,5,0,0,5,2.0,2,0,Misc,https://www.firstversions.com/,2026-09-21T22:53:03+00:00,
www.letsplaygb.com,online,F,20.5,Ad-saturated / hostile,69,8,2,0,0,1,65.0,2,0,Storage,https://www.letsplaygb.com/,2026-09-24T12:57:21+00:00,
www.programiz.com,online,F,20.5,Ad-saturated / hostile,27,14,1,0,0,9,32.3,2,0,Educational,https://www.programiz.com/,2026-09-19T16:51:07+00:00,
www.publicdomainsherpa.com,online,F,20.5,Ad-saturated / hostile,46,6,2,1,0,3,84.7,2,0,Storage,https://www.publicdomainsherpa.com/free-sheet-music.html,2026-09-24T12:57:21+00:00,
www.ufreetools.com,online,F,20.5,Ad-saturated / hostile,118,8,2,0,0,1,74.9,2,0,Misc,https://www.ufreetools.com/en/,2026-08-22T08:03:37+00:00,
virtualvacation.us,online,F,20.6,Ad-saturated / hostile,176,60,3,0,0,2,16.8,4,1,Educational Gaming Misc,https://virtualvacation.us/guess,2026-09-13T17:06:33+00:00,
dabrushes.com,online,F,20.7,Ad-saturated / hostile,78,11,3,0,0,1,17.6,1,0,Storage,https://dabrushes.com/,2026-09-28T07:40:47+00:00,
www.oxfordlearnersdictionaries.com,online,F,20.7,Ad-saturated / hostile,78,42,2,0,0,1,27.6,1,0,Educational,https://www.oxfordlearnersdictionaries.com/,2026-09-25T13:02:00+00:00,
kanadojo.com,online,F,20.8,Ad-saturated / hostile,51,9,1,1,0,2,26.3,1,0,Storage,https://kanadojo.com/en,2026-09-28T07:40:47+00:00,
elgoog.im,online,F,21.0,Ad-saturated / hostile,27,5,3,0,0,8,53.8,2,0,Misc,https://elgoog.im/,2026-09-21T22:53:03+00:00,
jdownloader.org,online,F,21.0,Ad-saturated / hostile,44,8,2,0,0,0,72.4,2,0,Linux,https://jdownloader.org/,2026-09-20T21:52:34+00:00,
scientific.place,online,F,21.0,Ad-saturated / hostile,32,6,2,1,0,2,80.0,2,0,Misc,https://scientific.place/,2026-09-21T22:53:03+00:00,
tadaktadak.co.kr,online,F,21.0,Ad-saturated / hostile,47,7,2,0,0,6,36.3,2,0,Non-Eng,https://tadaktadak.co.kr/,2026-09-23T06:43:24+00:00,
udemyxpert.com,online,F,21.0,Ad-saturated / hostile,45,8,2,0,0,0,67.5,1,0,Storage,https://udemyxpert.com/,2026-09-28T16:00:57+00:00,
www.brickeconomy.com,online,F,21.0,Ad-saturated / hostile,43,8,1,1,0,0,37.4,2,0,Educational Misc,https://www.brickeconomy.com/,2026-09-19T12:07:10+00:00,
www.documaniatv.com,online,F,21.0,Ad-saturated / hostile,22,16,2,0,0,1,26.9,2,0,Non-Eng,https://www.documaniatv.com/,2026-09-23T13:04:02+00:00,
www.ohmydots.com,online,F,21.0,Ad-saturated / hostile,24,3,5,0,0,0,67.3,2,0,Gaming,https://www.ohmydots.com/,2026-09-20T07:03:23+00:00,
deeeep.io,online,F,21.1,Ad-saturated / hostile,68,8,3,0,0,8,11.8,2,0,Gaming,https://deeeep.io/,2026-09-20T12:42:06+00:00,
pokeonecommunity.com,online,F,21.2,Ad-saturated / hostile,47,5,6,0,0,0,7.7,2,0,Gaming,https://pokeonecommunity.com/,2026-09-20T17:01:41+00:00,
www.nytimes.com,online,F,21.2,Ad-saturated / hostile,61,15,4,0,0,1,6.6,8,2,Gaming Misc,https://www.nytimes.com/athletic/,2026-09-12T16:31:29+00:00,
www.sciencenews.org,online,F,21.2,Ad-saturated / hostile,515,97,4,0,0,2,5.7,2,0,Misc,https://www.sciencenews.org/,2026-09-21T07:14:22+00:00,
drumbit.app,online,F,21.5,Ad-saturated / hostile,53,7,2,0,0,5,43.8,1,1,Music,https://drumbit.app/,2026-09-17T17:47:40+00:00,
pdfknihy.maxzone.eu,online,F,21.5,Ad-saturated / hostile,27,4,4,0,0,3,31.7,2,0,Non-Eng,https://pdfknihy.maxzone.eu/index.html,2026-09-22T22:28:30+00:00,
pinetools.com,online,F,21.5,Ad-saturated / hostile,231,70,1,0,0,7,44.9,2,2,Misc,https://pinetools.com/,2026-09-13T06:49:25+00:00,
smsnator.online,online,F,21.5,Ad-saturated / hostile,48,4,3,1,0,3,77.1,1,0,Storage,https://smsnator.online/,2026-09-28T07:40:47+00:00,
steam250.com,online,F,21.5,Ad-saturated / hostile,21,4,4,0,0,3,37.1,2,0,Misc,https://steam250.com/price/free,2026-09-20T21:52:34+00:00,
www.al-fann.net,online,F,21.5,Ad-saturated / hostile,53,6,3,0,0,1,59.6,2,0,Non-Eng,https://www.al-fann.net/,2026-09-22T17:49:43+00:00,
www.fossilfuelmap.com,online,F,21.5,Ad-saturated / hostile,61,7,2,1,0,2,23.0,2,0,Misc,https://www.fossilfuelmap.com/,2026-09-21T07:14:22+00:00,
www.gamezhero.com,online,F,21.5,Ad-saturated / hostile,23,6,3,0,0,1,52.3,2,0,Gaming,https://www.gamezhero.com/,2026-09-20T12:42:06+00:00,
www.happyhardcore.com,online,F,21.5,Ad-saturated / hostile,21,5,3,0,0,7,52.3,4,0,Music,https://www.happyhardcore.com/radio/,2026-09-18T06:42:10+00:00,
www.mclelun.com,online,F,21.5,Ad-saturated / hostile,43,4,4,1,0,2,21.0,2,0,Educational,https://www.mclelun.com/p/tutorial.html,2026-09-26T12:31:41+00:00,
www.nirsoft.net,online,F,21.5,Ad-saturated / hostile,35,4,3,1,0,3,69.7,2,0,Downloading,https://www.nirsoft.net/,2026-09-18T17:16:20+00:00,
super.abril.com.br,online,F,21.7,Ad-saturated / hostile,68,34,1,1,0,7,19.6,2,0,Non-Eng,https://super.abril.com.br/superarquivo/,2026-09-23T06:43:24+00:00,
technical.city,online,F,21.8,Ad-saturated / hostile,58,23,1,1,0,7,19.5,2,0,Misc,https://technical.city/,2026-09-17T17:47:40+00:00,
www.tvgazeta.com.br,online,F,21.8,Ad-saturated / hostile,46,18,1,0,0,9,27.3,2,0,Non-Eng,https://www.tvgazeta.com.br/aovivo/,2026-09-23T06:43:24+00:00,
animalia.bio,online,F,22.0,Ad-saturated / hostile,525,81,1,0,0,6,38.0,2,2,Educational,https://animalia.bio/,2026-09-12T21:42:32+00:00,
classic-mahjong.com,online,F,22.0,Ad-saturated / hostile,34,24,1,0,0,6,36.4,1,0,Gaming,https://classic-mahjong.com/,2026-09-25T18:07:54+00:00,
comic.acgn.cc,online,F,22.0,Ad-saturated / hostile,51,9,1,0,0,6,39.7,2,0,Non-Eng,https://comic.acgn.cc/,2026-09-22T22:28:30+00:00,
images-of-elements.com,online,F,22.0,Ad-saturated / hostile,40,6,3,0,0,0,69.9,2,2,Educational,https://images-of-elements.com/,2026-09-12T21:42:32+00:00,
powerline.io,online,F,22.0,Ad-saturated / hostile,37,25,2,0,0,4,21.9,2,0,Gaming,https://powerline.io/,2026-08-29T22:00:23+00:00,
richup.io,online,F,22.0,Ad-saturated / hostile,95,50,1,0,0,6,43.3,2,0,Gaming,https://richup.io/,2026-09-20T07:03:23+00:00,
soundbound.app,online,F,22.0,Ad-saturated / hostile,60,6,3,0,0,0,61.1,2,0,Mobile,https://soundbound.app/,2026-09-22T06:49:41+00:00,
www.airnavradar.com,online,F,22.0,Ad-saturated / hostile,25,17,1,0,0,6,42.9,1,1,Misc,https://www.airnavradar.com/,2026-09-13T21:45:32+00:00,
www.japanesewithanime.com,online,F,22.0,Ad-saturated / hostile,17,4,5,0,0,1,45.8,1,0,Educational,https://www.japanesewithanime.com/,2026-09-02T12:18:10+00:00,
www.peteranswers.com,online,F,22.0,Ad-saturated / hostile,45,4,3,1,0,2,56.2,2,0,Misc,https://www.peteranswers.com/,2026-09-22T06:49:41+00:00,
www.powerthesaurus.org,online,F,22.0,Ad-saturated / hostile,388,92,1,0,0,6,67.2,2,0,Educational,https://www.powerthesaurus.org/,2026-09-19T21:48:19+00:00,
ev.io,online,F,22.5,Ad-saturated / hostile,186,72,1,0,0,5,30.4,2,0,Gaming,https://ev.io/,2026-09-20T12:42:06+00:00,
examsnet.com,online,F,22.5,Ad-saturated / hostile,30,4,4,0,0,1,45.1,1,0,Educational,https://examsnet.com/,2026-09-17T12:47:49+00:00,
masasgames.com,online,F,22.5,Ad-saturated / hostile,39,4,3,1,0,1,35.2,2,0,Gaming,https://masasgames.com/,2026-09-20T07:03:23+00:00,
randomthingstodo.com,online,F,22.5,Ad-saturated / hostile,28,4,4,0,0,1,76.7,2,0,Misc,https://randomthingstodo.com/,2026-09-21T22:53:03+00:00,
www.bitcoinwhoswho.com,online,F,22.5,Ad-saturated / hostile,37,11,1,0,0,5,52.0,2,0,Misc,https://www.bitcoinwhoswho.com/,2026-09-21T14:36:48+00:00,
www.carcarekiosk.com,online,F,22.5,Ad-saturated / hostile,36,7,2,0,0,3,40.0,1,0,Misc,https://www.carcarekiosk.com/,2026-09-25T22:52:29+00:00,
www.gamerpower.com,online,F,22.5,Ad-saturated / hostile,24,4,4,0,0,1,30.2,2,0,Misc,https://www.gamerpower.com/,2026-09-20T21:52:34+00:00,
www.ondemandchina.com,online,F,22.5,Ad-saturated / hostile,88,19,2,0,0,9,16.1,2,0,Streaming,https://www.ondemandchina.com/,2026-09-24T18:01:53+00:00,
www.telequebec.tv,online,F,22.7,Ad-saturated / hostile,41,14,4,0,0,1,3.7,2,0,Non-Eng,https://www.telequebec.tv/,2026-09-22T22:28:30+00:00,
blog.jialezi.net,online,F,23.0,Ad-saturated / hostile,38,4,4,0,0,0,46.5,2,0,Non-Eng,https://blog.jialezi.net/,2026-09-22T17:49:43+00:00,
conwaylife.appspot.com,online,F,23.0,Ad-saturated / hostile,42,4,3,1,0,0,73.0,1,0,Misc,https://conwaylife.appspot.com/library/,2026-09-26T12:31:41+00:00,
coolstar.org,online,F,23.0,Ad-saturated / hostile,39,4,4,0,0,0,49.7,2,0,Mobile,https://coolstar.org/electra/,2026-09-22T06:49:41+00:00,
exrx.net,online,F,23.0,Ad-saturated / hostile,25,15,1,0,0,4,40.3,2,0,Misc,https://exrx.net/,2026-09-21T07:14:22+00:00,
grubiks.com,online,F,23.0,Ad-saturated / hostile,35,5,3,0,0,4,50.4,2,2,Gaming,https://grubiks.com/,2026-09-12T21:42:32+00:00,
r3.whiteboardfox.com,online,F,23.0,Ad-saturated / hostile,58,30,1,0,0,4,49.0,1,1,Educational,https://r3.whiteboardfox.com/,2026-09-13T21:45:32+00:00,
thetruesize.com,online,F,23.0,Ad-saturated / hostile,374,82,1,0,0,4,33.1,2,0,Educational,https://thetruesize.com/,2026-09-19T12:07:10+00:00,
twrp.me,online,F,23.0,Ad-saturated / hostile,56,4,3,1,0,0,73.8,1,0,Mobile,https://twrp.me/,2026-09-26T12:31:41+00:00,
vocali.se,online,F,23.0,Ad-saturated / hostile,58,5,3,0,0,4,37.8,2,0,Artificial-Intelligence,https://vocali.se/en,2026-09-18T17:16:20+00:00,
whatroute.net,online,F,23.0,Ad-saturated / hostile,51,7,2,0,0,2,55.7,2,0,Linux,https://whatroute.net/,2026-09-20T21:52:34+00:00,
www.alfy.com,online,F,23.0,Ad-saturated / hostile,56,7,2,0,0,2,43.6,2,0,Gaming,https://www.alfy.com/,2026-09-20T12:42:06+00:00,
www.britannica.com,online,F,23.0,Ad-saturated / hostile,116,55,1,0,0,7,27.1,2,0,Educational,https://www.britannica.com/,2026-09-17T22:29:32+00:00,
www.tekstowo.pl,online,F,23.0,Ad-saturated / hostile,67,19,1,0,0,4,67.2,2,0,Non-Eng,https://www.tekstowo.pl/,2026-09-23T06:43:24+00:00,
www.tunestotube.com,online,F,23.0,Ad-saturated / hostile,38,7,2,0,0,2,54.7,2,0,Music,https://www.tunestotube.com/,2026-09-22T06:49:41+00:00,
www.whatbeatsrock.com,online,F,23.0,Ad-saturated / hostile,38,4,2,2,0,0,71.4,2,2,Misc,https://www.whatbeatsrock.com/,2026-09-13T06:49:25+00:00,
yunduanxin.net,online,F,23.0,Ad-saturated / hostile,31,4,4,0,0,0,89.5,1,0,Storage,https://yunduanxin.net/,2026-09-28T07:40:47+00:00,
www.spotrac.com,online,F,23.2,Ad-saturated / hostile,283,75,2,0,0,3,20.7,2,0,Misc,https://www.spotrac.com/,2026-09-20T21:52:34+00:00,
www.todamateria.com.br,online,F,23.2,Ad-saturated / hostile,122,43,2,0,0,14,9.5,2,0,Non-Eng,https://www.todamateria.com.br,2026-09-23T13:04:02+00:00,
www.radioshackcatalogs.com,online,F,23.4,Ad-saturated / hostile,60,7,4,0,0,2,9.2,2,0,Reading,https://www.radioshackcatalogs.com/,2026-09-23T22:29:49+00:00,
dia-installer.de,online,F,23.5,Ad-saturated / hostile,41,6,2,0,0,7,51.8,1,0,Storage,http://dia-installer.de/,2026-08-28T23:15:50+00:00,
en.akinator.com,online,F,23.5,Ad-saturated / hostile,48,30,1,0,0,3,32.3,2,0,Gaming,https://en.akinator.com/,2026-09-20T12:42:06+00:00,
flickle.app,online,F,23.5,Ad-saturated / hostile,60,16,1,0,0,3,31.5,1,0,Gaming,https://flickle.app/,2026-09-25T22:52:29+00:00,
hattusa.club,online,F,23.5,Ad-saturated / hostile,44,9,3,0,0,1,12.1,2,0,Non-Eng,https://hattusa.club/,2026-09-23T18:01:31+00:00,
miro.com,online,F,23.5,Ad-saturated / hostile,37,9,0,0,0,13,32.2,1,0,Misc,https://miro.com/,2026-09-26T12:31:41+00:00,
netgames.io,online,F,23.5,Ad-saturated / hostile,32,9,1,0,0,3,78.8,2,2,Gaming,https://netgames.io/,2026-09-12T21:42:32+00:00,
pnghero.com,online,F,23.5,Ad-saturated / hostile,33,6,3,0,0,1,25.9,1,0,Storage,https://pnghero.com/,2026-08-28T23:15:50+00:00,
popcat.click,online,F,23.5,Ad-saturated / hostile,154,58,1,0,0,3,48.9,2,0,Misc,https://popcat.click/,2026-09-21T22:53:03+00:00,
radiosaovivo.net,online,F,23.5,Ad-saturated / hostile,28,5,3,0,0,3,48.7,2,0,Non-Eng,https://radiosaovivo.net,2026-09-23T06:43:24+00:00,
singularityhub.com,online,F,23.5,Ad-saturated / hostile,32,19,1,1,0,13,10.0,1,0,Misc,https://singularityhub.com/,2026-09-25T22:52:29+00:00,
solitaireowl.com,online,F,23.5,Ad-saturated / hostile,35,25,1,0,0,3,38.9,1,0,Gaming,https://solitaireowl.com/,2026-09-25T18:07:54+00:00,
thedigitaltheater.com,online,F,23.5,Ad-saturated / hostile,35,7,2,0,0,1,37.7,2,0,Streaming,https://thedigitaltheater.com/,2026-09-24T22:46:15+00:00,
vr-compare.com,online,F,23.5,Ad-saturated / hostile,793,100,1,0,0,3,57.6,2,0,Misc,https://vr-compare.com/,2026-09-27T13:18:43+00:00,
wheresthejump.com,online,F,23.5,Ad-saturated / hostile,30,15,1,0,0,3,82.8,2,0,Streaming,https://wheresthejump.com/,2026-09-25T06:39:48+00:00,
www.commodoregames.net,online,F,23.5,Ad-saturated / hostile,37,7,1,1,0,1,56.0,2,2,Gaming,https://www.commodoregames.net/,2026-09-20T07:03:23+00:00,
www.internetchemistry.com,online,F,23.5,Ad-saturated / hostile,65,11,1,0,0,3,80.3,2,2,Educational,https://www.internetchemistry.com/search.php,2026-09-12T21:42:32+00:00,
www.notebookcheck.net,online,F,23.5,Ad-saturated / hostile,999,105,1,0,0,3,49.6,1,1,Misc,https://www.notebookcheck.net/Benchmarks-Tech.123.0.html,2026-09-17T17:47:40+00:00,
www.playonmac.com,online,F,23.5,Ad-saturated / hostile,40,9,1,0,0,3,38.7,3,0,Linux,https://www.playonmac.com/en/,2026-09-20T17:01:41+00:00,
www.sputnikmusic.com,online,F,23.5,Ad-saturated / hostile,56,16,1,0,0,3,64.5,2,0,Music,https://www.sputnikmusic.com/,2026-09-22T17:49:43+00:00,
www.wordnik.com,online,F,23.5,Ad-saturated / hostile,64,36,1,0,0,3,83.4,2,0,Educational,https://www.wordnik.com/,2026-09-19T21:48:19+00:00,
www.evvasoft.com,online,F,23.6,Ad-saturated / hostile,67,6,3,1,0,0,16.8,2,0,Mobile,https://www.evvasoft.com/ccp.html,2026-09-22T06:49:41+00:00,
musicle.app,online,F,23.7,Ad-saturated / hostile,187,68,3,0,0,3,9.6,1,0,Gaming,https://musicle.app/,2026-09-25T22:52:29+00:00,
www.jambase.com,online,F,23.7,Ad-saturated / hostile,1348,110,1,0,0,6,26.7,2,0,Music,https://www.jambase.com/videos,2026-09-22T12:53:35+00:00,
allchemy.io,online,F,24.0,Ad-saturated / hostile,79,35,1,0,0,2,77.0,2,2,Gaming,https://allchemy.io/,2026-09-12T21:42:32+00:00,
damonlynch.net,online,F,24.0,Ad-saturated / hostile,29,7,2,0,0,0,35.8,2,0,Linux,https://damonlynch.net/rapid/,2026-09-20T17:01:41+00:00,
duotrigordle.com,online,F,24.0,Ad-saturated / hostile,112,42,1,0,0,2,30.9,2,0,Gaming,https://duotrigordle.com/,2026-09-20T07:03:23+00:00,
franticfanfic.com,online,F,24.0,Ad-saturated / hostile,59,30,1,0,0,2,83.3,2,0,Misc,https://franticfanfic.com/,2026-09-21T14:36:48+00:00,
freephone.io,online,F,24.0,Ad-saturated / hostile,14,3,10,0,0,2,57.7,1,0,Storage,https://freephone.io/,2026-09-28T07:40:47+00:00,
geekprank.com,online,F,24.0,Ad-saturated / hostile,800,84,1,0,0,2,50.8,2,0,Misc,https://geekprank.com/,2026-09-22T06:49:41+00:00,
receive-sms-number.com,online,F,24.0,Ad-saturated / hostile,1263,95,1,0,0,2,83.1,1,0,Storage,https://receive-sms-number.com/,2026-09-06T11:45:58+00:00,
recherche-ebook.fr,online,F,24.0,Ad-saturated / hostile,40,7,1,1,0,0,46.2,1,0,Reading,https://recherche-ebook.fr/en/,2026-09-27T17:58:51+00:00,
skyvector.com,online,F,24.0,Ad-saturated / hostile,343,77,1,0,0,2,38.3,2,0,Misc,https://skyvector.com/,2026-09-20T21:52:34+00:00,
vheer.com,online,F,24.0,Ad-saturated / hostile,21,13,1,0,0,2,58.3,1,0,Artificial-Intelligence,https://vheer.com/app/image-to-image,2026-09-25T06:39:48+00:00,
webextension.org,online,F,24.0,Ad-saturated / hostile,26,6,2,0,0,6,31.5,3,3,Misc Reading,https://webextension.org/listing/chrome-reader-view.html,2026-09-12T16:31:29+00:00,
wordnerd.co,online,F,24.0,Ad-saturated / hostile,142,59,1,0,0,2,57.0,2,0,Gaming,https://wordnerd.co/,2026-09-20T07:03:23+00:00,
www.bookgoldmine.com,online,F,24.0,Ad-saturated / hostile,45,5,3,0,0,2,67.4,2,0,Reading,https://www.bookgoldmine.com/,2026-09-23T22:29:49+00:00,
www.memuplay.com,online,F,24.0,Ad-saturated / hostile,60,5,5,0,0,1,10.9,2,0,Mobile,https://www.memuplay.com/,2026-09-22T06:49:41+00:00,
www.onemotion.com,online,F,24.0,Ad-saturated / hostile,55,12,1,0,0,2,72.7,3,0,Educational Gaming Misc,https://www.onemotion.com/snake-game/,2026-09-18T06:42:10+00:00,
www.periodic-table.org,online,F,24.0,Ad-saturated / hostile,201,59,1,0,0,2,56.1,2,2,Educational,https://www.periodic-table.org/,2026-09-12T21:42:32+00:00,
www.play-games.com,online,F,24.0,Ad-saturated / hostile,68,31,1,0,0,2,35.9,2,0,Gaming,https://www.play-games.com/,2026-08-29T22:00:23+00:00,
www.rct.uk,online,F,24.0,Ad-saturated / hostile,25,7,0,0,0,22,39.9,1,0,Storage,https://www.rct.uk/collection/,2026-09-28T07:40:47+00:00,
www.setlist.fm,online,F,24.0,Ad-saturated / hostile,37,15,1,0,0,2,52.4,2,2,Music,https://www.setlist.fm/,2026-09-13T06:49:25+00:00,
www.tapmusic.net,online,F,24.0,Ad-saturated / hostile,201,72,1,0,0,2,65.3,1,0,Music,https://www.tapmusic.net/,2026-09-27T07:08:34+00:00,
www.tropicaltidbits.com,online,F,24.0,Ad-saturated / hostile,24,13,1,0,0,2,39.0,2,0,Misc,https://www.tropicaltidbits.com/,2026-09-21T07:14:22+00:00,
www.uruworks.net,online,F,24.0,Ad-saturated / hostile,56,7,2,0,0,0,43.9,1,1,Streaming,https://www.uruworks.net/,2026-09-17T22:29:32+00:00,
xoyondo.com,online,F,24.0,Ad-saturated / hostile,42,29,1,0,0,2,53.3,1,0,Storage,https://xoyondo.com/polling-app,2026-09-28T07:40:47+00:00,
forums.spacebattles.com,online,F,24.1,Ad-saturated / hostile,160,62,1,0,0,2,29.8,1,1,Misc,https://forums.spacebattles.com/,2026-09-17T17:47:40+00:00,
lolbeans.io,online,F,24.2,Ad-saturated / hostile,52,35,1,0,0,5,26.6,2,0,Gaming,https://lolbeans.io/,2026-09-20T12:42:06+00:00,
www.insecam.org,online,F,24.2,Ad-saturated / hostile,38,4,7,0,0,7,0.5,2,0,Misc,http://www.insecam.org/en/,2026-09-18T06:42:10+00:00,
5e.tools,online,F,24.5,Ad-saturated / hostile,60,36,1,0,0,1,49.4,2,2,Educational,https://5e.tools/,2026-09-12T21:42:32+00:00,
aifreevideo.com,online,F,24.5,Ad-saturated / hostile,71,13,2,1,0,1,10.0,2,0,Artificial-Intelligence,https://aifreevideo.com/,2026-09-18T12:26:05+00:00,
archiveos.org,online,F,24.5,Ad-saturated / hostile,43,9,1,0,0,1,60.7,2,0,Linux,https://archiveos.org/,2026-09-20T17:01:41+00:00,
batteryuniversity.com,online,F,24.5,Ad-saturated / hostile,45,22,1,0,0,1,50.4,2,0,Educational,https://batteryuniversity.com/articles,2026-09-19T06:40:29+00:00,
cardgames.io,online,F,24.5,Ad-saturated / hostile,56,30,1,0,0,1,48.6,2,0,Gaming,https://cardgames.io/,2026-09-20T07:03:23+00:00,
catfishing.net,online,F,24.5,Ad-saturated / hostile,91,42,1,0,0,1,67.7,2,0,Gaming,https://catfishing.net/,2026-09-20T17:01:41+00:00,
comicskingdom.com,online,F,24.5,Ad-saturated / hostile,298,69,3,0,0,0,11.1,2,0,Reading,https://comicskingdom.com/,2026-09-23T22:29:49+00:00,
enclose.horse,online,F,24.5,Ad-saturated / hostile,733,101,1,0,0,1,74.7,2,0,Gaming,https://enclose.horse/,2026-09-20T07:03:23+00:00,
flexboxfroggy.com,online,F,24.5,Ad-saturated / hostile,42,8,1,0,0,3,39.8,2,0,Educational,https://flexboxfroggy.com/,2026-09-19T16:51:07+00:00,
honto.jp,online,F,24.5,Ad-saturated / hostile,28,14,0,0,0,11,33.0,2,0,Non-Eng,https://honto.jp/cp/ebook/recent/free.html,2026-09-23T06:43:24+00:00,
howjsay.com,online,F,24.5,Ad-saturated / hostile,68,20,1,0,0,1,63.4,1,0,Educational,https://howjsay.com/,2026-09-25T13:02:00+00:00,
htmldog.com,online,F,24.5,Ad-saturated / hostile,35,8,1,0,0,3,69.8,4,0,Educational,https://htmldog.com/,2026-09-17T22:29:32+00:00,
liveonlineradio.net,online,F,24.5,Ad-saturated / hostile,47,22,1,0,0,1,91.9,2,0,Music,https://liveonlineradio.net/,2026-09-22T12:53:35+00:00,
rubikstrainer.com,online,F,24.5,Ad-saturated / hostile,34,5,2,1,0,1,63.1,1,1,Educational,https://rubikstrainer.com/,2026-09-13T17:06:33+00:00,
skribbl.io,online,F,24.5,Ad-saturated / hostile,43,12,1,0,0,1,56.9,2,2,Gaming,https://skribbl.io/,2026-09-13T06:49:25+00:00,
www.behindthename.com,online,F,24.5,Ad-saturated / hostile,155,60,1,0,0,1,43.1,1,0,Educational,https://www.behindthename.com/,2026-09-25T13:02:00+00:00,
www.cutestat.com,online,F,24.5,Ad-saturated / hostile,45,5,3,0,0,1,66.8,1,0,Misc,https://www.cutestat.com/,2026-09-25T22:52:29+00:00,
www.eatthefruit.com,online,F,24.5,Ad-saturated / hostile,28,5,2,1,0,1,57.4,2,0,Reading,https://www.eatthefruit.com/media-library/pdf-library/,2026-09-24T06:47:05+00:00,
www.familyecho.com,online,F,24.5,Ad-saturated / hostile,76,41,1,0,0,1,76.0,1,0,Misc,https://www.familyecho.com/,2026-09-26T12:31:41+00:00,
www.fileeagle.com,online,F,24.5,Ad-saturated / hostile,45,5,2,1,0,1,59.6,2,0,Downloading,https://www.fileeagle.com/,2026-09-18T17:16:20+00:00,
www.flightconnections.com,online,F,24.5,Ad-saturated / hostile,48,27,1,0,0,1,60.3,2,0,Misc,https://www.flightconnections.com/,2026-09-20T21:52:34+00:00,
www.jetpunk.com,online,F,24.5,Ad-saturated / hostile,222,74,1,0,0,1,43.7,2,1,Educational Gaming,https://www.jetpunk.com/,2026-09-13T17:06:33+00:00,
www.officeholidays.com,online,F,24.5,Ad-saturated / hostile,294,77,1,0,0,1,59.3,2,0,Misc,https://www.officeholidays.com/,2026-09-21T14:36:48+00:00,
www.tutorialkart.com,online,F,24.5,Ad-saturated / hostile,163,62,1,0,0,1,72.4,1,0,Educational,https://www.tutorialkart.com/,2026-09-25T13:02:00+00:00,
www.workingnomads.com,online,F,24.5,Ad-saturated / hostile,243,74,1,0,0,1,50.9,2,0,Misc,https://www.workingnomads.com/jobs,2026-09-21T14:36:48+00:00,
www.zophar.net,online,F,24.5,Ad-saturated / hostile,39,9,1,0,0,1,30.8,4,0,Gaming Music,https://www.zophar.net/,2026-09-17T22:29:32+00:00,
www.commonorganicchemistry.com,online,F,24.6,Ad-saturated / hostile,24,5,3,0,0,2,28.8,2,0,Educational,https://www.commonorganicchemistry.com,2026-09-19T06:40:29+00:00,
www.marapets.com,online,F,24.7,Ad-saturated / hostile,166,24,3,0,0,1,9.7,1,0,Gaming,https://www.marapets.com,2026-09-25T18:07:54+00:00,
globaldjmix.com,online,F,24.8,Ad-saturated / hostile,75,6,2,0,0,5,29.5,2,0,Music,https://globaldjmix.com/,2026-09-22T12:53:35+00:00,
thepopp.com,online,F,24.8,Ad-saturated / hostile,35,5,4,0,0,3,17.5,1,0,Storage,https://thepopp.com/,2026-09-28T07:40:47+00:00,
aesthetics.fandom.com,online,F,25.0,Ad-saturated / hostile,2487,132,1,0,0,0,52.3,3,0,Misc,https://aesthetics.fandom.com/wiki/Aesthetics_Wiki,2026-09-18T06:42:10+00:00,
countryeconomy.com,online,F,25.0,Ad-saturated / hostile,24,15,0,0,0,10,59.3,2,0,Educational,https://countryeconomy.com/,2026-09-19T12:07:10+00:00,
diep.io,online,F,25.0,Ad-saturated / hostile,319,94,1,0,0,0,44.1,1,0,Gaming,https://diep.io/,2026-09-25T18:07:54+00:00,
framed.wtf,online,F,25.0,Ad-saturated / hostile,122,55,1,0,0,0,74.1,1,0,Gaming,https://framed.wtf/,2026-09-25T22:52:29+00:00,
privnote.com,online,F,25.0,Ad-saturated / hostile,304,60,1,0,0,0,83.9,2,0,Adblock,https://privnote.com/,2026-09-25T22:52:29+00:00,
suggestream.com,online,F,25.0,Ad-saturated / hostile,37,10,1,0,0,0,76.6,2,0,Streaming,https://suggestream.com/,2026-09-24T22:46:15+00:00,
sunoaiwiki.com,online,F,25.0,Ad-saturated / hostile,48,6,2,0,0,4,72.9,1,1,Artificial-Intelligence,https://sunoaiwiki.com/en,2026-09-13T17:06:33+00:00,
thispersonnotexist.org,online,F,25.0,Ad-saturated / hostile,45,31,1,0,0,0,45.2,2,0,Misc,https://thispersonnotexist.org/,2026-09-21T22:53:03+00:00,
www.timeanddate.com,online,F,25.0,Ad-saturated / hostile,872,88,1,0,0,0,65.9,2,0,Misc,https://www.timeanddate.com/,2026-09-21T14:36:48+00:00,
eknihovna.maxzone.eu,online,F,25.2,Ad-saturated / hostile,35,3,4,0,0,3,28.5,2,0,Non-Eng,https://eknihovna.maxzone.eu/index.html,2026-09-22T22:28:30+00:00,
tunebat.com,online,F,25.4,Ad-saturated / hostile,252,80,2,0,0,0,19.2,2,0,Music,https://tunebat.com/,2026-09-22T17:49:43+00:00,
bandle.app,online,F,25.5,Ad-saturated / hostile,73,29,0,0,0,9,65.9,1,0,Gaming,https://bandle.app/,2026-09-25T22:52:29+00:00,
bigsoundbank.com,online,F,25.5,Ad-saturated / hostile,27,6,2,0,0,3,81.2,2,0,Music,https://bigsoundbank.com/,2026-09-22T17:49:43+00:00,
brainly.com,online,F,25.5,Ad-saturated / hostile,27,15,0,0,0,9,30.5,2,0,Educational,https://brainly.com/,2026-09-19T21:48:19+00:00,
cheatography.com,online,F,25.5,Ad-saturated / hostile,33,6,2,0,0,3,47.2,2,0,Educational,https://cheatography.com/,2026-09-19T21:48:19+00:00,
notes-box.com,online,F,25.5,Ad-saturated / hostile,29,4,7,0,0,4,0.9,2,0,Storage,https://notes-box.com/,2026-09-24T12:57:21+00:00,
vagalume.fm,online,F,25.5,Ad-saturated / hostile,27,12,1,0,0,3,26.0,2,0,Non-Eng,https://vagalume.fm,2026-09-23T06:43:24+00:00,
www.altium.com,online,F,25.5,Ad-saturated / hostile,27,13,0,0,0,9,37.0,2,0,Educational,https://www.altium.com/viewer/,2026-09-24T12:57:21+00:00,
www.altium365.com,online,F,25.5,Ad-saturated / hostile,25,13,0,0,0,9,39.4,2,0,Educational,https://www.altium365.com/viewer/,2026-09-19T21:48:19+00:00,
www.friv.com,online,F,25.5,Ad-saturated / hostile,42,8,1,0,0,1,41.1,3,0,Gaming,https://www.friv.com/,2026-09-18T12:26:05+00:00,
www.funtrivia.com,online,F,25.5,Ad-saturated / hostile,22,3,4,0,0,1,46.5,1,0,Gaming,https://www.funtrivia.com/,2026-09-25T22:52:29+00:00,
www.fviewer.com,online,F,25.5,Ad-saturated / hostile,35,6,2,0,0,3,64.9,2,0,Reading,https://www.fviewer.com/,2026-09-23T18:01:31+00:00,
www.ted.com,online,F,25.5,Ad-saturated / hostile,112,37,2,0,0,0,19.1,2,0,Educational,https://www.ted.com/,2026-08-19T14:24:21+00:00,
www.theblackvault.com,online,F,25.5,Ad-saturated / hostile,45,6,2,0,0,3,38.6,2,0,Reading,https://www.theblackvault.com/,2026-09-24T06:47:05+00:00,
www.freeriderhd.com,online,F,25.6,Ad-saturated / hostile,30,10,1,0,0,6,22.8,2,0,Gaming,https://www.freeriderhd.com/,2026-09-20T12:42:06+00:00,
demonlist.org,online,F,26.0,Ad-saturated / hostile,43,6,2,0,0,2,42.5,2,0,Storage,https://demonlist.org/,2026-09-12T11:45:01+00:00,
doceru.com,online,F,26.0,Ad-saturated / hostile,88,32,0,0,0,8,51.3,2,0,Non-Eng,https://doceru.com/,2026-09-23T06:43:24+00:00,
m.mojevideo.sk,online,F,26.0,Ad-saturated / hostile,57,8,1,0,0,0,72.8,1,0,Non-Eng,https://m.mojevideo.sk/,2026-09-27T17:58:51+00:00,
mope.io,online,F,26.0,Ad-saturated / hostile,131,53,2,0,0,0,18.1,2,0,Gaming,https://mope.io/,2026-08-29T22:00:23+00:00,
new.app.listonic.com,online,F,26.0,Ad-saturated / hostile,29,11,0,0,0,8,44.5,1,1,Misc,https://new.app.listonic.com/en,2026-09-13T21:45:32+00:00,
ownersman.com,online,F,26.0,Ad-saturated / hostile,27,3,4,0,0,0,33.6,4,0,Misc Reading,https://ownersman.com/,2026-09-18T06:42:10+00:00,
sport.tvp.pl,online,F,26.0,Ad-saturated / hostile,14,5,7,0,0,5,10.9,2,0,Non-Eng,https://sport.tvp.pl/,2026-09-23T06:43:24+00:00,
wiki.mobileread.com,online,F,26.0,Ad-saturated / hostile,30,3,4,0,0,0,77.5,4,0,Reading,https://wiki.mobileread.com/wiki/E-book_software,2026-09-18T12:26:05+00:00,
www.plannedparenthood.org,online,F,26.0,Ad-saturated / hostile,28,9,0,0,0,8,39.5,2,2,Misc,https://www.plannedparenthood.org/,2026-09-13T06:49:25+00:00,
www.playok.com,online,F,26.0,Ad-saturated / hostile,29,8,1,0,0,0,93.8,4,0,Gaming,https://www.playok.com/,2026-09-17T22:29:32+00:00,
yunjiema.net,online,F,26.0,Ad-saturated / hostile,38,6,2,0,0,2,88.7,1,0,Storage,https://yunjiema.net/,2026-09-28T07:40:47+00:00,
sketchful.io,online,F,26.2,Ad-saturated / hostile,32,18,1,0,0,2,25.6,1,1,Gaming,https://sketchful.io/,2026-09-13T21:45:32+00:00,
dermnetnz.org,online,F,26.3,Ad-saturated / hostile,705,90,1,0,0,1,26.3,2,0,Educational,https://dermnetnz.org/,2026-09-19T06:40:29+00:00,
www.monkey.app,online,F,26.3,Ad-saturated / hostile,37,14,1,0,0,5,22.4,2,0,Misc,https://www.monkey.app/,2026-09-21T14:36:48+00:00,
medibang.com,online,F,26.4,Ad-saturated / hostile,50,8,3,0,0,1,8.2,2,0,Reading,https://medibang.com/mpc/,2026-09-23T22:29:49+00:00,
alphabetagamer.com,online,F,26.5,Ad-saturated / hostile,42,5,3,1,0,0,17.1,1,0,Gaming,https://alphabetagamer.com/,2026-09-25T18:07:54+00:00,
copter.io,online,F,26.5,Ad-saturated / hostile,25,16,0,0,0,7,53.5,2,0,Gaming,https://copter.io/,2026-09-27T07:08:34+00:00,
driveandlisten.app,online,F,26.5,Ad-saturated / hostile,43,10,0,0,0,7,48.8,1,1,Music,https://driveandlisten.app/,2026-09-17T17:47:40+00:00,
heyfromthefuture.com,online,F,26.5,Ad-saturated / hostile,30,6,1,1,0,1,82.8,2,0,Misc,https://heyfromthefuture.com/,2026-09-21T22:53:03+00:00,
painting.tube,online,F,26.5,Ad-saturated / hostile,125,54,0,0,0,7,37.2,2,2,Educational,https://painting.tube,2026-09-12T21:42:32+00:00,
proxypal.net,online,F,26.5,Ad-saturated / hostile,40,6,2,0,0,1,66.3,2,0,Adblock,https://proxypal.net/,2026-09-18T12:26:05+00:00,
www.cctv-world.kr,online,F,26.5,Ad-saturated / hostile,66,6,2,0,0,1,71.8,2,0,Misc,https://www.cctv-world.kr/,2026-09-21T22:53:03+00:00,
www.skynovels.net,online,F,26.8,Ad-saturated / hostile,32,15,1,0,0,4,22.5,2,0,Non-Eng,https://www.skynovels.net/,2026-09-23T18:01:31+00:00,
cronobook.com,online,F,27.0,Ad-saturated / hostile,31,12,1,0,0,2,24.0,2,0,Misc,https://cronobook.com/,2026-09-21T07:14:22+00:00,
everything2.com,online,F,27.0,Ad-saturated / hostile,17,4,4,0,0,1,64.5,2,0,Reading,https://everything2.com/,2026-09-23T22:29:49+00:00,
mianfeijiema.com,online,F,27.0,Ad-saturated / hostile,45,6,2,0,0,0,70.7,2,2,Storage,https://mianfeijiema.com/,2026-09-13T12:54:24+00:00,
openbulkurl.com,online,F,27.0,Ad-saturated / hostile,42,7,1,0,0,4,54.4,2,0,Misc,https://openbulkurl.com/random/,2026-09-20T21:52:34+00:00,
openproxylist.com,online,F,27.0,Ad-saturated / hostile,32,4,3,0,0,2,74.7,1,0,Storage,https://openproxylist.com/,2026-09-28T07:40:47+00:00,
wheeldecide.com,online,F,27.0,Ad-saturated / hostile,65,35,0,0,0,6,37.8,2,0,Misc,https://wheeldecide.com/,2026-09-21T14:36:48+00:00,
writeaprisoner.com,online,F,27.0,Ad-saturated / hostile,10,4,16,0,0,2,35.9,2,0,Misc,https://writeaprisoner.com/,2026-09-21T22:53:03+00:00,
www.blockaway.net,online,F,27.0,Ad-saturated / hostile,35,4,3,0,0,2,61.9,1,0,Adblock,https://www.blockaway.net/,2026-09-25T06:39:48+00:00,
www.croxyproxy.com,online,F,27.0,Ad-saturated / hostile,37,4,3,0,0,2,65.3,1,0,Adblock,https://www.croxyproxy.com/,2026-09-25T06:39:48+00:00,
www.exactaudiocopy.de,online,F,27.0,Ad-saturated / hostile,38,4,3,0,0,2,73.6,2,2,Music,https://www.exactaudiocopy.de/,2026-09-13T06:49:25+00:00,
www.guggenheim.org,online,F,27.0,Ad-saturated / hostile,58,13,0,0,0,6,39.1,1,0,Storage,https://www.guggenheim.org/collection-online,2026-09-28T07:40:47+00:00,
www.rijksmuseum.nl,online,F,27.0,Ad-saturated / hostile,24,6,1,0,0,15,25.0,1,0,Storage,https://www.rijksmuseum.nl/en/collection,2026-09-28T07:40:47+00:00,
www.scamadviser.com,online,F,27.0,Ad-saturated / hostile,208,72,1,0,0,4,21.9,2,0,Adblock,https://www.scamadviser.com/,2026-09-18T06:42:10+00:00,
www.sciencegeek.net,online,F,27.0,Ad-saturated / hostile,23,4,3,0,0,2,81.2,3,0,Educational,https://www.sciencegeek.net/,2026-09-18T06:42:10+00:00,
editor.audio,online,F,27.3,Ad-saturated / hostile,171,56,1,0,0,2,23.4,1,1,Music,https://editor.audio/,2026-09-17T17:47:40+00:00,
www.gptdemo.net,online,F,27.3,Ad-saturated / hostile,36,10,2,1,0,0,5.3,2,0,Artificial-Intelligence,"https://www.gptdemo.net/gpt/search?lg=en&cate=&keywords=&tags=free,&sort=popular",2026-09-18T17:16:20+00:00,
citationmachine.net,online,F,27.5,Ad-saturated / hostile,78,31,0,0,0,5,55.1,1,0,Educational,https://citationmachine.net/,2026-09-25T18:07:54+00:00,
fern.best,online,F,27.5,Ad-saturated / hostile,86,26,0,0,0,5,45.5,2,0,Gaming,https://fern.best/,2026-09-20T12:42:06+00:00,
gasprices.aaa.com,online,F,27.5,Ad-saturated / hostile,24,7,1,0,0,3,48.2,2,0,Misc,https://gasprices.aaa.com/,2026-09-20T21:52:34+00:00,
nobids.net,online,F,27.5,Ad-saturated / hostile,30,7,1,0,0,3,55.1,2,0,Misc,https://nobids.net/,2026-09-21T14:36:48+00:00,
playclassic.games,online,F,27.5,Ad-saturated / hostile,43,11,3,0,0,3,2.0,2,2,Gaming,https://playclassic.games/,2026-09-12T21:42:32+00:00,
readkoreanletters.com,online,F,27.5,Ad-saturated / hostile,31,7,1,0,0,3,63.9,2,0,Educational,https://readkoreanletters.com/,2026-09-19T16:51:07+00:00,
russianspaceweb.com,online,F,27.5,Ad-saturated / hostile,28,4,3,0,0,1,30.2,2,0,Educational,https://russianspaceweb.com/,2026-09-19T06:40:29+00:00,
soundcloud.com,online,F,27.5,Ad-saturated / hostile,58,32,0,0,0,5,32.5,6,4,Mobile Music,https://soundcloud.com/,2026-09-12T16:31:29+00:00,
www.physicsandmathstutor.com,online,F,27.5,Ad-saturated / hostile,18,14,1,0,0,1,92.2,1,0,Educational,https://www.physicsandmathstutor.com/,2026-09-25T18:07:54+00:00,
www.radio.pt,online,F,27.5,Ad-saturated / hostile,41,25,0,0,0,5,44.3,2,0,Non-Eng,https://www.radio.pt,2026-09-23T06:43:24+00:00,
www.sports-reference.com,online,F,27.5,Ad-saturated / hostile,256,81,0,0,0,5,74.5,2,0,Misc,https://www.sports-reference.com/,2026-09-20T21:52:34+00:00,
cultura.uol.com.br,online,F,27.8,Ad-saturated / hostile,121,46,1,0,0,4,20.4,2,0,Non-Eng,https://cultura.uol.com.br/aovivo/,2026-09-23T06:43:24+00:00,
multiplayerpiano.com,online,F,27.8,Ad-saturated / hostile,88,36,1,0,0,4,20.4,1,0,Misc,https://multiplayerpiano.com/,2026-09-26T12:31:41+00:00,
www.allsides.com,online,F,27.8,Ad-saturated / hostile,58,28,1,1,0,0,14.5,2,0,Misc,https://www.allsides.com/,2026-09-28T07:40:47+00:00,
www.sapo.pt,online,F,27.8,Ad-saturated / hostile,77,28,3,0,0,0,4.3,2,0,Non-Eng,https://www.sapo.pt,2026-08-31T07:39:18+00:00,
www.sslsecureproxy.com,online,F,27.8,Ad-saturated / hostile,32,6,2,0,0,1,27.4,2,0,Adblock,https://www.sslsecureproxy.com/,2026-09-18T12:26:05+00:00,
foulabook.com,online,E,28.0,Very heavy advertising,36,5,2,0,0,4,51.7,2,0,Non-Eng,https://foulabook.com/,2026-09-22T17:49:43+00:00,
hunter.fm,online,E,28.0,Very heavy advertising,52,30,0,0,0,4,38.1,2,0,Non-Eng,https://hunter.fm,2026-09-23T06:43:24+00:00,
livetv.sx,online,E,28.0,Very heavy advertising,49,29,0,0,0,4,31.1,4,2,Non-Eng Streaming,https://livetv.sx/dex/,2026-09-12T16:31:29+00:00,
loldle.net,online,E,28.0,Very heavy advertising,350,74,0,0,0,4,45.3,2,0,Gaming,https://loldle.net/,2026-09-20T17:01:41+00:00,
smashkarts.io,online,E,28.0,Very heavy advertising,53,31,0,0,0,4,59.5,2,0,Gaming,https://smashkarts.io/,2026-09-20T12:42:06+00:00,
theuselessweb.com,online,E,28.0,Very heavy advertising,39,21,0,0,0,4,83.1,2,0,Misc,https://theuselessweb.com/,2026-09-20T21:52:34+00:00,
www.cellmapper.net,online,E,28.0,Very heavy advertising,54,7,1,0,0,2,37.6,2,0,Misc,https://www.cellmapper.net/,2026-09-21T07:14:22+00:00,
www.mathhelp.com,online,E,28.0,Very heavy advertising,43,17,0,0,0,4,45.7,1,0,Educational,https://www.mathhelp.com/,2026-08-26T02:55:42+00:00,
www.ndpsoftware.com,online,E,28.0,Very heavy advertising,36,7,1,0,0,2,63.3,1,1,Educational,https://www.ndpsoftware.com/git-cheatsheet.html#loc=index;,2026-09-13T17:06:33+00:00,
www.playdosgames.com,online,E,28.0,Very heavy advertising,57,4,3,0,0,0,46.2,1,0,Gaming,https://www.playdosgames.com/,2026-09-25T18:07:54+00:00,
www.publicdomaintorrents.info,online,E,28.0,Very heavy advertising,40,4,3,0,0,0,76.7,2,0,Streaming,https://www.publicdomaintorrents.info/,2026-09-24T22:46:15+00:00,
flixhouse.com,online,E,28.1,Very heavy advertising,480,72,2,0,0,9,4.8,2,0,Streaming,https://flixhouse.com/,2026-09-24T18:01:53+00:00,
www.animenewsnetwork.com,online,E,28.1,Very heavy advertising,46,27,0,0,0,5,28.8,2,0,Misc,https://www.animenewsnetwork.com/,2026-09-21T07:14:22+00:00,
tunein.com,online,E,28.2,Very heavy advertising,1026,89,0,0,0,4,29.6,1,0,Music,https://tunein.com/,2026-09-27T07:08:34+00:00,
tstrs.me,online,E,28.3,Very heavy advertising,47,8,1,0,0,2,23.3,2,0,Non-Eng,https://tstrs.me/search,2026-09-24T12:57:21+00:00,
www.tfo.org,online,E,28.4,Very heavy advertising,41,16,2,0,0,11,2.2,2,0,Non-Eng,https://www.tfo.org/,2026-09-22T22:28:30+00:00,
epsteinsecrets.com,online,E,28.5,Very heavy advertising,35,5,2,0,0,3,78.5,1,1,Reading,https://epsteinsecrets.com/,2026-09-17T17:47:40+00:00,
forums.lostmediawiki.com,online,E,28.5,Very heavy advertising,445,78,1,0,0,4,19.0,1,1,Misc,https://forums.lostmediawiki.com/,2026-08-30T07:23:55+00:00,
gartic.io,online,E,28.5,Very heavy advertising,73,47,0,0,0,3,32.7,1,1,Gaming,https://gartic.io/,2026-09-13T21:45:32+00:00,
humanbenchmark.com,online,E,28.5,Very heavy advertising,172,63,0,0,0,3,70.0,2,2,Misc,https://humanbenchmark.com/,2026-09-13T06:49:25+00:00,
informeddelivery.usps.com,online,E,28.5,Very heavy advertising,31,12,0,0,0,3,36.2,1,0,Misc,https://informeddelivery.usps.com/,2026-09-26T12:31:41+00:00,
letterboxd.com,online,E,28.5,Very heavy advertising,136,57,0,0,0,3,60.7,2,2,Streaming,https://letterboxd.com/,2026-09-13T12:54:24+00:00,
playfootball.games,online,E,28.5,Very heavy advertising,128,39,0,0,0,3,37.9,2,0,Gaming,https://playfootball.games/,2026-09-20T17:01:41+00:00,
www.conjuguemos.com,online,E,28.5,Very heavy advertising,32,14,0,0,0,3,72.5,1,0,Educational,https://www.conjuguemos.com/,2026-09-25T13:02:00+00:00,
www.conversationexchange.com,online,E,28.5,Very heavy advertising,329,70,0,0,0,3,36.9,2,0,Educational,https://www.conversationexchange.com/,2026-09-19T12:07:10+00:00,
www.easyauscultation.com,online,E,28.5,Very heavy advertising,654,81,0,0,0,3,80.3,1,0,Educational,https://www.easyauscultation.com/,2026-09-25T13:02:00+00:00,
www.fotmob.com,online,E,28.5,Very heavy advertising,24,12,0,0,0,3,31.9,2,0,Misc,https://www.fotmob.com/,2026-09-20T21:52:34+00:00,
www.ios-repo-updates.com,online,E,28.5,Very heavy advertising,27,5,2,0,0,3,78.7,2,0,Mobile,https://www.ios-repo-updates.com/,2026-09-22T06:49:41+00:00,
www.tdtchannels.com,online,E,28.5,Very heavy advertising,42,7,1,0,0,1,54.9,2,2,Non-Eng,https://www.tdtchannels.com/,2026-09-13T12:54:24+00:00,
tetris.com,online,E,28.7,Very heavy advertising,22,10,0,0,0,13,19.7,2,0,Gaming,https://tetris.com/,2026-09-20T17:01:41+00:00,
apps.npr.org,online,E,28.8,Very heavy advertising,100,38,2,0,0,2,10.5,2,2,Reading,https://apps.npr.org/best-books/,2026-09-17T17:47:40+00:00,
www.joj.sk,online,E,28.8,Very heavy advertising,88,32,0,0,0,9,23.3,2,0,Non-Eng,https://www.joj.sk/archiv,2026-09-23T13:04:02+00:00,
www.thewikigame.com,online,E,28.8,Very heavy advertising,151,49,0,0,0,5,27.5,2,0,Gaming,https://www.thewikigame.com/,2026-09-20T17:01:41+00:00,
beat-battle.net,online,E,29.0,Very heavy advertising,53,24,0,0,0,2,74.3,4,0,Misc Music,https://beat-battle.net/,2026-09-18T06:42:10+00:00,
bestdosgames.com,online,E,29.0,Very heavy advertising,41,25,0,0,0,2,57.1,1,0,Gaming,https://bestdosgames.com/,2026-09-25T18:07:54+00:00,
explosm.net,online,E,29.0,Very heavy advertising,66,35,0,0,0,2,34.2,4,2,Misc Reading,https://explosm.net/rcg,2026-09-12T16:31:29+00:00,
flagdoku.com,online,E,29.0,Very heavy advertising,41,25,0,0,0,2,58.7,1,0,Educational,https://flagdoku.com/,2026-09-25T13:02:00+00:00,
globle-game.com,online,E,29.0,Very heavy advertising,172,61,0,0,0,2,32.8,2,2,Gaming,https://globle-game.com/,2026-09-13T06:49:25+00:00,
goldenaudiobook.net,online,E,29.0,Very heavy advertising,22,9,0,0,0,2,33.2,2,0,Reading,https://goldenaudiobook.net/,2026-08-24T20:05:00+00:00,
goldenaudiobooks.com,online,E,29.0,Very heavy advertising,22,12,0,0,0,2,33.4,2,0,Reading,https://goldenaudiobooks.com/,2026-09-10T12:24:16+00:00,
hdaudiobooks.net,online,E,29.0,Very heavy advertising,29,14,0,0,0,2,44.6,2,0,Reading,https://hdaudiobooks.net/,2026-08-24T20:05:00+00:00,
helpotnopat.fi,online,E,29.0,Very heavy advertising,22,2,4,0,0,0,71.9,2,0,Non-Eng,https://helpotnopat.fi/,2026-09-22T22:28:30+00:00,
indexsubtitle.cc,online,E,29.0,Very heavy advertising,55,19,0,0,0,2,76.7,2,0,Streaming,https://indexsubtitle.cc/,2026-09-24T22:46:15+00:00,
linxicon.com,online,E,29.0,Very heavy advertising,190,70,0,0,0,2,56.9,2,0,Gaming,https://linxicon.com/,2026-09-20T07:03:23+00:00,
metazooa.com,online,E,29.0,Very heavy advertising,218,67,0,0,0,2,55.3,3,0,Educational Gaming,https://metazooa.com/,2026-09-18T06:42:10+00:00,
mythology.net,online,E,29.0,Very heavy advertising,42,5,1,1,0,2,60.5,2,0,Educational,https://mythology.net/,2026-09-19T06:40:29+00:00,
onlineradiobox.com,online,E,29.0,Very heavy advertising,68,29,0,0,0,2,67.1,2,0,Music,https://onlineradiobox.com/,2026-09-22T12:53:35+00:00,
pixoguess.com,online,E,29.0,Very heavy advertising,106,44,0,0,0,2,36.0,2,0,Gaming,https://pixoguess.com/,2026-09-24T12:57:21+00:00,
pokemonshowdown.com,online,E,29.0,Very heavy advertising,61,33,1,0,0,0,22.0,2,2,Gaming,https://pokemonshowdown.com/,2026-09-13T06:49:25+00:00,
sheetmusiceden.com,online,E,29.0,Very heavy advertising,30,5,2,0,0,2,83.2,2,0,Storage,https://sheetmusiceden.com/,2026-08-25T08:25:42+00:00,
sorr.forumotion.net,online,E,29.0,Very heavy advertising,125,30,0,0,0,2,64.8,2,0,Gaming,https://sorr.forumotion.net/t838-new-streets-of-rage-remake-v5-2-download-and-info,2026-09-20T07:03:23+00:00,
spotle.io,online,E,29.0,Very heavy advertising,50,26,0,0,0,2,70.5,1,0,Gaming,https://spotle.io/,2026-09-25T22:52:29+00:00,
svgsilh.com,online,E,29.0,Very heavy advertising,44,5,2,0,0,2,76.7,1,0,Storage,https://svgsilh.com/,2026-09-28T16:00:57+00:00,
terabox.hnn.workers.dev,online,E,29.0,Very heavy advertising,53,20,0,0,0,2,55.4,1,0,Downloading,https://terabox.hnn.workers.dev/,2026-09-25T06:39:48+00:00,
whatsamook.games,online,E,29.0,Very heavy advertising,529,94,0,0,0,2,53.7,3,0,Gaming,https://whatsamook.games/,2026-09-18T12:26:05+00:00,
www.creativeuncut.com,online,E,29.0,Very heavy advertising,67,30,0,0,0,2,41.2,2,0,Misc,https://www.creativeuncut.com/,2026-09-21T22:53:03+00:00,
www.learn-english-online.org,online,E,29.0,Very heavy advertising,37,5,1,1,0,2,33.1,2,0,Educational,https://www.learn-english-online.org/,2026-09-19T16:51:07+00:00,
www.parsatv.com,online,E,29.0,Very heavy advertising,124,43,0,0,0,2,53.5,2,0,Non-Eng,https://www.parsatv.com/,2026-09-23T06:43:24+00:00,
www.poemhunter.com,online,E,29.0,Very heavy advertising,44,9,0,0,0,2,92.1,2,0,Reading,https://www.poemhunter.com/,2026-09-24T06:47:05+00:00,
www.squidtv.net,online,E,29.0,Very heavy advertising,287,61,0,0,0,2,40.6,2,0,Streaming,https://www.squidtv.net/,2026-09-24T18:01:53+00:00,
www.sudokuwiki.org,online,E,29.0,Very heavy advertising,34,22,0,0,0,2,52.9,1,0,Gaming,https://www.sudokuwiki.org/,2026-09-25T18:07:54+00:00,
www.tasteatlas.com,online,E,29.0,Very heavy advertising,167,35,0,0,0,5,27.1,2,0,Misc,https://www.tasteatlas.com/,2026-09-20T21:52:34+00:00,
www.transparentpng.com,online,E,29.0,Very heavy advertising,37,4,3,0,0,3,25.1,1,0,Storage,https://www.transparentpng.com/,2026-09-28T07:40:47+00:00,
www.webdesignmuseum.org,online,E,29.0,Very heavy advertising,206,77,0,0,0,2,43.1,2,0,Gaming,https://www.webdesignmuseum.org/flash-games,2026-09-20T12:42:06+00:00,
www.worldometers.info,online,E,29.0,Very heavy advertising,393,84,0,0,0,2,83.3,2,2,Educational,https://www.worldometers.info/,2026-09-12T21:42:32+00:00,
www.worldtimebuddy.com,online,E,29.0,Very heavy advertising,17,10,1,0,0,1,78.9,1,0,Misc,https://www.worldtimebuddy.com/,2026-09-26T12:31:41+00:00,
www.archchinese.com,online,E,29.2,Very heavy advertising,34,3,3,1,0,0,23.5,1,0,Educational,https://www.archchinese.com/,2026-09-25T13:02:00+00:00,
www.emu-france.com,online,E,29.2,Very heavy advertising,77,37,0,0,0,8,23.7,1,0,Gaming,https://www.emu-france.com/emulateurs/,2026-09-25T18:07:54+00:00,
scaleofuniverse.com,online,E,29.3,Very heavy advertising,14,4,3,2,0,10,15.3,1,0,Educational,https://scaleofuniverse.com/,2026-09-25T13:02:00+00:00,
webwhiteboard.com,online,E,29.3,Very heavy advertising,49,8,0,0,0,9,24.4,1,1,Educational,https://webwhiteboard.com/,2026-09-20T21:52:34+00:00,
www.montereybayaquarium.org,online,E,29.3,Very heavy advertising,21,9,0,0,0,10,21.3,2,0,Misc,https://www.montereybayaquarium.org/animals/live-cams,2026-09-21T22:53:03+00:00,
ubghub.org,online,E,29.4,Very heavy advertising,31,7,3,0,0,1,8.2,2,0,Gaming,https://ubghub.org/,2026-09-20T12:42:06+00:00,
www.freesoundslibrary.com,online,E,29.4,Very heavy advertising,35,5,2,0,0,3,28.2,2,0,Music,https://www.freesoundslibrary.com/,2026-08-30T17:46:30+00:00,
actorle.com,online,E,29.5,Very heavy advertising,35,24,0,0,0,1,79.2,1,0,Gaming,https://actorle.com/,2026-09-25T22:52:29+00:00,
auroraoss.com,online,E,29.5,Very heavy advertising,55,5,2,0,0,1,51.1,2,2,Mobile,https://auroraoss.com/,2026-09-13T06:49:25+00:00,
couponscorpion.com,online,E,29.5,Very heavy advertising,20,13,0,0,0,1,33.5,2,2,Storage,https://couponscorpion.com/,2026-09-13T12:54:24+00:00,
fakeinfo.net,online,E,29.5,Very heavy advertising,217,66,0,0,0,1,62.2,1,0,Mobile,https://fakeinfo.net/fake-whatsapp-chat-generator,2026-09-27T07:08:34+00:00,
getcomics.org,online,E,29.5,Very heavy advertising,81,36,0,0,0,1,39.9,2,2,Reading,https://getcomics.org/,2026-09-13T12:54:24+00:00,
m.dict.cc,online,E,29.5,Very heavy advertising,20,16,0,0,0,1,84.2,1,0,Educational,https://m.dict.cc/,2026-09-25T13:02:00+00:00,
moviedle.xyz,online,E,29.5,Very heavy advertising,37,23,0,0,0,1,80.8,1,0,Gaming,https://moviedle.xyz/,2026-09-25T22:52:29+00:00,
perfectdark.benri-tool.net,online,E,29.5,Very heavy advertising,23,4,2,0,0,7,58.6,2,0,Non-Eng,https://perfectdark.benri-tool.net/,2026-09-23T06:43:24+00:00,
pixoguess.io,online,E,29.5,Very heavy advertising,24,14,0,0,0,1,44.2,2,0,Gaming,https://pixoguess.io/,2026-09-20T12:42:06+00:00,
racketboy.com,online,E,29.5,Very heavy advertising,83,31,0,0,0,1,56.1,1,0,Misc,https://racketboy.com/forum/,2026-09-26T12:31:41+00:00,
wikigacha.com,online,E,29.5,Very heavy advertising,34,10,0,0,0,1,50.3,2,0,Gaming,https://wikigacha.com/,2026-09-20T07:03:23+00:00,
www.2ix2.com,online,E,29.5,Very heavy advertising,64,19,0,0,0,1,44.2,2,0,Non-Eng,https://www.2ix2.com/,2026-09-22T22:28:30+00:00,
www.babycenter.com,online,E,29.5,Very heavy advertising,23,11,0,0,0,1,34.8,2,0,Misc,https://www.babycenter.com/,2026-09-21T07:14:22+00:00,
www.carpdfmanual.com,online,E,29.5,Very heavy advertising,34,5,2,0,0,1,59.8,1,1,Misc,https://www.carpdfmanual.com/,2026-09-20T21:52:34+00:00,
www.gamedle.wtf,online,E,29.5,Very heavy advertising,643,99,0,0,0,1,40.7,1,1,Gaming,https://www.gamedle.wtf/,2026-09-13T21:45:32+00:00,
www.nationstates.net,online,E,29.5,Very heavy advertising,27,21,0,0,0,1,59.6,2,0,Gaming,https://www.nationstates.net/,2026-09-20T12:42:06+00:00,
www.radioline.co,online,E,29.5,Very heavy advertising,97,46,0,0,0,1,78.2,2,0,Music,https://www.radioline.co/,2026-09-22T12:53:35+00:00,
www.roundgames.com,online,E,29.5,Very heavy advertising,25,6,1,0,0,5,62.7,2,0,Gaming,https://www.roundgames.com/,2026-09-20T12:42:06+00:00,
www.smbc-comics.com,online,E,29.5,Very heavy advertising,50,28,0,0,0,1,42.1,2,0,Reading,https://www.smbc-comics.com/,2026-09-23T22:29:49+00:00,
www.supercook.com,online,E,29.5,Very heavy advertising,200,64,1,0,0,1,20.0,2,2,Misc,https://www.supercook.com/,2026-09-13T06:49:25+00:00,
tools.majorgeeks.com,online,E,29.7,Very heavy advertising,36,5,1,1,0,4,26.7,2,0,Misc,https://tools.majorgeeks.com/,2026-09-21T14:36:48+00:00,
baronip-coupons.blogspot.com,online,E,29.8,Very heavy advertising,21,5,2,0,0,12,18.4,1,0,Storage,https://baronip-coupons.blogspot.com/,2026-09-05T11:24:22+00:00,
www.coolmathgames.com,online,E,29.9,Very heavy advertising,46,28,0,0,0,3,27.2,4,0,Educational Gaming,https://www.coolmathgames.com/,2026-09-17T22:29:32+00:00,
aniguessr.com,online,E,30.0,Very heavy advertising,61,28,0,0,0,0,38.4,2,0,Gaming,https://aniguessr.com/,2026-09-20T17:01:41+00:00,
forebears.io,online,E,30.0,Very heavy advertising,298,79,0,0,0,0,50.2,2,0,Educational,https://forebears.io/,2026-09-19T06:40:29+00:00,
freemathhelp.com,online,E,30.0,Very heavy advertising,39,5,2,0,0,0,35.6,1,0,Educational,https://freemathhelp.com/,2026-09-25T06:39:48+00:00,
kuku-kube.com,online,E,30.0,Very heavy advertising,33,6,1,0,0,4,88.7,2,0,Gaming,https://kuku-kube.com/,2026-09-20T07:03:23+00:00,
pkgs.org,online,E,30.0,Very heavy advertising,58,5,1,1,0,0,90.4,4,0,Linux,https://pkgs.org/,2026-09-17T22:29:32+00:00,
retrosystemsrevival.blogspot.com,online,E,30.0,Very heavy advertising,29,4,3,0,0,0,26.0,2,0,Downloading,https://retrosystemsrevival.blogspot.com/,2026-09-18T17:16:20+00:00,
samplette.io,online,E,30.0,Very heavy advertising,20,14,0,0,0,0,32.4,1,0,Music,https://samplette.io/,2026-09-27T07:08:34+00:00,
splix.io,online,E,30.0,Very heavy advertising,125,54,0,0,0,0,67.5,1,0,Gaming,https://splix.io/,2026-09-25T18:07:54+00:00,
voidclusters.wikidot.com,online,E,30.0,Very heavy advertising,78,31,0,0,0,0,45.8,1,0,Reading,http://voidclusters.wikidot.com/,2026-09-27T17:58:51+00:00,
wordsalad.online,online,E,30.0,Very heavy advertising,52,28,0,0,0,0,42.9,2,0,Gaming,https://wordsalad.online/,2026-09-20T07:03:23+00:00,
www.cinenerdle.app,online,E,30.0,Very heavy advertising,13,9,2,0,0,1,43.7,2,0,Gaming,https://www.cinenerdle.app/,2026-09-20T17:01:41+00:00,
www.downloads-anymovies.co,online,E,30.0,Very heavy advertising,47,19,0,0,0,0,40.6,4,0,Streaming,https://www.downloads-anymovies.co/,2026-09-18T12:26:05+00:00,
www.physicsforums.com,online,E,30.0,Very heavy advertising,27,5,1,1,0,0,53.2,2,0,Educational,https://www.physicsforums.com/,2026-09-18T17:16:20+00:00,
www.skymangas.com,online,E,30.0,Very heavy advertising,377,70,0,0,0,0,44.2,2,0,Non-Eng,https://www.skymangas.com/,2026-09-23T18:01:31+00:00,
www.usdoku.com,online,E,30.0,Very heavy advertising,35,11,0,0,0,0,55.9,2,0,Gaming,https://www.usdoku.com/,2026-09-20T07:03:23+00:00,
www.xdccmule.org,online,E,30.0,Very heavy advertising,43,5,2,0,0,0,59.6,2,0,Non-Eng,https://www.xdccmule.org/,2026-09-23T06:43:24+00:00,
bookmarks.reviews,online,E,30.1,Very heavy advertising,48,27,1,0,0,10,9.8,2,0,Reading,https://bookmarks.reviews/,2026-09-24T06:47:05+00:00,
www.blu-ray.com,online,E,30.4,Very heavy advertising,55,27,0,0,0,3,26.2,4,0,Misc Streaming,https://www.blu-ray.com/,2026-09-24T22:46:15+00:00,
gamesfrog.com,online,E,30.5,Very heavy advertising,28,5,1,0,0,9,31.8,2,2,Gaming,https://gamesfrog.com/,2026-09-12T21:42:32+00:00,
toontone.games,online,E,30.5,Very heavy advertising,21,3,3,0,0,1,61.9,2,0,Gaming,https://toontone.games/,2026-09-20T17:01:41+00:00,
www.ofoct.com,online,E,30.5,Very heavy advertising,43,4,2,0,0,5,65.9,2,0,Reading,https://www.ofoct.com/viewer/epub-reader-online.html,2026-09-23T18:01:31+00:00,
www.warbirdalley.com,online,E,30.5,Very heavy advertising,14,6,4,0,0,4,17.1,2,0,Educational,http://www.warbirdalley.com/,2026-09-19T06:40:29+00:00,
www.wcoanimedub.tv,online,E,30.6,Very heavy advertising,51,21,0,0,0,2,26.8,1,1,Streaming,https://www.wcoanimedub.tv/,2026-09-17T22:29:32+00:00,
videa.hu,online,E,30.7,Very heavy advertising,19,9,3,0,0,1,0.6,2,0,Streaming,https://videa.hu/,2026-09-24T18:01:53+00:00,
www.tv5unis.ca,online,E,30.7,Very heavy advertising,56,15,1,0,0,5,13.7,2,0,Non-Eng,https://www.tv5unis.ca/,2026-09-22T22:28:30+00:00,
www.vix.com,online,E,30.8,Very heavy advertising,39,19,0,0,0,35,8.4,2,0,Non-Eng,https://www.vix.com/tv/,2026-09-23T13:04:02+00:00,
boredhumans.com,online,E,31.0,Very heavy advertising,28,6,1,0,0,2,40.5,2,0,Misc,https://boredhumans.com/,2026-09-21T22:53:03+00:00,
getrandomgenerator.com,online,E,31.0,Very heavy advertising,40,6,1,0,0,2,80.6,1,0,Misc,https://getrandomgenerator.com/,2026-09-26T12:31:41+00:00,
gparted.org,online,E,31.0,Very heavy advertising,32,3,3,0,0,0,72.3,2,0,Linux,https://gparted.org/,2026-09-20T17:01:41+00:00,
liminal-archives.wikidot.com,online,E,31.0,Very heavy advertising,69,28,0,0,0,0,28.0,2,0,Reading,http://liminal-archives.wikidot.com/,2026-09-23T22:29:49+00:00,
netsplit.de,online,E,31.0,Very heavy advertising,37,8,0,0,0,0,88.6,2,0,Downloading,https://netsplit.de/,2026-09-18T17:16:20+00:00,
plugins4free.com,online,E,31.0,Very heavy advertising,31,3,3,0,0,0,37.7,2,0,Music,https://plugins4free.com/,2026-09-22T17:49:43+00:00,
sandboxie-plus.com,online,E,31.0,Very heavy advertising,35,3,2,1,0,0,73.4,2,0,Adblock,https://sandboxie-plus.com/,2026-09-18T06:42:10+00:00,
www.3dtuning.com,online,E,31.0,Very heavy advertising,31,6,1,0,0,2,34.7,2,0,Misc,https://www.3dtuning.com/,2026-09-21T22:53:03+00:00,
www.aldaily.com,online,E,31.0,Very heavy advertising,15,10,1,0,0,3,50.8,2,0,Misc,https://www.aldaily.com/,2026-09-21T07:14:22+00:00,
www.newspaperindex.com,online,E,31.0,Very heavy advertising,36,6,1,0,0,2,79.4,1,0,Reading,https://www.newspaperindex.com/,2026-09-27T17:58:51+00:00,
www.notebookcast.com,online,E,31.0,Very heavy advertising,23,3,3,0,0,0,33.9,1,1,Educational,https://www.notebookcast.com/,2026-09-13T17:06:33+00:00,
www.presentationgo.com,online,E,31.0,Very heavy advertising,16,4,4,0,0,2,23.9,1,0,Storage,https://www.presentationgo.com/,2026-09-28T07:40:47+00:00,
xsgames.co,online,E,31.0,Very heavy advertising,48,7,2,0,0,1,15.1,1,0,Storage,https://xsgames.co/devassets/,2026-09-28T07:40:47+00:00,
lostgamer.io,online,E,31.1,Very heavy advertising,132,44,1,0,0,1,16.8,2,0,Gaming,https://lostgamer.io/,2026-09-20T17:01:41+00:00,
www.rocketjumpninja.com,online,E,31.1,Very heavy advertising,30,4,2,1,0,0,23.8,1,0,Misc,https://www.rocketjumpninja.com/,2026-09-26T12:31:41+00:00,
bonk.io,online,E,31.2,Very heavy advertising,78,36,0,0,0,2,25.6,2,2,Gaming,https://bonk.io/,2026-09-13T06:49:25+00:00,
hack-games.com,online,E,31.2,Very heavy advertising,76,5,4,0,0,1,6.7,2,0,Non-Eng,https://hack-games.com/,2026-09-22T17:49:43+00:00,
sampleswap.org,online,E,31.3,Very heavy advertising,21,5,3,0,0,3,14.3,1,0,Music,https://sampleswap.org/,2026-09-27T07:08:34+00:00,
sketchrepo.com,online,E,31.3,Very heavy advertising,18,4,3,0,0,1,28.4,1,0,Storage,https://sketchrepo.com/,2026-08-28T23:15:50+00:00,
www.mockupworld.co,online,E,31.3,Very heavy advertising,122,55,0,0,0,3,24.4,1,0,Storage,https://www.mockupworld.co/,2026-09-27T17:58:51+00:00,
tmuxcheatsheet.com,online,E,31.5,Very heavy advertising,19,3,3,0,0,2,74.8,1,0,Linux,https://tmuxcheatsheet.com/,2026-09-25T22:52:29+00:00,
worldcams.tv,online,E,31.5,Very heavy advertising,44,6,1,0,0,1,58.0,2,0,Misc,https://worldcams.tv/,2026-09-21T22:53:03+00:00,
worldofcardgames.com,online,E,31.5,Very heavy advertising,153,53,1,0,0,2,14.9,2,2,Gaming,https://worldofcardgames.com/,2026-09-12T21:42:32+00:00,
wallpapers-clan.com,online,E,31.6,Very heavy advertising,32,18,1,0,0,1,15.8,2,0,Mobile,https://wallpapers-clan.com/,2026-09-18T12:26:05+00:00,
mariopartylegacy.com,online,E,31.7,Very heavy advertising,54,25,0,0,0,0,26.6,2,0,Gaming,https://mariopartylegacy.com/forum/,2026-09-20T07:03:23+00:00,
rubiks-cube-solver.com,online,E,31.7,Very heavy advertising,105,44,0,0,0,1,25.7,2,0,Gaming,https://rubiks-cube-solver.com/,2026-08-21T02:52:30+00:00,
jakdojade.pl,online,E,31.8,Very heavy advertising,16,8,0,0,0,13,27.5,2,0,Non-Eng,https://jakdojade.pl/,2026-09-23T06:43:24+00:00,
www.astrobin.com,online,E,31.8,Very heavy advertising,27,8,1,0,0,4,14.4,1,1,Educational,https://www.astrobin.com/search/,2026-09-13T17:06:33+00:00,
www.cisco.com,online,E,31.8,Very heavy advertising,35,10,0,0,0,5,21.3,1,0,Misc,https://www.cisco.com/c/en/us/training-events/training-certifications/certifications.html,2026-09-26T12:31:41+00:00,
www.papodegordo.com.br,online,E,31.8,Very heavy advertising,49,5,2,0,0,4,22.5,2,0,Non-Eng,https://www.papodegordo.com.br/category/podcast/,2026-09-23T06:43:24+00:00,
www.theuniguide.co.uk,online,E,31.8,Very heavy advertising,22,11,0,0,0,1,25.4,1,0,Educational,https://www.theuniguide.co.uk/,2026-09-25T18:07:54+00:00,
web-ace.jp,online,E,31.9,Very heavy advertising,142,55,2,0,0,2,4.2,2,0,Non-Eng,https://web-ace.jp/youngaceup/,2026-09-23T06:43:24+00:00,
scholarshiproar.com,online,E,32.0,Very heavy advertising,21,4,2,0,0,2,39.9,2,0,Educational,https://scholarshiproar.com/,2026-09-19T21:48:19+00:00,
soundpacks.com,online,E,32.0,Very heavy advertising,31,4,2,0,0,2,32.5,2,0,Music,https://soundpacks.com/,2026-09-27T07:08:34+00:00,
www.awakening-intuition.com,online,E,32.0,Very heavy advertising,26,4,2,0,0,2,52.1,2,0,Reading,https://www.awakening-intuition.com/ebooks.html,2026-09-24T06:47:05+00:00,
www.earlychristianwritings.com,online,E,32.0,Very heavy advertising,35,4,2,0,0,2,55.2,2,0,Reading,https://www.earlychristianwritings.com/index.html,2026-09-24T06:47:05+00:00,
www.last.fm,online,E,32.0,Very heavy advertising,65,32,0,0,0,2,23.9,4,2,Music,https://www.last.fm/home,2026-09-12T16:31:29+00:00,
www.malwarebytes.com,online,E,32.0,Very heavy advertising,8,4,43,0,0,10,18.1,6,6,Adblock Linux,https://www.malwarebytes.com/,2026-09-12T16:31:29+00:00,
glimbay.netlify.app,online,E,32.2,Very heavy advertising,18,3,10,0,0,1,2.7,1,0,Reading,https://glimbay.netlify.app/,2026-09-27T17:58:51+00:00,
www.drumeo.com,online,E,32.2,Very heavy advertising,21,12,0,0,0,14,11.5,2,0,Educational,https://www.drumeo.com/coop3rdrumm3r/,2026-09-19T12:07:10+00:00,
www.penpalworld.com,online,E,32.2,Very heavy advertising,176,64,2,0,0,3,2.7,2,0,Misc,https://www.penpalworld.com/,2026-09-21T22:53:03+00:00,
ici.tou.tv,online,E,32.3,Very heavy advertising,45,22,0,0,0,5,20.4,2,0,Non-Eng,https://ici.tou.tv/,2026-09-22T22:28:30+00:00,
shinden.pl,online,E,32.3,Very heavy advertising,112,41,2,0,0,4,1.4,4,0,Non-Eng,https://shinden.pl/,2026-09-18T06:42:10+00:00,
www.tv5plus.ca,online,E,32.3,Very heavy advertising,54,15,1,0,0,4,11.4,2,0,Non-Eng,https://www.tv5plus.ca/,2026-09-24T12:57:21+00:00,
aqicn.org,online,E,32.5,Very heavy advertising,17,3,3,0,0,6,38.8,2,0,Misc,https://aqicn.org/map/world,2026-09-21T07:14:22+00:00,
kultivi.com,online,E,32.5,Very heavy advertising,16,10,0,0,0,7,32.6,2,0,Non-Eng,https://kultivi.com/,2026-09-09T12:30:35+00:00,
play.history.com,online,E,32.5,Very heavy advertising,40,19,0,0,0,26,5.1,2,0,Streaming,https://play.history.com/,2026-09-24T18:01:53+00:00,
randomscreenshot.com,online,E,32.5,Very heavy advertising,32,7,0,0,0,3,85.3,2,0,Misc,https://randomscreenshot.com/,2026-09-21T22:53:03+00:00,
webautocats.com,online,E,32.5,Very heavy advertising,25,5,1,0,0,5,62.9,2,0,Misc,https://webautocats.com/,2026-09-20T21:52:34+00:00,
www.examveda.com,online,E,32.5,Very heavy advertising,36,7,0,0,0,3,69.0,1,0,Educational,https://www.examveda.com/,2026-09-25T18:07:54+00:00,
mockupnest.com,online,E,32.6,Very heavy advertising,80,33,1,1,0,2,2.8,1,0,Storage,https://mockupnest.com/,2026-09-28T07:40:47+00:00,
www.worldguessr.com,online,E,32.7,Very heavy advertising,49,32,0,0,0,3,21.6,2,0,Gaming,https://www.worldguessr.com/,2026-09-20T17:01:41+00:00,
audiosex.pro,online,E,33.0,Very heavy advertising,18,3,3,0,0,2,68.3,5,3,Educational Music,https://audiosex.pro/,2026-09-12T16:31:29+00:00,
colonist.io,online,E,33.0,Very heavy advertising,41,30,0,0,0,7,17.0,2,0,Gaming,https://colonist.io/,2026-09-20T07:03:23+00:00,
freeproxyupdate.com,online,E,33.0,Very heavy advertising,29,4,2,0,0,0,62.8,1,0,Storage,https://freeproxyupdate.com/,2026-09-28T07:40:47+00:00,
kids-in-mind.com,online,E,33.0,Very heavy advertising,123,47,1,0,0,4,10.0,1,0,Streaming,https://kids-in-mind.com/,2026-08-29T08:22:00+00:00,
kworb.net,online,E,33.0,Very heavy advertising,18,6,1,0,0,4,33.5,2,0,Music,https://kworb.net/,2026-09-22T17:49:43+00:00,
obuchalka.org,online,E,33.0,Very heavy advertising,21,5,1,0,0,4,72.3,2,0,Non-Eng,https://obuchalka.org/,2026-09-23T13:04:02+00:00,
playsnake.org,online,E,33.0,Very heavy advertising,63,4,2,0,0,0,95.2,1,0,Gaming,https://playsnake.org/,2026-09-25T18:07:54+00:00,
www.cesdb.com,online,E,33.0,Very heavy advertising,28,4,2,0,0,0,58.6,2,0,Educational,https://www.cesdb.com/,2026-09-18T17:16:20+00:00,
www.deafvideo.tv,online,E,33.0,Very heavy advertising,15,13,1,0,0,2,27.0,4,0,Educational Streaming,https://www.deafvideo.tv/,2026-09-17T22:29:32+00:00,
www.goodreads.com,online,E,33.0,Very heavy advertising,292,70,0,0,0,0,23.9,2,2,Reading,https://www.goodreads.com/,2026-09-13T12:54:24+00:00,
virus.wikidot.com,online,E,33.1,Very heavy advertising,59,25,0,0,0,0,23.8,2,0,Educational,http://virus.wikidot.com/,2026-09-19T06:40:29+00:00,
www.feiku6.com,online,E,33.3,Very heavy advertising,33,5,2,0,0,1,22.3,2,0,Non-Eng,https://www.feiku6.com/,2026-09-22T22:28:30+00:00,
realkana.com,online,E,33.4,Very heavy advertising,32,15,0,0,0,1,22.2,1,0,Educational,https://realkana.com/,2026-09-25T13:02:00+00:00,
anichart.net,online,E,33.5,Very heavy advertising,59,25,2,0,0,0,2.9,2,0,Streaming,https://anichart.net,2026-09-24T22:46:15+00:00,
songfinder.dev,online,E,33.5,Very heavy advertising,31,7,0,0,0,1,54.2,2,0,Music,https://songfinder.dev/,2026-09-22T17:49:43+00:00,
tonarinoyj.jp,online,E,33.5,Very heavy advertising,135,39,1,0,0,4,8.9,2,0,Non-Eng,https://tonarinoyj.jp/,2026-09-23T06:43:24+00:00,
www.dailyscript.com,online,E,33.5,Very heavy advertising,30,5,1,0,0,3,81.0,1,0,Streaming,https://www.dailyscript.com/,2026-08-29T08:22:00+00:00,
www.imvbox.com,online,E,33.5,Very heavy advertising,23,3,5,0,0,2,3.1,2,0,Non-Eng,https://www.imvbox.com/,2026-09-23T06:43:24+00:00,
www.iflscience.com,online,E,33.6,Very heavy advertising,6,3,7,1,0,2,24.8,2,0,Misc,https://www.iflscience.com/,2026-09-21T07:14:22+00:00,
www.lingual-ninja.com,online,E,33.6,Very heavy advertising,35,6,2,0,0,2,14.8,1,0,Storage,https://www.lingual-ninja.com/,2026-09-28T07:40:47+00:00,
javascript.info,online,E,33.7,Very heavy advertising,62,22,0,0,0,5,17.7,2,2,Educational,https://javascript.info/,2026-09-12T21:42:32+00:00,
www.certifiedmixtapez.com,online,E,33.8,Very heavy advertising,698,62,0,0,0,4,18.4,2,0,Music,https://www.certifiedmixtapez.com/,2026-09-22T12:53:35+00:00,
www.txori.com,online,E,33.8,Very heavy advertising,165,52,1,0,0,2,10.4,2,0,Gaming,https://www.txori.com/dbdevolution,2026-09-20T12:42:06+00:00,
zero1cine.com,online,E,33.8,Very heavy advertising,41,13,2,0,0,1,1.4,2,0,Streaming,https://zero1cine.com/,2026-09-24T18:01:53+00:00,
animecountdown.com,online,E,34.0,Very heavy advertising,33,9,1,0,0,0,12.1,1,0,Streaming,https://animecountdown.com/,2026-08-29T08:22:00+00:00,
forgottenaviation.com,online,E,34.0,Very heavy advertising,15,4,3,0,0,3,53.9,1,0,Educational,https://forgottenaviation.com/,2026-09-25T13:02:00+00:00,
global.toomics.com,online,E,34.0,Very heavy advertising,79,6,0,0,0,6,52.1,2,0,Non-Eng,https://global.toomics.com/br,2026-09-23T06:43:24+00:00,
www.budgetbytes.com,online,E,34.0,Very heavy advertising,28,17,0,0,0,3,19.0,2,0,Misc,https://www.budgetbytes.com/,2026-09-20T21:52:34+00:00,
www.loyalbooks.com,online,E,34.0,Very heavy advertising,26,5,1,0,0,2,64.2,2,0,Reading,https://www.loyalbooks.com/,2026-09-23T18:01:31+00:00,
www.najdi.si,online,E,34.0,Very heavy advertising,31,16,0,0,0,0,22.0,2,0,Non-Eng,https://www.najdi.si/,2026-09-23T18:01:31+00:00,
www.uschovna.cz,online,E,34.0,Very heavy advertising,19,7,0,0,0,3,76.2,2,0,Non-Eng,https://www.uschovna.cz/,2026-09-22T22:28:30+00:00,
www.airpano.com,online,E,34.1,Very heavy advertising,20,10,1,0,0,4,7.8,1,0,Educational,https://www.airpano.com/,2026-09-25T06:39:48+00:00,
apps.foundtv.com,online,E,34.2,Very heavy advertising,52,20,0,0,0,4,17.7,2,0,Mobile,https://apps.foundtv.com/,2026-09-22T06:49:41+00:00,
html5.thebestarcadescript.com,online,E,34.2,Very heavy advertising,30,6,0,0,0,6,29.6,2,0,Gaming,https://html5.thebestarcadescript.com/,2026-09-20T12:42:06+00:00,
manuals.plus,online,E,34.2,Very heavy advertising,29,17,1,0,0,0,11.5,1,0,Reading,https://manuals.plus/,2026-09-27T17:58:51+00:00,
statt-land-song.ch,online,E,34.3,Very heavy advertising,27,11,0,0,0,2,19.4,1,0,Gaming,https://statt-land-song.ch/songdle,2026-09-25T22:52:29+00:00,
www.ilovefreegle.org,online,E,34.4,Very heavy advertising,24,16,0,0,0,3,18.2,1,0,Misc,https://www.ilovefreegle.org/,2026-09-25T22:52:29+00:00,
smbgames.be,online,E,34.5,Very heavy advertising,16,9,0,0,0,3,87.0,2,0,Gaming,https://smbgames.be/,2026-09-20T12:42:06+00:00,
themahjong.com,online,E,34.5,Very heavy advertising,16,14,0,0,0,3,35.3,1,0,Gaming,https://themahjong.com/,2026-09-25T18:07:54+00:00,
worldcam.eu,online,E,34.5,Very heavy advertising,21,5,1,0,0,1,64.3,2,0,Misc,https://worldcam.eu/,2026-09-21T22:53:03+00:00,
www.snesfun.com,online,E,34.5,Very heavy advertising,32,5,1,0,0,1,35.8,2,0,Gaming,https://www.snesfun.com/,2026-09-20T07:03:23+00:00,
www.thenakedscientists.com,online,E,34.8,Very heavy advertising,17,3,3,0,0,2,29.4,2,0,Reading,https://www.thenakedscientists.com/,2026-09-23T22:29:49+00:00,
www.urdupod101.com,online,E,34.8,Very heavy advertising,19,13,0,0,0,12,11.5,2,0,Educational,https://www.urdupod101.com/blog/2021/03/18/urdu-grammar-overview/,2026-09-19T16:51:07+00:00,
www.wcoflix.tv,online,E,34.8,Very heavy advertising,100,42,0,0,0,1,19.5,1,1,Streaming,https://www.wcoflix.tv,2026-09-17T22:29:32+00:00,
artdaily.com,online,E,35.0,Very heavy advertising,30,15,1,0,0,4,5.9,2,0,Misc,https://artdaily.com,2026-09-21T07:14:22+00:00,
audioalter.com,online,E,35.0,Very heavy advertising,33,5,1,0,0,0,73.8,1,1,Music,https://audioalter.com/,2026-09-17T17:47:40+00:00,
cstimer.net,online,E,35.0,Very heavy advertising,17,8,0,0,0,1,92.0,1,1,Educational,https://cstimer.net/,2026-09-13T17:06:33+00:00,
freegames.org,online,E,35.0,Very heavy advertising,16,10,0,0,0,2,34.0,2,0,Gaming,https://freegames.org/,2026-09-20T12:42:06+00:00,
lmgtfy2.com,online,E,35.0,Very heavy advertising,40,5,1,0,0,0,86.0,2,0,Misc,https://lmgtfy2.com/,2026-09-21T22:53:03+00:00,
www.antena1.com.br,online,E,35.0,Very heavy advertising,36,18,0,0,0,6,13.9,2,0,Non-Eng,https://www.antena1.com.br,2026-09-23T06:43:24+00:00,
www.chemicalforums.com,online,E,35.0,Very heavy advertising,18,4,2,0,0,2,58.4,2,0,Educational,https://www.chemicalforums.com/,2026-09-19T06:40:29+00:00,
www.healthline.com,online,E,35.0,Very heavy advertising,30,17,0,0,0,1,19.0,1,0,Misc,https://www.healthline.com/,2026-09-25T22:52:29+00:00,
www.invertexto.com,online,E,35.0,Very heavy advertising,31,5,1,0,0,0,80.4,2,0,Non-Eng,https://www.invertexto.com,2026-09-23T06:43:24+00:00,
www.kanjidamage.com,online,E,35.0,Very heavy advertising,25,4,1,0,0,6,39.1,2,0,Storage,https://www.kanjidamage.com/,2026-09-24T12:57:21+00:00,
www.masterstech-home.com,online,E,35.0,Very heavy advertising,38,5,1,0,0,0,74.2,1,1,Educational,https://www.masterstech-home.com/ASLDict.html,2026-09-13T17:06:33+00:00,
yow.tv,online,E,35.0,Very heavy advertising,65,21,0,0,0,5,15.0,2,0,Streaming,https://yow.tv/,2026-09-20T12:42:06+00:00,
www.arkadium.com,online,E,35.2,Very heavy advertising,17,10,0,0,0,12,16.7,2,0,Gaming,https://www.arkadium.com/,2026-09-25T18:07:54+00:00,
romstime.com,online,E,35.4,Very heavy advertising,23,4,2,1,0,1,14.2,2,0,Gaming,https://romstime.com/,2026-09-20T07:03:23+00:00,
www.cinelibreonline.com,online,E,35.4,Very heavy advertising,80,28,0,0,0,1,18.2,2,0,Non-Eng,https://www.cinelibreonline.com/,2026-09-23T13:04:02+00:00,
hasura.io,online,E,35.5,Very heavy advertising,17,6,0,0,0,12,37.1,2,0,Educational,https://hasura.io/learn/,2026-09-19T16:51:07+00:00,
kangxizidian.com,online,E,35.5,Very heavy advertising,23,3,2,0,0,1,31.2,2,0,Non-Eng,https://kangxizidian.com/,2026-09-22T22:28:30+00:00,
raddio.net,online,E,35.5,Very heavy advertising,34,4,2,0,0,0,25.0,2,0,Music,https://raddio.net/,2026-08-23T02:52:34+00:00,
salmosonline.com,online,E,35.5,Very heavy advertising,19,2,3,0,0,0,50.9,2,0,Non-Eng,https://salmosonline.com/,2026-09-09T12:30:35+00:00,
thegreatestbooks.org,online,E,35.5,Very heavy advertising,29,6,0,0,0,3,35.1,2,0,Misc,https://thegreatestbooks.org/v/grid/the-greatest/cookbooks/books,2026-09-20T21:52:34+00:00,
www.ageratingjuju.com,online,E,35.5,Very heavy advertising,18,4,2,0,0,1,62.1,3,0,Misc Streaming,https://www.ageratingjuju.com/,2026-09-18T12:26:05+00:00,
www.audubon.org,online,E,35.5,Very heavy advertising,32,14,0,0,0,10,8.9,1,0,Educational,https://www.audubon.org/,2026-09-25T13:02:00+00:00,
www.hideip.co,online,E,35.5,Very heavy advertising,23,3,2,0,0,1,81.6,1,0,Adblock,https://www.hideip.co/,2026-09-25T06:39:48+00:00,
www.iconpacks.net,online,E,35.5,Very heavy advertising,19,5,1,0,0,2,50.1,1,0,Storage,https://www.iconpacks.net/,2026-08-29T08:22:00+00:00,
www.thivien.net,online,E,35.5,Very heavy advertising,13,4,3,0,0,6,34.7,2,0,Non-Eng,https://www.thivien.net/,2026-09-23T18:01:31+00:00,
www.zusms.com,online,E,35.5,Very heavy advertising,20,3,2,0,0,1,57.0,1,0,Storage,https://www.zusms.com/en,2026-09-28T07:40:47+00:00,
comicbookroundup.com,online,E,35.7,Very heavy advertising,14,11,1,0,0,2,24.7,2,2,Reading,https://comicbookroundup.com/,2026-09-13T12:54:24+00:00,
playscrabble.com,online,E,35.8,Very heavy advertising,114,51,0,0,0,2,16.5,1,1,Gaming,https://playscrabble.com/,2026-09-13T21:45:32+00:00,
vipotv.com,online,E,35.8,Very heavy advertising,23,7,1,0,0,5,11.5,2,0,Streaming,https://vipotv.com/,2026-09-24T18:01:53+00:00,
www.animesonglyrics.com,online,E,35.8,Very heavy advertising,119,52,0,0,0,5,13.5,2,0,Music,https://www.animesonglyrics.com/,2026-09-22T17:49:43+00:00,
pokedle.net,online,E,35.9,Very heavy advertising,121,52,0,0,0,3,15.2,1,0,Gaming,https://pokedle.net/,2026-09-25T22:52:29+00:00,
docer.pl,online,E,36.0,Very heavy advertising,14,9,0,0,0,6,50.1,2,0,Non-Eng,https://docer.pl/,2026-09-23T06:43:24+00:00,
radoxo.com,online,E,36.0,Very heavy advertising,23,3,2,0,0,0,36.4,2,0,Music,https://radoxo.com/,2026-09-09T12:30:35+00:00,
sanalonay.com,online,E,36.0,Very heavy advertising,21,6,0,0,0,2,51.4,1,0,Storage,https://sanalonay.com/,2026-09-28T07:40:47+00:00,
www.banglabookshelf.com,online,E,36.0,Very heavy advertising,19,5,1,0,0,1,55.3,2,0,Non-Eng,https://www.banglabookshelf.com/,2026-09-22T17:49:43+00:00,
www.emule-project.com,online,E,36.0,Very heavy advertising,32,3,2,0,0,0,74.1,4,2,Downloading Non-Eng,https://www.emule-project.com/,2026-09-12T16:31:29+00:00,
www.fitnessblender.com,online,E,36.0,Very heavy advertising,20,3,2,0,0,0,31.5,2,0,Misc,https://www.fitnessblender.com/videos?exclusive%5B%5D=0,2026-09-21T07:14:22+00:00,
www.freac.org,online,E,36.0,Very heavy advertising,17,4,2,0,0,3,55.5,1,1,Music,https://www.freac.org/,2026-09-17T17:47:40+00:00,
www.mdcalc.com,online,E,36.0,Very heavy advertising,15,7,0,0,0,11,57.5,2,0,Educational,https://www.mdcalc.com/,2026-09-19T06:40:29+00:00,
www.mmaglobal.com,online,E,36.0,Very heavy advertising,37,22,0,0,0,13,5.0,2,0,Misc,https://www.mmaglobal.com/,2026-09-21T07:14:22+00:00,
www.real.discount,online,E,36.0,Very heavy advertising,23,4,1,0,0,4,33.8,1,0,Storage,https://www.real.discount/,2026-09-28T16:00:57+00:00,
www.themeasureofthings.com,online,E,36.0,Very heavy advertising,34,6,0,0,0,2,55.2,2,0,Misc,https://www.themeasureofthings.com,2026-09-21T14:36:48+00:00,
jobspresso.co,online,E,36.2,Very heavy advertising,31,5,1,0,0,2,25.5,2,0,Misc,https://jobspresso.co/,2026-09-21T14:36:48+00:00,
voz.vn,online,E,36.4,Very heavy advertising,759,78,0,0,0,1,16.2,2,2,Non-Eng,https://voz.vn/,2026-09-13T12:54:24+00:00,
www.novels.pl,online,E,36.4,Very heavy advertising,14,9,0,0,0,6,29.3,2,0,Reading,https://www.novels.pl/,2026-09-23T22:29:49+00:00,
allbanglaboi.com,online,E,36.5,Very heavy advertising,34,6,0,0,0,1,33.6,2,0,Non-Eng,https://allbanglaboi.com/,2026-08-30T17:46:30+00:00,
ovovideo.com,online,E,36.5,Very heavy advertising,26,11,0,0,0,5,12.0,2,0,Non-Eng,http://ovovideo.com/,2026-09-23T06:43:24+00:00,
player.pl,online,E,36.5,Very heavy advertising,18,6,0,0,0,7,50.4,2,0,Non-Eng,https://player.pl/,2026-09-23T06:43:24+00:00,
portal.uniasselvi.com.br,online,E,36.5,Very heavy advertising,19,5,0,0,0,10,37.4,2,0,Non-Eng,https://portal.uniasselvi.com.br/cursolivre,2026-09-23T06:43:24+00:00,
scriptcat.org,online,E,36.5,Very heavy advertising,34,6,0,0,0,1,92.9,2,0,Non-Eng,https://scriptcat.org/,2026-09-22T17:49:43+00:00,
www.animefillerlist.com,online,E,36.5,Very heavy advertising,30,4,1,0,0,3,58.1,2,2,Streaming,https://www.animefillerlist.com/,2026-09-13T12:54:24+00:00,
www.chorder.com,online,E,36.5,Very heavy advertising,19,3,2,0,0,2,36.0,2,0,Educational,https://www.chorder.com/guitar-chords/,2026-09-19T12:07:10+00:00,
calibre-ebook.com,online,E,36.6,Very heavy advertising,858,111,1,0,0,3,3.7,2,0,Reading,https://calibre-ebook.com/,2026-09-23T18:01:31+00:00,
seireshd.com,online,E,36.9,Very heavy advertising,20,8,0,0,0,2,16.3,2,0,Non-Eng,https://seireshd.com/,2026-09-23T13:04:02+00:00,
www.flightradar24.com,online,E,36.9,Very heavy advertising,75,28,0,0,0,2,14.3,1,1,Misc,https://www.flightradar24.com/,2026-09-13T21:45:32+00:00,
acode.app,online,E,37.0,Very heavy advertising,10,3,7,0,0,1,17.0,1,1,Mobile,https://acode.app,2026-09-17T17:47:40+00:00,
actorle.tv,online,E,37.0,Very heavy advertising,18,5,1,0,0,2,52.2,1,0,Gaming,https://actorle.tv/,2026-09-25T22:52:29+00:00,
gamejolt.com,online,E,37.0,Very heavy advertising,27,13,1,0,0,1,5.1,2,0,Gaming,https://gamejolt.com/games?price=free,2026-09-19T21:48:19+00:00,
gurutv.online,online,E,37.0,Very heavy advertising,20,4,1,0,0,2,55.2,2,0,Non-Eng,https://gurutv.online/,2026-09-22T22:28:30+00:00,
pantheon.org,online,E,37.0,Very heavy advertising,30,4,1,0,0,2,69.5,2,0,Educational,https://pantheon.org/,2026-09-19T06:40:29+00:00,
www.boredbutton.com,online,E,37.0,Very heavy advertising,23,4,1,0,0,2,81.7,2,0,Misc,https://www.boredbutton.com/,2026-09-20T21:52:34+00:00,
www.ebanglalibrary.com,online,E,37.0,Very heavy advertising,10,4,4,0,0,2,42.9,2,2,Non-Eng,https://www.ebanglalibrary.com/,2026-09-13T06:49:25+00:00,
www.esl-lab.com,online,E,37.0,Very heavy advertising,20,4,1,0,0,2,68.3,1,0,Educational,https://www.esl-lab.com/,2026-09-25T13:02:00+00:00,
www.imdb.com,online,E,37.0,Very heavy advertising,176,50,1,0,0,0,6.1,3,0,Streaming,https://www.imdb.com/,2026-09-18T12:26:05+00:00,
www.poesiasonline.com,online,E,37.0,Very heavy advertising,18,2,3,0,0,0,50.7,2,0,Non-Eng,https://www.poesiasonline.com,2026-08-24T02:54:08+00:00,
www.ssega.com,online,E,37.0,Very heavy advertising,30,5,1,0,0,1,25.1,2,0,Gaming,https://www.ssega.com/,2026-09-20T07:03:23+00:00,
www.subs4free.club,online,E,37.0,Very heavy advertising,12,6,2,0,0,4,62.6,1,0,Non-Eng,https://www.subs4free.club/,2026-09-27T22:33:33+00:00,
www.whatismymovie.com,online,E,37.0,Very heavy advertising,17,7,0,0,0,3,79.6,1,0,Streaming,https://www.whatismymovie.com/,2026-08-29T17:26:18+00:00,
www.thehiveworks.com,online,E,37.1,Very heavy advertising,42,24,0,0,0,2,13.7,2,0,Reading,https://www.thehiveworks.com/,2026-09-23T22:29:49+00:00,
voxiom.io,online,E,37.3,Very heavy advertising,35,10,0,0,0,3,12.4,2,0,Gaming,https://voxiom.io/,2026-09-20T12:42:06+00:00,
www.worldhistory.org,online,E,37.3,Very heavy advertising,47,31,0,0,0,2,13.4,3,3,Misc Reading,https://www.worldhistory.org/,2026-09-12T16:31:29+00:00,
app.kultivi.com,online,E,37.4,Very heavy advertising,15,10,0,0,0,7,23.3,2,0,Non-Eng,https://app.kultivi.com,2026-08-24T02:54:08+00:00,
www.arrl.org,online,E,37.4,Very heavy advertising,14,5,3,0,0,3,20.3,4,0,Educational,https://www.arrl.org/,2026-09-17T22:29:32+00:00,
www.forumvi.com,online,E,37.5,Very heavy advertising,14,12,0,0,0,3,49.1,2,0,Non-Eng,https://www.forumvi.com/,2026-09-23T18:01:31+00:00,
www.kimovil.com,online,E,37.5,Very heavy advertising,15,10,0,0,0,0,59.3,1,1,Misc,https://www.kimovil.com/en/,2026-09-17T17:47:40+00:00,
www.mazmazika.com,online,E,37.5,Very heavy advertising,19,6,0,0,0,2,74.5,2,0,Artificial-Intelligence,https://www.mazmazika.com/,2026-09-18T17:16:20+00:00,
www.myfitnesspal.com,online,E,37.5,Very heavy advertising,15,8,0,0,0,2,65.0,1,0,Misc,https://www.myfitnesspal.com/,2026-09-25T22:52:29+00:00,
www.netplayfinder.com,online,E,37.5,Very heavy advertising,34,4,1,0,0,1,80.5,2,0,Gaming,https://www.netplayfinder.com/,2026-09-20T07:03:23+00:00,
www.pngplay.com,online,E,37.5,Very heavy advertising,16,2,5,0,0,0,15.0,1,0,Storage,https://www.pngplay.com/,2026-09-28T07:40:47+00:00,
www.soundboard.com,online,E,37.5,Very heavy advertising,19,3,2,0,0,0,33.3,1,0,Music,https://www.soundboard.com/,2026-09-27T07:08:34+00:00,
www.zygotebody.com,online,E,37.5,Very heavy advertising,51,11,1,0,0,3,2.0,2,0,Educational,https://www.zygotebody.com/,2026-08-20T02:46:21+00:00,
xpressenglish.com,online,E,37.5,Very heavy advertising,23,5,1,0,0,3,22.1,2,0,Reading,https://xpressenglish.com/,2026-09-23T22:29:49+00:00,
footballia.net,online,E,37.6,Very heavy advertising,31,19,0,0,0,2,12.8,2,2,Streaming,https://footballia.net/,2026-09-13T12:54:24+00:00,
share.dmhy.org,online,E,37.6,Very heavy advertising,17,7,3,0,0,0,1.8,2,0,Non-Eng,https://share.dmhy.org/,2026-09-22T22:28:30+00:00,
spiderid.com,online,E,37.6,Very heavy advertising,21,4,1,0,0,2,28.7,2,0,Educational,https://spiderid.com/,2026-09-19T06:40:29+00:00,
gdlrrlist.com,online,E,37.7,Very heavy advertising,17,3,3,0,0,0,25.6,2,0,Storage,https://gdlrrlist.com/,2026-09-24T12:57:21+00:00,
anilist.co,online,E,37.8,Very heavy advertising,114,49,0,0,0,3,11.5,4,4,Reading Streaming,https://anilist.co/,2026-09-12T21:42:32+00:00,
www.carryology.com,online,E,37.8,Very heavy advertising,21,8,0,0,0,4,12.5,2,0,Misc,https://www.carryology.com/,2026-09-21T14:36:48+00:00,
cemetech.net,online,E,37.9,Very heavy advertising,19,5,2,0,0,2,15.2,2,0,Gaming,https://cemetech.net/,2026-09-19T21:48:19+00:00,
dash.generalassemb.ly,online,E,37.9,Very heavy advertising,19,7,0,0,0,4,21.3,2,0,Educational,https://dash.generalassemb.ly/,2026-09-19T16:51:07+00:00,
footballia.eu,online,E,37.9,Very heavy advertising,26,16,0,0,0,2,12.2,1,1,Streaming,https://footballia.eu/,2026-09-17T22:29:32+00:00,
simkl.com,online,E,37.9,Very heavy advertising,43,11,0,0,0,1,13.3,8,4,Streaming,https://simkl.com/,2026-09-12T21:42:32+00:00,
watch.foundtv.com,online,E,37.9,Very heavy advertising,60,22,0,0,0,6,8.3,2,0,Streaming,https://watch.foundtv.com/,2026-09-24T18:01:53+00:00,
www.helistart.com,online,E,37.9,Very heavy advertising,12,4,3,0,0,5,29.2,2,0,Educational,http://www.helistart.com/,2026-09-19T06:40:29+00:00,
handwiki.org,online,E,38.0,Very heavy advertising,15,3,3,0,0,1,46.1,2,0,Educational,https://handwiki.org/,2026-09-19T21:48:19+00:00,
radio.garden,online,E,38.0,Very heavy advertising,35,4,1,0,0,0,34.7,2,2,Music,https://radio.garden/,2026-09-13T06:49:25+00:00,
streema.com,online,E,38.0,Very heavy advertising,13,8,0,0,0,7,43.9,2,0,Music,https://streema.com/,2026-09-22T12:53:35+00:00,
www.albinoblacksheep.com,online,E,38.0,Very heavy advertising,23,4,1,0,0,0,48.5,2,0,Gaming,https://www.albinoblacksheep.com/games/,2026-09-20T12:42:06+00:00,
www.notpron.com,online,E,38.0,Very heavy advertising,22,4,1,0,0,0,70.5,2,0,Misc,http://www.notpron.com/,2026-09-21T22:53:03+00:00,
www.pointlesssites.com,online,E,38.0,Very heavy advertising,17,3,2,0,0,5,57.5,2,0,Misc,https://www.pointlesssites.com/,2026-09-21T22:53:03+00:00,
www.rarovhs.com,online,E,38.0,Very heavy advertising,31,15,0,0,0,3,11.0,2,0,Non-Eng,https://www.rarovhs.com/,2026-09-23T13:04:02+00:00,
www.thepaperboy.com,online,E,38.0,Very heavy advertising,16,4,2,0,0,2,64.4,1,0,Reading,https://www.thepaperboy.com/,2026-09-27T17:58:51+00:00,
spectrum.ieee.org,online,E,38.1,Very heavy advertising,12,4,10,0,0,2,1.8,4,0,Educational Misc,https://spectrum.ieee.org/,2026-09-17T22:29:32+00:00,
timeguessr.com,online,E,38.2,Very heavy advertising,34,22,0,0,0,2,11.5,2,0,Educational Gaming,https://timeguessr.com/,2026-09-19T06:40:29+00:00,
www.nga.gov,online,E,38.2,Very heavy advertising,32,13,0,0,0,6,7.6,1,0,Storage,https://www.nga.gov,2026-09-28T07:40:47+00:00,
bookaudiobook.net,online,E,38.5,Very heavy advertising,14,9,0,0,0,1,36.8,2,0,Reading,https://bookaudiobook.net/,2026-09-23T22:29:49+00:00,
digilibraries.com,online,E,38.5,Very heavy advertising,24,4,1,0,0,1,28.1,2,0,Reading,https://digilibraries.com/,2026-09-23T18:01:31+00:00,
eknizky.sk,online,E,38.5,Very heavy advertising,16,3,3,0,0,1,25.9,2,0,Non-Eng,https://eknizky.sk/,2026-09-23T13:04:02+00:00,
myonlineradio.hu,online,E,38.5,Very heavy advertising,15,4,2,0,0,4,67.1,2,0,Non-Eng,https://myonlineradio.hu/,2026-09-22T22:28:30+00:00,
tlnovelas.net,online,E,38.5,Very heavy advertising,47,19,0,0,0,3,10.0,2,0,Non-Eng,https://tlnovelas.net/,2026-09-23T13:04:02+00:00,
www.flightaware.com,online,E,38.5,Very heavy advertising,38,22,0,0,0,0,13.0,1,1,Misc,https://www.flightaware.com/,2026-09-13T21:45:32+00:00,
www.dandwiki.com,online,E,38.8,Very heavy advertising,254,88,1,0,0,0,2.4,2,0,Educational,https://www.dandwiki.com/,2026-09-19T12:07:10+00:00,
avherald.com,online,E,39.0,Very heavy advertising,14,8,0,0,0,2,31.6,1,0,Misc,https://avherald.com/,2026-09-25T22:52:29+00:00,
procarmanuals.com,online,E,39.0,Very heavy advertising,17,5,1,0,0,1,86.5,1,1,Misc,https://procarmanuals.com/,2026-09-20T21:52:34+00:00,
www.flashlegacy.com,online,E,39.0,Very heavy advertising,24,5,0,0,0,2,38.2,2,0,Gaming,https://www.flashlegacy.com/,2026-09-20T12:42:06+00:00,
www.wco.tv,online,E,39.0,Very heavy advertising,90,32,0,0,0,2,10.1,2,2,Streaming,https://www.wco.tv/,2026-09-13T12:54:24+00:00,
www.jetphotos.com,online,E,39.2,Very heavy advertising,23,14,0,0,0,3,8.5,2,0,Educational,https://www.jetphotos.com/,2026-09-19T06:40:29+00:00,
www.natgeotv.com,online,E,39.3,Very heavy advertising,47,22,0,0,0,1,10.4,2,0,Educational,https://www.natgeotv.com/,2026-08-19T14:24:21+00:00,
digitaldreamdoor.com,online,E,39.5,Very heavy advertising,14,3,3,0,0,1,78.6,4,0,Music Streaming,https://digitaldreamdoor.com/pages/music0.html,2026-09-18T06:42:10+00:00,
freetokeep.gg,online,E,39.5,Very heavy advertising,28,5,0,0,0,1,35.7,2,0,Misc,https://freetokeep.gg/,2026-09-20T21:52:34+00:00,
luisterradio.fm,online,E,39.5,Very heavy advertising,17,3,2,0,0,2,68.1,1,0,Non-Eng,https://luisterradio.fm/,2026-09-27T17:58:51+00:00,
megogo.net,online,E,39.5,Very heavy advertising,16,6,0,0,0,7,36.2,2,0,Non-Eng,https://megogo.net/,2026-09-23T06:43:24+00:00,
openclipart.org,online,E,39.5,Very heavy advertising,39,5,1,0,0,2,19.1,1,0,Storage,https://openclipart.org,2026-09-28T07:40:47+00:00,
retroonline.net,online,E,39.5,Very heavy advertising,18,6,0,0,0,1,30.5,2,2,Gaming,https://retroonline.net/,2026-09-20T07:03:23+00:00,
vieon.vn,online,E,39.5,Very heavy advertising,26,8,0,0,0,10,3.1,2,0,Non-Eng,https://vieon.vn/,2026-09-23T18:01:31+00:00,
wheresthescares.com,online,E,39.5,Very heavy advertising,41,5,0,0,0,1,44.3,1,0,Streaming,https://wheresthescares.com/,2026-09-13T12:54:24+00:00,
www.elsubtitle.com,online,E,39.5,Very heavy advertising,10,3,2,2,0,3,31.5,2,0,Streaming,https://www.elsubtitle.com/,2026-09-24T22:46:15+00:00,
www.funnode.com,online,E,39.5,Very heavy advertising,10,7,2,0,0,2,26.9,2,0,Gaming,https://www.funnode.com/,2026-09-20T07:03:23+00:00,
www.toggo.de,online,E,39.5,Very heavy advertising,38,5,0,0,0,1,34.8,2,0,Non-Eng,https://www.toggo.de/,2026-09-22T22:28:30+00:00,
loigiaihay.com,online,E,39.6,Very heavy advertising,15,4,2,0,0,7,24.8,1,1,Non-Eng,https://loigiaihay.com/,2026-09-17T17:47:40+00:00,
www.scriptslug.com,online,E,39.6,Very heavy advertising,27,15,0,0,0,3,7.8,1,0,Streaming,https://www.scriptslug.com/,2026-08-29T08:22:00+00:00,
terraink.app,online,E,39.8,Very heavy advertising,21,6,1,0,0,3,11.4,2,0,Misc,https://terraink.app/,2026-09-20T21:52:34+00:00,
toolbaz.com,online,E,39.8,Very heavy advertising,305,70,0,0,0,2,8.5,1,1,Artificial-Intelligence,https://toolbaz.com/,2026-09-13T17:06:33+00:00,
hackr.io,online,E,39.9,Very heavy advertising,37,20,0,0,0,7,3.2,1,0,Educational,https://hackr.io/,2026-09-25T13:02:00+00:00,
ccmixter.org,online,E,40.0,Very heavy advertising,30,5,0,0,0,0,40.7,2,0,Music,https://ccmixter.org/,2026-09-22T12:53:35+00:00,
warlockguitar.com,online,E,40.0,Very heavy advertising,30,5,0,0,0,0,50.7,1,0,Educational,https://warlockguitar.com/,2026-09-24T12:57:21+00:00,
www.4everproxy.com,online,E,40.0,Very heavy advertising,17,3,2,0,0,1,50.2,1,0,Adblock,https://www.4everproxy.com/,2026-09-25T06:39:48+00:00,
www.anime-planet.com,online,E,40.0,Very heavy advertising,17,3,2,0,0,1,30.0,2,0,Streaming,https://www.anime-planet.com/,2026-09-24T22:46:15+00:00,
book.tstrs.me,online,E,40.1,Very heavy advertising,22,5,1,0,0,1,18.7,2,0,Non-Eng,https://book.tstrs.me/search,2026-09-22T22:28:30+00:00,
drawastickman.com,online,E,40.1,Very heavy advertising,29,5,2,0,0,3,6.7,2,0,Misc,https://drawastickman.com/,2026-09-21T22:53:03+00:00,
crosswordle.com,online,E,40.2,Very heavy advertising,18,6,2,0,0,1,8.5,2,0,Gaming,https://crosswordle.com/,2026-09-20T07:03:23+00:00,
www.xda-developers.com,online,E,40.3,Very heavy advertising,26,14,0,0,0,2,7.4,2,0,Mobile,https://www.xda-developers.com/uninstall-carrier-oem-bloatware-without-root-access/,2026-09-22T06:49:41+00:00,
www.nasaspaceflight.com,online,E,40.4,Very heavy advertising,25,4,2,0,0,3,12.2,2,0,Educational,https://www.nasaspaceflight.com/,2026-09-19T06:40:29+00:00,
hypestat.com,online,E,40.5,Very heavy advertising,16,5,1,0,0,1,68.2,1,0,Misc,https://hypestat.com/,2026-09-25T22:52:29+00:00,
imslp.org,online,E,40.5,Very heavy advertising,11,9,0,0,0,6,38.5,2,2,Storage,https://imslp.org/wiki/Main_Page,2026-09-20T17:01:41+00:00,
moreorless.io,online,E,40.5,Very heavy advertising,19,5,0,0,0,2,87.1,2,0,Gaming,https://moreorless.io/,2026-09-20T17:01:41+00:00,
www.drawingtutorials101.com,online,E,40.5,Very heavy advertising,22,3,1,0,0,1,39.6,1,0,Educational,https://www.drawingtutorials101.com/,2026-09-25T13:02:00+00:00,
www.ukgameshows.com,online,E,40.5,Very heavy advertising,29,4,1,0,0,0,25.0,4,0,Streaming,https://www.ukgameshows.com/,2026-08-29T17:26:18+00:00,
lucid.co,online,E,40.8,Very heavy advertising,18,9,0,0,0,10,4.5,2,0,Misc,https://lucid.co/lucidspark,2026-09-09T12:30:35+00:00,
creativenovels.com,online,E,41.0,Very heavy advertising,50,25,0,0,0,1,7.0,2,0,Reading,https://creativenovels.com/,2026-08-24T20:05:00+00:00,
greek-movies.com,online,E,41.0,Very heavy advertising,12,9,0,0,0,2,59.0,2,0,Non-Eng,https://greek-movies.com/,2026-09-22T22:28:30+00:00,
monday.com,online,E,41.0,Very heavy advertising,42,13,0,0,0,8,0.1,1,0,Misc,https://monday.com/,2026-09-26T12:31:41+00:00,
www.goodfirms.co,online,E,41.0,Very heavy advertising,12,8,0,0,0,4,38.8,1,1,Misc,https://www.goodfirms.co/,2026-09-13T21:45:32+00:00,
www.planespotters.net,online,E,41.0,Very heavy advertising,9,5,3,0,0,1,39.0,1,0,Educational,https://www.planespotters.net/,2026-09-25T13:02:00+00:00,
donnons.org,online,E,41.2,Very heavy advertising,116,35,0,0,0,3,4.6,2,0,Non-Eng,https://donnons.org/,2026-09-22T22:28:30+00:00,
belgeselx.com,online,E,41.4,Very heavy advertising,23,3,2,0,0,2,17.2,2,0,Non-Eng,https://belgeselx.com/,2026-09-23T18:01:31+00:00,
orbity.io,online,E,41.4,Very heavy advertising,18,5,0,0,0,5,28.3,2,0,Gaming,https://orbity.io/game.php,2026-09-20T12:42:06+00:00,
www.pngall.com,online,E,41.4,Very heavy advertising,23,4,1,0,0,1,22.3,1,0,Storage,https://www.pngall.com/,2026-09-28T07:40:47+00:00,
br.radio.net,online,E,41.5,Very heavy advertising,11,9,0,0,0,4,32.1,2,0,Non-Eng,https://br.radio.net,2026-09-23T06:43:24+00:00,
wheelofnames.com,online,E,41.5,Very heavy advertising,11,7,1,0,0,2,44.0,1,0,Misc,https://wheelofnames.com/,2026-09-26T12:31:41+00:00,
comic.studio,online,E,41.6,Very heavy advertising,34,23,0,0,0,1,5.7,2,0,Reading,https://comic.studio/browse,2026-09-23T22:29:49+00:00,
deadshot.io,online,E,41.8,Very heavy advertising,20,13,0,0,0,1,5.4,2,0,Gaming,https://deadshot.io/,2026-09-20T12:42:06+00:00,
mobilepointercrate.com,online,E,41.8,Very heavy advertising,46,4,1,1,0,0,12.4,2,0,Storage,https://mobilepointercrate.com/,2026-09-24T12:57:21+00:00,
www.housecreep.com,online,E,41.8,Very heavy advertising,14,4,2,0,0,3,27.5,2,0,Misc,https://www.housecreep.com/,2026-09-21T22:53:03+00:00,
bygosh.com,online,E,42.0,Very heavy advertising,17,4,1,0,0,1,42.2,2,0,Reading,https://bygosh.com,2026-09-23T18:01:31+00:00,
elsaspeak.com,online,E,42.0,Very heavy advertising,16,4,0,0,0,18,25.9,2,0,Educational,https://elsaspeak.com/en/,2026-09-19T16:51:07+00:00,
fulllengthaudiobooks.com,online,E,42.0,Very heavy advertising,14,7,0,0,0,2,39.9,2,0,Reading,https://fulllengthaudiobooks.com/,2026-09-23T22:29:49+00:00,
koryo.tv,online,E,42.0,Very heavy advertising,33,5,1,1,0,1,4.9,2,0,Streaming,https://koryo.tv/,2026-09-24T18:01:53+00:00,
www.alleng.org,online,E,42.0,Very heavy advertising,11,2,4,0,0,1,45.9,2,0,Non-Eng,https://www.alleng.org/,2026-09-23T13:04:02+00:00,
www.cloudflare.com,online,E,42.0,Very heavy advertising,30,13,0,0,0,0,6.0,4,2,Adblock Storage,https://www.cloudflare.com/ssl/encrypted-sni/,2026-09-12T16:31:29+00:00,
www.deadpulpit.com,online,E,42.0,Very heavy advertising,37,1,0,0,0,26,37.0,2,0,Music,https://www.deadpulpit.com/,2026-09-22T12:53:35+00:00,
www.subs4free.info,online,E,42.0,Very heavy advertising,12,6,1,0,0,4,62.2,2,0,Streaming,https://www.subs4free.info/,2026-09-02T06:25:43+00:00,
7plus.com.au,online,E,42.2,Very heavy advertising,42,24,0,0,0,2,3.5,2,0,Streaming,https://7plus.com.au/,2026-09-24T18:01:53+00:00,
zombsroyale.io,online,E,42.3,Very heavy advertising,42,21,0,0,0,5,0.4,1,0,Gaming,https://zombsroyale.io/,2026-09-25T18:07:54+00:00,
onlineconversion.com,online,E,42.5,Very heavy advertising,12,3,3,0,0,1,83.0,1,1,Educational,https://onlineconversion.com/,2026-09-19T21:48:19+00:00,
www.smwgames.com,online,E,42.5,Very heavy advertising,15,3,2,0,0,2,30.9,2,0,Gaming,https://www.smwgames.com/,2026-09-20T12:42:06+00:00,
www.supersmashflash.com,online,E,42.5,Very heavy advertising,17,3,3,0,0,1,15.0,2,0,Gaming,https://www.supersmashflash.com/,2026-09-19T21:48:19+00:00,
www.turkanime.co,online,E,42.6,Very heavy advertising,21,11,0,0,0,3,1.8,2,0,Non-Eng,https://www.turkanime.co/,2026-08-24T14:28:18+00:00,
codewisp.net,online,E,42.7,Very heavy advertising,21,5,0,0,0,0,24.6,2,0,Educational,https://codewisp.net/,2026-08-20T20:04:41+00:00,
filmbot.tv,online,E,42.7,Very heavy advertising,81,28,0,0,0,1,3.6,2,0,Non-Eng,https://filmbot.tv/,2026-09-22T22:28:30+00:00,
minigolfclub.io,online,E,42.7,Very heavy advertising,63,38,0,0,0,1,3.6,1,0,Gaming,https://minigolfclub.io/,2026-09-25T18:07:54+00:00,
outerzone.co.uk,online,E,42.7,Very heavy advertising,15,2,3,0,0,2,25.6,2,0,Educational,https://outerzone.co.uk/,2026-09-19T06:40:29+00:00,
chordly.co.uk,online,E,42.8,Very heavy advertising,19,2,3,0,0,0,15.5,2,0,Music,https://chordly.co.uk/,2026-09-22T17:49:43+00:00,
retrogamesnexus.com,online,E,42.8,Very heavy advertising,16,3,2,0,0,1,27.5,2,0,Storage,https://retrogamesnexus.com/,2026-09-24T12:57:21+00:00,
scp-wiki.wikidot.com,online,E,42.8,Very heavy advertising,97,35,0,0,0,0,4.4,2,0,Reading,https://scp-wiki.wikidot.com/,2026-09-23T22:29:49+00:00,
bigaudiobooks.net,online,E,42.9,Very heavy advertising,20,10,0,0,0,3,1.3,2,0,Reading,https://bigaudiobooks.net/,2026-08-24T20:05:00+00:00,
www.ps1fun.com,online,E,42.9,Very heavy advertising,24,4,2,0,0,3,7.2,2,0,Gaming,https://www.ps1fun.com/,2026-09-20T07:03:23+00:00,
copypastatext.com,online,E,43.0,Very heavy advertising,15,5,0,0,0,9,70.6,2,2,Misc,https://copypastatext.com/,2026-09-13T06:49:25+00:00,
einthusan.tv,online,E,43.0,Very heavy advertising,11,9,0,0,0,1,30.6,4,0,Non-Eng Streaming,https://einthusan.tv/,2026-09-18T06:42:10+00:00,
gn-math.dev,online,E,43.0,Very heavy advertising,55,20,0,0,0,3,1.0,2,0,Gaming,https://gn-math.dev/,2026-09-12T21:42:32+00:00,
tailblocks.cc,online,E,43.0,Very heavy advertising,16,4,1,0,0,2,53.0,2,0,Storage,https://tailblocks.cc/,2026-08-25T02:47:36+00:00,
textbookgo.com,online,E,43.0,Very heavy advertising,39,4,0,0,0,0,59.3,2,0,Reading,http://textbookgo.com/,2026-09-23T22:29:49+00:00,
trello.com,online,E,43.0,Very heavy advertising,20,7,0,0,0,2,9.9,2,0,Misc,https://trello.com/,2026-09-21T14:36:48+00:00,
www.antimoon.com,online,E,43.0,Very heavy advertising,16,4,1,0,0,2,69.5,1,0,Educational,https://www.antimoon.com/,2026-09-25T13:02:00+00:00,
www.gameflare.com,online,E,43.0,Very heavy advertising,15,3,2,0,0,1,38.7,2,0,Gaming,https://www.gameflare.com/,2026-09-20T12:42:06+00:00,
www.kanunu8.com,online,E,43.0,Very heavy advertising,15,3,2,0,0,1,61.1,2,0,Non-Eng,https://www.kanunu8.com/,2026-09-22T22:28:30+00:00,
www.mangolinkcam.com,online,E,43.0,Very heavy advertising,16,4,1,0,0,2,51.3,1,1,Misc,https://www.mangolinkcam.com/,2026-08-30T07:23:55+00:00,
www.midicities.com,online,E,43.0,Very heavy advertising,11,9,0,0,0,1,38.4,2,0,Music,https://www.midicities.com/GeoCities,2026-09-22T12:53:35+00:00,
civitai.com,online,E,43.2,Very heavy advertising,28,20,0,0,0,1,2.6,2,0,Artificial-Intelligence,https://civitai.com/,2026-09-18T17:16:20+00:00,
anonyviet.com,online,E,43.5,Very heavy advertising,14,5,1,0,0,1,38.6,1,0,Non-Eng,https://anonyviet.com/,2026-09-27T17:58:51+00:00,
pcmasterrace.org,online,E,43.5,Very heavy advertising,24,5,0,0,0,1,22.0,2,2,Misc,https://pcmasterrace.org/builds,2026-09-13T06:49:25+00:00,
www.justtherecipe.com,online,E,43.5,Very heavy advertising,17,9,0,0,0,7,5.1,1,1,Misc,https://www.justtherecipe.com/,2026-09-13T21:45:32+00:00,
theanalyst.com,online,E,43.6,Very heavy advertising,56,38,0,0,0,1,1.7,1,0,Misc,https://theanalyst.com/,2026-09-25T22:52:29+00:00,
www.abjjad.com,online,E,43.8,Very heavy advertising,26,2,0,0,0,12,28.5,2,0,Non-Eng,https://www.abjjad.com/,2026-09-22T17:49:43+00:00,
modrinth.com,online,E,43.9,Very heavy advertising,35,6,0,0,0,0,16.2,1,1,Gaming,https://modrinth.com/organization/eaglercraftxserver,2026-09-13T21:45:32+00:00,
mathnotepad.com,online,D,44.0,Heavy advertising,23,4,1,0,0,0,18.0,1,0,Educational,https://mathnotepad.com/,2026-09-25T18:07:54+00:00,
www.maps.com,online,D,44.0,Heavy advertising,33,14,0,0,0,2,0.1,2,0,Misc,https://www.maps.com/,2026-09-18T06:42:10+00:00,
www.owlook.com.cn,online,D,44.0,Heavy advertising,15,4,1,0,0,3,83.4,2,0,Non-Eng,https://www.owlook.com.cn/,2026-09-22T22:28:30+00:00,
www.ravbug.com,online,D,44.0,Heavy advertising,10,2,4,0,0,0,82.1,2,0,Misc,https://www.ravbug.com/hypertranslate/,2026-09-21T22:53:03+00:00,
www.textomap.com,online,D,44.1,Heavy advertising,100,6,0,0,0,1,14.7,2,0,Misc,https://www.textomap.com/,2026-09-20T21:52:34+00:00,
chess.wintrcat.uk,online,D,44.5,Heavy advertising,14,3,2,0,0,1,75.0,1,0,Educational,https://chess.wintrcat.uk/,2026-08-26T08:26:47+00:00,
fixmyspeakers.com,online,D,44.5,Heavy advertising,22,13,0,0,0,1,0.0,4,0,Mobile,https://fixmyspeakers.com/,2026-09-18T06:42:10+00:00,
flagid.org,online,D,44.5,Heavy advertising,14,3,2,0,0,1,42.3,1,1,Educational,https://flagid.org/,2026-09-13T17:06:33+00:00,
framesynthesis.com,online,D,44.5,Heavy advertising,14,3,2,0,0,1,68.2,2,0,Misc,https://framesynthesis.com/drivingsimulator/maps/,2026-09-21T22:53:03+00:00,
kindlemodding.org,online,D,44.5,Heavy advertising,14,3,2,0,0,1,62.9,2,0,Reading,https://kindlemodding.org/jailbreaking/index.html,2026-09-23T18:01:31+00:00,
mirinae.io,online,D,44.5,Heavy advertising,17,4,0,0,0,6,30.7,2,0,Educational,https://mirinae.io/,2026-09-19T16:51:07+00:00,
www.ifixit.com,online,D,44.5,Heavy advertising,16,4,0,0,0,9,30.1,3,1,Misc Reading,https://www.ifixit.com/,2026-09-18T12:26:05+00:00,
www.shellshock.io,online,D,44.5,Heavy advertising,13,6,1,0,0,9,16.9,2,0,Gaming,https://www.shellshock.io/,2026-09-20T12:42:06+00:00,
bloxd.io,online,D,44.8,Heavy advertising,18,13,0,0,0,1,5.4,2,0,Gaming,https://bloxd.io/,2026-09-20T12:42:06+00:00,
10015.io,online,D,45.0,Heavy advertising,11,4,2,0,0,3,37.1,2,0,Misc,https://10015.io/,2026-09-21T14:36:48+00:00,
app.reve.com,online,D,45.0,Heavy advertising,20,5,0,0,0,6,14.0,2,0,Artificial-Intelligence,https://app.reve.com,2026-08-19T08:13:26+00:00,
fivebooks.com,online,D,45.0,Heavy advertising,12,9,0,0,0,2,21.9,2,2,Reading,https://fivebooks.com/,2026-09-13T12:54:24+00:00,
livingatlas.arcgis.com,online,D,45.0,Heavy advertising,34,14,0,0,0,0,0.0,2,0,Educational Misc,https://livingatlas.arcgis.com/,2026-09-19T12:07:10+00:00,
mgdb.himitsukichi.com,online,D,45.0,Heavy advertising,16,2,2,0,0,0,57.8,1,0,Streaming,http://mgdb.himitsukichi.com/pukiwiki/index.php,2026-08-29T17:26:18+00:00,
transit-finder.com,online,D,45.0,Heavy advertising,13,3,2,0,0,3,70.8,2,0,Educational,https://transit-finder.com/,2026-09-19T06:40:29+00:00,
www.animechiby.com,online,D,45.0,Heavy advertising,41,17,0,0,0,0,0.0,2,0,Streaming,https://www.animechiby.com/,2026-09-25T06:39:48+00:00,
www.mangolinkworld.com,online,D,45.0,Heavy advertising,15,4,1,0,0,1,46.1,2,0,Misc,https://www.mangolinkworld.com/,2026-09-21T22:53:03+00:00,
www.roms.by,online,D,45.0,Heavy advertising,15,4,1,0,0,2,28.9,2,0,Gaming,https://www.roms.by/,2026-09-20T07:03:23+00:00,
www.urbanrail.net,online,D,45.0,Heavy advertising,18,2,3,0,0,0,14.1,2,0,Misc,https://www.urbanrail.net/,2026-09-21T07:14:22+00:00,
www.volcanodiscovery.com,online,D,45.0,Heavy advertising,34,9,0,0,0,0,0.0,2,0,Misc,https://www.volcanodiscovery.com/erupting_volcanoes.html,2026-09-21T07:14:22+00:00,
en.nearbywiki.org,online,D,45.1,Heavy advertising,42,6,0,0,0,9,4.7,2,0,Misc,https://en.nearbywiki.org/,2026-09-20T21:52:34+00:00,
www.arkat-usa.org,online,D,45.4,Heavy advertising,11,8,0,0,0,1,27.3,2,0,Educational,https://www.arkat-usa.org/,2026-09-19T06:40:29+00:00,
f1live.dpdns.org,online,D,45.5,Heavy advertising,14,6,0,0,0,1,41.1,4,0,Streaming,https://f1live.dpdns.org/,2026-09-18T12:26:05+00:00,
www.lockpicking101.com,online,D,45.5,Heavy advertising,15,2,2,0,0,2,73.2,2,0,Educational,https://www.lockpicking101.com/,2026-09-05T21:44:04+00:00,
zeno.fm,online,D,45.5,Heavy advertising,10,7,0,0,0,7,70.7,1,0,Music,https://zeno.fm/,2026-09-27T07:08:34+00:00,
mrmockup.com,online,D,45.6,Heavy advertising,32,5,0,0,0,1,17.7,1,0,Storage,https://mrmockup.com/free-mockups/,2026-09-27T17:58:51+00:00,
bingebang.club,online,D,46.0,Heavy advertising,17,7,0,0,0,0,15.0,1,0,Streaming,https://bingebang.club/,2026-09-26T12:31:41+00:00,
onelook.com,online,D,46.0,Heavy advertising,14,6,0,0,0,0,73.9,5,2,Educational Gaming,https://onelook.com/,2026-09-12T16:31:29+00:00,
vimtricks.wiki,online,D,46.0,Heavy advertising,26,3,0,0,0,0,84.8,2,0,Educational,https://vimtricks.wiki/,2026-09-26T12:31:41+00:00,
www.amarbooks.org,online,D,46.0,Heavy advertising,17,8,0,0,0,1,7.9,2,0,Non-Eng,https://www.amarbooks.org/,2026-09-22T17:49:43+00:00,
www.grimmstories.com,online,D,46.0,Heavy advertising,13,3,2,0,0,1,82.3,2,0,Reading,https://www.grimmstories.com/,2026-09-23T18:01:31+00:00,
www.krdtv.online,online,D,46.0,Heavy advertising,13,3,2,0,0,1,41.9,2,0,Non-Eng,https://www.krdtv.online/,2026-09-23T18:01:31+00:00,
www.sefaria.org,online,D,46.0,Heavy advertising,12,5,0,0,0,12,44.1,2,0,Reading,https://www.sefaria.org/,2026-09-01T06:46:52+00:00,
steamora.net,online,D,46.1,Heavy advertising,14,8,0,0,0,1,16.7,2,0,Gaming,https://steamora.net/,2026-09-19T21:48:19+00:00,
www.planyourroom.com,online,D,46.2,Heavy advertising,15,4,2,1,0,3,5.5,2,0,Misc,https://www.planyourroom.com/,2026-09-20T21:52:34+00:00,
textadventures.co.uk,online,D,46.5,Heavy advertising,20,2,3,0,0,0,5.0,2,0,Gaming,https://textadventures.co.uk/,2026-09-20T12:42:06+00:00,
www.trainchinese.com,online,D,46.5,Heavy advertising,16,4,0,0,0,5,81.0,2,0,Educational,https://www.trainchinese.com/,2026-09-19T16:51:07+00:00,
huntorrent.org,online,D,46.6,Heavy advertising,21,2,3,0,0,0,4.8,2,0,Non-Eng,https://huntorrent.org/,2026-09-22T22:28:30+00:00,
playstationhaber.com,online,D,46.6,Heavy advertising,22,2,2,0,0,0,14.8,2,0,Non-Eng,https://playstationhaber.com/,2026-09-23T18:01:31+00:00,
www.abandonware-france.org,online,D,46.6,Heavy advertising,14,4,1,0,0,1,29.7,4,0,Gaming Non-Eng,https://www.abandonware-france.org/index.php,2026-09-17T22:29:32+00:00,
www.thvli.vn,online,D,46.8,Heavy advertising,19,7,0,0,0,5,2.5,2,0,Non-Eng,https://www.thvli.vn/,2026-09-23T18:01:31+00:00,
animexin.dev,online,D,47.0,Heavy advertising,12,8,0,0,0,1,20.9,2,0,Streaming,https://animexin.dev/,2026-09-24T18:01:53+00:00,
gomagic.org,online,D,47.0,Heavy advertising,19,4,2,0,0,2,3.1,2,0,Educational,https://gomagic.org/how-to-play-go-rules/,2026-09-19T12:07:10+00:00,
granthagara.com,online,D,47.0,Heavy advertising,12,3,2,0,0,2,57.5,2,0,Non-Eng,https://granthagara.com/,2026-09-22T17:49:43+00:00,
grecotm.club,online,D,47.0,Heavy advertising,18,2,3,0,0,0,10.0,2,0,Non-Eng,https://grecotm.club/,2026-09-22T22:28:30+00:00,
playemulator.online,online,D,47.0,Heavy advertising,5,3,5,0,0,1,22.1,2,0,Storage,https://playemulator.online/,2026-09-24T12:57:21+00:00,
luciferdonghua.in,online,D,47.1,Heavy advertising,14,10,0,0,0,2,11.7,2,0,Streaming,https://luciferdonghua.in/,2026-09-24T18:01:53+00:00,
www.auto-brochures.com,online,D,47.1,Heavy advertising,15,2,2,0,0,2,26.8,2,0,Reading,https://www.auto-brochures.com/,2026-09-23T18:01:31+00:00,
sankeymatic.com,online,D,47.2,Heavy advertising,15,2,2,0,0,0,28.6,1,0,Storage,https://sankeymatic.com/,2026-09-28T07:40:47+00:00,
hotaudiobooks.com,online,D,47.4,Heavy advertising,15,8,0,0,0,0,12.3,2,0,Reading,https://hotaudiobooks.com/,2026-09-23T22:29:49+00:00,
www.icivics.org,online,D,47.4,Heavy advertising,15,4,0,0,0,7,29.2,2,0,Educational,https://www.icivics.org/games,2026-09-19T12:07:10+00:00,
www.physicsclassroom.com,online,D,47.4,Heavy advertising,4,4,2,2,0,1,28.3,1,1,Educational,https://www.physicsclassroom.com/,2026-09-13T17:06:33+00:00,
www.bargraphmaker.net,online,D,47.5,Heavy advertising,12,3,2,0,0,1,74.4,2,0,Storage,https://www.bargraphmaker.net/,2026-08-25T02:47:36+00:00,
www.maid.my.id,online,D,47.5,Heavy advertising,18,8,0,0,0,0,3.1,2,0,Non-Eng,https://www.maid.my.id/,2026-08-31T07:39:18+00:00,
www.professormesser.com,online,D,47.5,Heavy advertising,14,5,0,0,0,3,68.7,2,0,Educational,https://www.professormesser.com/,2026-09-19T16:51:07+00:00,
magazinelib.com,online,D,47.8,Heavy advertising,14,5,0,0,0,3,29.4,2,2,Reading,https://magazinelib.com/,2026-09-06T06:32:48+00:00,
www.media.io,online,D,47.9,Heavy advertising,13,5,1,1,0,6,9.2,2,0,Misc,https://www.media.io/online-tools.html,2026-09-21T14:36:48+00:00,
www.mirandopeliculas.com,online,D,47.9,Heavy advertising,18,11,0,0,0,0,0.3,2,0,Non-Eng,https://www.mirandopeliculas.com/,2026-09-23T13:04:02+00:00,
keeptrack.space,online,D,48.0,Heavy advertising,14,2,2,0,0,0,80.8,1,0,Educational,https://keeptrack.space/,2026-09-25T13:02:00+00:00,
vizzy.io,online,D,48.0,Heavy advertising,27,4,1,0,0,1,9.0,1,0,Music,https://vizzy.io/,2026-09-27T07:08:34+00:00,
www.freepnglogos.com,online,D,48.0,Heavy advertising,18,2,3,0,0,0,8.1,1,0,Storage,https://www.freepnglogos.com/,2026-09-28T07:40:47+00:00,
www.keeptrack.space,online,D,48.0,Heavy advertising,14,2,2,0,0,0,84.0,1,0,Educational,https://www.keeptrack.space/,2026-09-25T13:02:00+00:00,
www.onlinefmradio.in,online,D,48.0,Heavy advertising,13,4,1,0,0,1,70.3,2,0,Non-Eng,https://www.onlinefmradio.in/,2026-09-23T06:43:24+00:00,
www.scorch2000.com,online,D,48.0,Heavy advertising,14,3,1,0,0,4,71.9,1,0,Gaming,http://www.scorch2000.com/,2026-09-25T18:07:54+00:00,
www.kongregate.com,online,D,48.1,Heavy advertising,17,8,0,0,0,3,1.8,2,2,Gaming,https://www.kongregate.com/,2026-09-12T21:42:32+00:00,
glorybeats.com,online,D,48.4,Heavy advertising,37,1,0,0,0,22,17.2,2,0,Music,https://glorybeats.com/,2026-09-22T12:53:35+00:00,
artificialanalysis.ai,online,D,48.5,Heavy advertising,2,1,6,0,0,1,52.5,2,2,Artificial-Intelligence,https://artificialanalysis.ai/,2026-09-12T21:42:32+00:00,
roxiestreams.info,online,D,48.5,Heavy advertising,22,2,0,0,0,1,35.5,1,1,Streaming,https://roxiestreams.info/,2026-09-17T22:29:32+00:00,
roxiestreams.su,online,D,48.5,Heavy advertising,22,2,0,0,0,1,35.4,2,2,Streaming,https://roxiestreams.su/,2026-09-13T12:54:24+00:00,
www.flashcardmachine.com,online,D,48.5,Heavy advertising,10,3,2,0,0,5,31.2,2,0,Educational,https://www.flashcardmachine.com/,2026-09-19T21:48:19+00:00,
www.howstuffworks.com,online,D,48.5,Heavy advertising,12,5,0,0,0,10,27.1,2,0,Educational,https://www.howstuffworks.com/,2026-08-19T14:24:21+00:00,
www.ticalc.org,online,D,48.5,Heavy advertising,13,2,2,0,0,2,71.2,2,0,Educational,https://www.ticalc.org/pub/,2026-09-19T21:48:19+00:00,
cb01uno.homes,online,D,48.8,Heavy advertising,17,10,0,0,0,0,1.5,2,0,Non-Eng,https://cb01uno.homes/,2026-09-10T12:24:16+00:00,
watch.versusmedia.com,online,D,48.8,Heavy advertising,18,4,2,0,0,1,3.5,4,0,Music Streaming,https://watch.versusmedia.com/live-channel,2026-09-18T06:42:10+00:00,
strannikmodz.me,online,D,49.0,Heavy advertising,10,4,1,0,0,17,21.0,3,0,Non-Eng,https://strannikmodz.me/apps/media/135-hdvideobox-222.html,2026-09-18T12:26:05+00:00,
wiki.d-addicts.com,online,D,49.0,Heavy advertising,14,3,1,0,0,2,85.0,2,0,Streaming,https://wiki.d-addicts.com/,2026-09-25T06:39:48+00:00,
www.homestyler.com,online,D,49.0,Heavy advertising,19,5,0,0,0,13,2.0,1,0,Misc,https://www.homestyler.com/,2026-09-25T22:52:29+00:00,
www.livechart.me,online,D,49.0,Heavy advertising,12,4,1,0,0,2,61.2,1,0,Streaming,https://www.livechart.me/,2026-08-29T08:22:00+00:00,
www.tastinghistory.com,online,D,49.0,Heavy advertising,29,2,2,0,0,0,9.9,2,0,Educational Misc,https://www.tastinghistory.com/,2026-09-19T06:40:29+00:00,
baomoi.com,online,D,49.4,Heavy advertising,13,9,0,0,0,2,10.3,2,2,Non-Eng,https://baomoi.com/,2026-09-13T12:54:24+00:00,
somosmovies.org,online,D,49.4,Heavy advertising,16,10,0,0,0,1,2.3,2,0,Non-Eng,https://somosmovies.org/,2026-09-27T13:18:43+00:00,
www.allmovie.com,online,D,49.4,Heavy advertising,5,4,5,0,0,1,11.3,2,0,Streaming,https://www.allmovie.com/,2026-09-24T22:46:15+00:00,
5165.org,online,D,49.5,Heavy advertising,14,3,1,0,0,1,50.0,2,0,Non-Eng,https://5165.org/,2026-09-22T22:28:30+00:00,
cinebytv.com,online,D,49.5,Heavy advertising,17,7,0,0,0,1,7.0,2,0,Streaming,https://cinebytv.com,2026-09-24T18:01:53+00:00,
nyaa.iss.one,online,D,49.5,Heavy advertising,15,4,0,0,0,2,71.4,1,1,Streaming,https://nyaa.iss.one/,2026-09-17T22:29:32+00:00,
projects.propublica.org,online,D,49.5,Heavy advertising,17,5,0,0,0,4,15.9,1,1,Misc,https://projects.propublica.org/nonprofits/,2026-09-13T21:45:32+00:00,
rcplanes.online,online,D,49.5,Heavy advertising,18,4,1,0,0,3,10.1,2,0,Educational,https://rcplanes.online/,2026-09-19T06:40:29+00:00,
runpee.com,online,D,49.5,Heavy advertising,16,5,0,0,0,2,20.9,2,0,Streaming,https://runpee.com/,2026-09-25T06:39:48+00:00,
www.edu-games.org,online,D,49.5,Heavy advertising,12,4,1,0,0,1,83.6,2,0,Gaming,https://www.edu-games.org/,2026-09-20T12:42:06+00:00,
www.flippity.net,online,D,49.5,Heavy advertising,12,4,1,0,0,1,44.5,2,0,Educational,https://www.flippity.net/,2026-09-19T21:48:19+00:00,
www.thechesswebsite.com,online,D,49.5,Heavy advertising,14,4,0,0,0,5,58.5,2,0,Educational,https://www.thechesswebsite.com/,2026-09-19T12:07:10+00:00,
witv.football,online,D,49.6,Heavy advertising,14,8,1,0,0,0,0.8,2,0,Non-Eng,https://witv.football/,2026-09-22T22:28:30+00:00,
watch.plex.tv,online,D,49.7,Heavy advertising,9,5,1,0,0,8,25.6,2,2,Streaming,https://watch.plex.tv/,2026-09-13T12:54:24+00:00,
truyenfull.live,online,D,49.8,Heavy advertising,10,2,3,0,0,2,26.4,2,0,Non-Eng,https://truyenfull.live/,2026-09-24T12:57:21+00:00,
javalab.org,online,D,50.0,Heavy advertising,12,4,1,0,0,1,29.1,1,0,Educational,https://javalab.org/en/,2026-09-25T06:39:48+00:00,
leetcode.ca,online,D,50.0,Heavy advertising,15,3,1,0,0,1,25.9,1,1,Educational,https://leetcode.ca/,2026-09-13T17:06:33+00:00,
paper.naya.com.np,online,D,50.0,Heavy advertising,14,3,1,0,0,0,44.0,2,0,Non-Eng,https://paper.naya.com.np/,2026-09-23T18:01:31+00:00,
url-decode.com,online,D,50.0,Heavy advertising,11,6,0,0,0,1,90.8,2,0,Misc,https://url-decode.com/all-tools,2026-09-21T14:36:48+00:00,
www.aerolopa.com,online,D,50.0,Heavy advertising,9,7,0,0,0,1,37.7,2,0,Misc,https://www.aerolopa.com/,2026-09-13T12:54:24+00:00,
www.noip.com,online,D,50.0,Heavy advertising,11,5,0,0,0,7,37.0,1,0,Storage,https://www.noip.com/,2026-08-28T23:15:50+00:00,
poipiku.com,online,D,50.1,Heavy advertising,17,5,0,0,0,3,15.7,2,0,Non-Eng,https://poipiku.com/,2026-09-23T06:43:24+00:00,
www.sudomemo.net,online,D,50.1,Heavy advertising,6,4,5,0,0,3,4.8,2,0,Misc,https://www.sudomemo.net/,2026-09-21T22:53:03+00:00,
www.geo-fs.com,online,D,50.2,Heavy advertising,11,4,1,0,0,4,28.5,2,0,Gaming,https://www.geo-fs.com/geofs.php,2026-09-20T12:42:06+00:00,
material-properties.org,online,D,50.4,Heavy advertising,15,7,0,0,0,2,10.2,1,1,Educational,https://material-properties.org/,2026-09-13T17:06:33+00:00,
planner5d.com,online,D,50.4,Heavy advertising,20,4,0,0,0,6,9.2,1,0,Misc,https://planner5d.com/,2026-09-25T22:52:29+00:00,
app.wakingup.com,online,D,50.5,Heavy advertising,9,5,0,0,0,12,46.0,4,0,Mobile,https://app.wakingup.com/scholarship,2026-09-18T06:42:10+00:00,
romslab.com,online,D,50.6,Heavy advertising,14,9,0,0,0,2,4.8,2,0,Gaming,https://romslab.com/,2026-09-20T07:03:23+00:00,
www.mbfbioscience.com,online,D,50.9,Heavy advertising,12,5,0,0,0,10,22.2,2,0,Educational,https://www.mbfbioscience.com/iowavirtualslidebox,2026-09-19T06:40:29+00:00,
fanfiction.com.br,online,D,51.0,Heavy advertising,12,5,0,0,0,2,30.1,2,0,Non-Eng,https://fanfiction.com.br/,2026-09-23T06:43:24+00:00,
forum.grasscity.com,online,D,51.0,Heavy advertising,9,6,0,0,0,5,51.4,1,0,Misc,https://forum.grasscity.com/,2026-09-25T22:52:29+00:00,
freebookcentre.net,online,D,51.0,Heavy advertising,12,3,1,0,0,4,69.1,2,0,Reading,https://freebookcentre.net/,2026-09-23T22:29:49+00:00,
play.nova.bg,online,D,51.0,Heavy advertising,26,6,0,0,0,1,1.1,2,0,Non-Eng,https://play.nova.bg/,2026-09-22T17:49:43+00:00,
www.andersenstories.com,online,D,51.0,Heavy advertising,13,3,1,0,0,1,83.6,1,0,Reading,https://www.andersenstories.com/,2026-09-27T17:58:51+00:00,
www.flashscore.com,online,D,51.0,Heavy advertising,13,3,1,0,0,1,39.5,1,0,Misc,https://www.flashscore.com/,2026-09-25T22:52:29+00:00,
www.flutetunes.com,online,D,51.0,Heavy advertising,11,4,1,0,0,1,86.8,2,0,Storage,https://www.flutetunes.com/,2026-09-24T12:57:21+00:00,
www.stagatv.com,online,D,51.0,Heavy advertising,17,2,0,0,0,5,35.1,2,0,Streaming,https://www.stagatv.com/,2026-09-24T22:46:15+00:00,
www.topuniversities.com,online,D,51.2,Heavy advertising,9,6,0,0,0,6,28.5,1,0,Educational,https://www.topuniversities.com/,2026-09-25T18:07:54+00:00,
garticphone.com,online,D,51.5,Heavy advertising,10,6,0,0,0,1,34.1,2,2,Gaming,https://garticphone.com/,2026-09-13T06:49:25+00:00,
smarttubeapp.github.io,online,D,51.5,Heavy advertising,14,11,0,0,0,5,0.0,1,1,Streaming,https://smarttubeapp.github.io/,2026-09-17T22:29:32+00:00,
top-radio.ru,online,D,51.5,Heavy advertising,12,3,1,0,0,3,51.1,2,0,Non-Eng,https://top-radio.ru/,2026-09-23T13:04:02+00:00,
www.afreestudio.com,online,D,51.5,Heavy advertising,12,4,0,0,0,7,67.7,1,0,Music,https://www.afreestudio.com/,2026-09-27T07:08:34+00:00,
www.sbnation.com,online,D,51.5,Heavy advertising,14,8,0,0,0,0,7.1,2,0,Misc,https://www.sbnation.com/a/17776-football/chapter-1,2026-09-21T22:53:03+00:00,
flavourmachine.com,online,D,51.6,Heavy advertising,18,4,1,0,0,5,3.7,1,1,Educational,https://flavourmachine.com/portal-generator/,2026-09-13T17:06:33+00:00,
oscarliang.com,online,D,51.6,Heavy advertising,11,4,1,0,0,1,28.7,4,0,Educational Misc,https://oscarliang.com/,2026-09-17T22:29:32+00:00,
iteraplay.com,online,D,51.8,Heavy advertising,15,4,0,0,0,1,26.5,2,0,Downloading,https://iteraplay.com/,2026-09-25T22:52:29+00:00,
kevin.games,online,D,51.8,Heavy advertising,12,5,0,0,0,2,28.4,2,0,Gaming,https://kevin.games/,2026-09-20T12:42:06+00:00,
sweet.tv,online,D,51.8,Heavy advertising,15,7,0,0,0,9,0.4,8,0,Non-Eng,https://sweet.tv/pl/,2026-09-17T22:29:32+00:00,
myphotoshopbrushes.com,online,D,52.0,Heavy advertising,16,3,0,0,0,0,33.7,1,0,Storage,https://myphotoshopbrushes.com/,2026-09-28T07:40:47+00:00,
topdocumentaryfilms.com,online,D,52.0,Heavy advertising,10,4,1,0,0,2,49.6,2,0,Educational,https://topdocumentaryfilms.com/,2026-09-18T17:16:20+00:00,
www.chronotrains.com,online,D,52.0,Heavy advertising,10,4,1,0,0,2,39.0,2,0,Misc,https://www.chronotrains.com/,2026-09-21T07:14:22+00:00,
www.gamingonlinux.com,online,D,52.0,Heavy advertising,13,2,2,0,0,0,25.0,4,0,Linux Misc,https://www.gamingonlinux.com/,2026-09-17T22:29:32+00:00,
www.globalfreetv.com,online,D,52.0,Heavy advertising,2,2,7,0,0,1,17.1,2,0,Streaming,https://www.globalfreetv.com/,2026-09-24T18:01:53+00:00,
epicroms.net,online,D,52.3,Heavy advertising,14,7,0,0,0,1,10.4,2,0,Gaming,https://epicroms.net/roms/,2026-09-20T07:03:23+00:00,
www.airtable.com,online,D,52.3,Heavy advertising,11,4,0,0,0,17,21.4,2,0,Misc,https://www.airtable.com/,2026-09-21T14:36:48+00:00,
animalslife.net,online,D,52.4,Heavy advertising,11,4,2,0,0,7,11.2,1,1,Misc,https://animalslife.net/category/shelters/,2026-09-17T17:47:40+00:00,
calcplex.com,online,D,52.5,Heavy advertising,12,3,1,0,0,1,81.6,2,0,Educational,https://calcplex.com/,2026-09-04T12:16:28+00:00,
moneymanagerex.org,online,D,52.5,Heavy advertising,12,3,1,0,0,1,69.4,1,1,Misc,https://moneymanagerex.org/,2026-09-13T21:45:32+00:00,
speedcubedb.com,online,D,52.5,Heavy advertising,12,3,1,0,0,1,32.2,2,2,Educational,https://speedcubedb.com/,2026-08-29T17:26:18+00:00,
sqlbolt.com,online,D,52.5,Heavy advertising,11,3,1,0,0,4,50.1,1,1,Educational,https://sqlbolt.com/,2026-09-13T17:06:33+00:00,
www.gethomebank.org,online,D,52.5,Heavy advertising,12,3,1,0,0,1,42.7,1,1,Misc,https://www.gethomebank.org/en/index.php,2026-09-13T21:45:32+00:00,
www.shmoop.com,online,D,52.5,Heavy advertising,12,4,0,0,0,5,58.2,1,1,Educational,https://www.shmoop.com/,2026-09-13T21:45:32+00:00,
www.vocabtest.com,online,D,52.5,Heavy advertising,12,3,1,0,0,1,87.4,1,0,Educational,https://www.vocabtest.com/,2026-09-25T13:02:00+00:00,
in-the-sky.org,online,D,52.6,Heavy advertising,16,3,1,0,0,2,16.8,2,2,Educational,https://in-the-sky.org/,2026-09-12T21:42:32+00:00,
wordsafety.com,online,D,52.6,Heavy advertising,12,3,1,0,0,4,26.7,2,0,Educational,http://wordsafety.com/,2026-09-19T21:48:19+00:00,
artofproblemsolving.com,online,D,53.0,Heavy advertising,9,6,0,0,0,4,26.9,2,2,Educational,https://artofproblemsolving.com/alcumus,2026-09-12T21:42:32+00:00,
asyaanimeleri.top,online,D,53.0,Heavy advertising,14,3,0,0,0,4,43.1,2,0,Non-Eng,https://asyaanimeleri.top/,2026-09-23T18:01:31+00:00,
databank.worldbank.org,online,D,53.0,Heavy advertising,11,7,0,0,0,6,13.1,1,1,Educational,https://databank.worldbank.org/,2026-09-13T17:06:33+00:00,
free-ebook-download-links.blogspot.com,online,D,53.0,Heavy advertising,10,2,2,0,0,2,45.2,2,0,Reading,https://free-ebook-download-links.blogspot.com/,2026-09-24T06:47:05+00:00,
home.trebel.io,online,D,53.0,Heavy advertising,11,5,0,0,0,1,90.6,2,0,Mobile,https://home.trebel.io/,2026-09-22T06:49:41+00:00,
lifeprint.com,online,D,53.2,Heavy advertising,12,3,2,0,0,2,17.6,1,1,Educational,https://lifeprint.com/,2026-09-13T17:06:33+00:00,
livelive24.st,online,D,53.2,Heavy advertising,13,7,0,0,0,1,11.5,1,0,Streaming,https://livelive24.st/,2026-09-27T13:18:43+00:00,
www.vizzed.com,online,D,53.2,Heavy advertising,12,5,1,0,0,1,16.6,2,0,Gaming,https://www.vizzed.com/,2026-09-20T07:03:23+00:00,
www.naranjasdehiroshima.com,online,D,53.4,Heavy advertising,33,3,0,0,0,8,7.3,2,0,Non-Eng,https://www.naranjasdehiroshima.com/,2026-09-23T13:04:02+00:00,
anime1.me,online,D,53.5,Heavy advertising,3,2,4,0,0,2,30.9,2,0,Non-Eng,https://anime1.me/,2026-09-22T22:28:30+00:00,
drmikecrowe.github.io,online,D,53.5,Heavy advertising,13,10,0,0,0,4,0.1,2,0,Misc,https://drmikecrowe.github.io/mbfcext/,2026-09-21T07:14:22+00:00,
onlinesim.io,online,D,53.5,Heavy advertising,8,4,0,0,0,15,65.5,1,0,Storage,https://onlinesim.io/,2026-09-05T06:19:38+00:00,
ozdic.com,online,D,53.5,Heavy advertising,11,3,1,0,0,2,68.2,2,0,Educational,https://ozdic.com/,2026-09-19T21:48:19+00:00,
selenite.skys.day,online,D,53.5,Heavy advertising,11,4,0,0,0,6,94.1,1,1,Gaming,https://selenite.skys.day/,2026-09-13T21:45:32+00:00,
selenite.skysthelimit.dev,online,D,53.5,Heavy advertising,11,4,0,0,0,6,94.1,1,1,Gaming,https://selenite.skysthelimit.dev/,2026-09-13T21:45:32+00:00,
worldbirthsanddeaths.com,online,D,53.5,Heavy advertising,16,4,1,0,0,1,9.9,2,0,Educational,https://worldbirthsanddeaths.com/,2026-09-19T12:07:10+00:00,
www.pw.live,online,D,53.6,Heavy advertising,12,4,0,0,0,14,18.8,2,2,Educational,https://www.pw.live/,2026-09-12T21:42:32+00:00,
www.the-editing-room.com,online,D,53.6,Heavy advertising,9,6,0,0,0,3,26.7,2,0,Misc,https://www.the-editing-room.com/,2026-09-21T22:53:03+00:00,
android.biglybt.com,online,D,54.0,Heavy advertising,12,4,0,0,0,2,92.9,2,0,Mobile,https://android.biglybt.com/,2026-09-22T06:49:41+00:00,
apkadmin.com,online,D,54.0,Heavy advertising,14,8,0,0,0,0,1.9,2,0,Mobile,https://apkadmin.com/,2026-08-22T19:57:58+00:00,
bonpatron.com,online,D,54.0,Heavy advertising,3,2,4,0,0,1,86.8,2,0,Non-Eng,https://bonpatron.com/,2026-09-22T22:28:30+00:00,
chess-analysis.org,online,D,54.0,Heavy advertising,9,3,1,0,0,7,47.1,1,0,Educational,https://chess-analysis.org/,2026-09-19T12:07:10+00:00,
memory.toys,online,D,54.0,Heavy advertising,10,5,0,0,0,2,73.9,2,0,Educational,https://memory.toys/,2026-09-18T17:16:20+00:00,
online.oldgames.sk,online,D,54.0,Heavy advertising,12,4,0,0,0,2,45.3,2,0,Gaming,https://online.oldgames.sk/,2026-09-20T07:03:23+00:00,
threelettersgame.com,online,D,54.0,Heavy advertising,14,3,0,0,0,2,48.0,2,0,Gaming,https://threelettersgame.com/,2026-09-20T07:03:23+00:00,
www.msdmanuals.com,online,D,54.0,Heavy advertising,14,3,0,0,0,2,37.6,1,0,Educational,https://www.msdmanuals.com/,2026-09-25T13:02:00+00:00,
94hiphop.com,online,D,54.4,Heavy advertising,14,8,0,0,0,0,1.3,2,0,Music,https://94hiphop.com/,2026-09-22T12:53:35+00:00,
takemetal.org,online,D,54.4,Heavy advertising,10,6,2,0,0,3,2.2,2,0,Music,https://takemetal.org/,2026-09-22T12:53:35+00:00,
sandtris.com,online,D,54.5,Heavy advertising,10,2,3,0,0,0,19.1,2,0,Gaming,https://sandtris.com/,2026-09-20T17:01:41+00:00,
selenite.cc,online,D,54.5,Heavy advertising,12,4,0,0,0,1,58.8,2,2,Gaming,https://selenite.cc/,2026-09-12T21:42:32+00:00,
typeform.com,online,D,54.5,Heavy advertising,10,3,0,0,0,17,25.9,1,0,Storage,https://typeform.com/examples/polls/,2026-08-28T23:15:50+00:00,
www.nls.uk,online,D,54.5,Heavy advertising,15,2,0,0,0,4,33.3,2,0,Streaming,https://www.nls.uk/,2026-09-24T18:01:53+00:00,
www.learnpython.org,online,D,54.6,Heavy advertising,10,4,1,0,0,5,21.7,2,0,Educational,https://www.learnpython.org/,2026-09-19T16:51:07+00:00,
www.newscaststudio.com,online,D,54.6,Heavy advertising,3,2,8,0,0,4,5.7,2,0,Misc,https://www.newscaststudio.com/,2026-09-21T07:14:22+00:00,
zoom.earth,online,D,54.7,Heavy advertising,13,2,1,0,0,0,29.6,1,1,Misc,https://zoom.earth/,2026-09-13T21:45:32+00:00,
rumble.com,online,D,54.9,Heavy advertising,9,6,2,0,0,6,1.3,2,0,Streaming,https://rumble.com/,2026-09-01T17:27:39+00:00,
hdmozi.hu,online,D,55.0,Heavy advertising,13,3,0,0,0,3,50.1,2,0,Non-Eng,https://hdmozi.hu/,2026-09-22T22:28:30+00:00,
japanesepccompendium.blogspot.com,online,D,55.0,Heavy advertising,7,3,4,0,0,1,10.0,2,0,Gaming,https://japanesepccompendium.blogspot.com/,2026-09-19T21:48:19+00:00,
spinwheelify.com,online,D,55.0,Heavy advertising,7,3,2,0,0,1,55.0,1,0,Misc,https://spinwheelify.com/,2026-09-26T12:31:41+00:00,
thebookrex.com,online,D,55.0,Heavy advertising,10,3,1,0,0,2,31.0,2,0,Reading,https://thebookrex.com/,2026-09-07T13:41:48+00:00,
translatesubtitles.co,online,D,55.0,Heavy advertising,10,3,1,0,0,2,60.8,1,0,Streaming,https://translatesubtitles.co/,2026-08-29T08:22:00+00:00,
v2nodes.com,online,D,55.0,Heavy advertising,7,3,2,0,0,1,69.4,2,0,Storage,https://v2nodes.com/,2026-09-24T12:57:21+00:00,
www.a.tools,online,D,55.0,Heavy advertising,10,4,0,0,0,6,83.4,2,0,Misc,https://www.a.tools/,2026-09-21T14:36:48+00:00,
www.neliti.com,online,D,55.0,Heavy advertising,12,6,0,0,0,3,15.0,2,0,Reading,https://www.neliti.com/,2026-09-24T06:47:05+00:00,
www.nfb.ca,online,D,55.0,Heavy advertising,10,4,0,0,0,6,38.9,2,0,Streaming,https://www.nfb.ca/,2026-09-24T18:01:53+00:00,
www.spreeder.com,online,D,55.0,Heavy advertising,9,5,0,0,0,3,50.4,1,0,Reading,https://www.spreeder.com/app.php?intro=1,2026-09-27T17:58:51+00:00,
www.learn-perl.org,online,D,55.1,Heavy advertising,12,4,1,0,0,3,16.7,2,0,Educational,https://www.learn-perl.org/,2026-09-19T16:51:07+00:00,
anitaku.online,online,D,55.5,Heavy advertising,13,9,0,0,0,0,0.0,1,0,Streaming,https://anitaku.online/,2026-09-04T12:16:28+00:00,
boxofficega.me,online,D,55.5,Heavy advertising,10,3,1,0,0,1,85.0,2,0,Gaming,https://boxofficega.me/,2026-09-20T17:01:41+00:00,
liveplasma.com,online,D,55.5,Heavy advertising,11,4,0,0,0,2,72.9,1,0,Music,https://liveplasma.com/,2026-09-27T07:08:34+00:00,
openra.net,online,D,55.5,Heavy advertising,12,9,0,0,0,3,0.0,1,0,Gaming,https://openra.net/,2026-09-25T18:07:54+00:00,
overtakefans.com,online,D,55.5,Heavy advertising,11,4,0,0,0,2,46.9,4,0,Streaming,https://overtakefans.com/,2026-09-18T12:26:05+00:00,
www.railjournal.in,online,D,55.5,Heavy advertising,13,3,0,0,0,2,36.3,2,0,Misc Non-Eng,https://www.railjournal.in/,2026-09-21T07:14:22+00:00,
www.semanticscholar.org,online,D,55.5,Heavy advertising,9,5,0,0,0,2,37.3,2,0,Reading,https://www.semanticscholar.org/,2026-09-24T06:47:05+00:00,
www.webcamhopper.com,online,D,55.5,Heavy advertising,10,3,1,0,0,1,31.7,2,0,Misc,https://www.webcamhopper.com/,2026-09-21T22:53:03+00:00,
www.radiorock.com.br,online,D,55.6,Heavy advertising,12,5,0,0,0,8,14.8,2,0,Non-Eng,https://www.radiorock.com.br,2026-09-23T06:43:24+00:00,
moriyashrine.org,online,D,55.9,Heavy advertising,16,3,2,0,0,1,1.3,2,0,Gaming,https://moriyashrine.org/,2026-09-19T21:48:19+00:00,
academo.org,online,D,56.0,Heavy advertising,9,3,1,0,0,3,42.1,1,1,Educational,https://academo.org/,2026-09-13T17:06:33+00:00,
legendaoficial.net,online,D,56.0,Heavy advertising,4,2,0,0,1,4,52.0,1,0,Non-Eng,http://legendaoficial.net,2026-08-28T13:26:35+00:00,
tailscale.com,online,D,56.0,Heavy advertising,9,4,0,0,0,7,31.6,2,2,Adblock,https://tailscale.com/,2026-09-12T21:42:32+00:00,
www.bingeclock.com,online,D,56.0,Heavy advertising,12,2,1,0,0,0,50.2,2,2,Streaming,https://www.bingeclock.com/,2026-09-13T12:54:24+00:00,
www.movieloci.com,online,D,56.0,Heavy advertising,13,4,1,0,0,1,14.0,1,0,Streaming,https://www.movieloci.com/,2026-08-29T17:26:18+00:00,
www.songsterr.com,online,D,56.0,Heavy advertising,7,6,0,0,0,1,56.5,1,0,Educational,https://www.songsterr.com/,2026-09-25T13:02:00+00:00,
www.urlvoid.com,online,D,56.0,Heavy advertising,12,2,1,0,0,0,61.4,2,2,Adblock,https://www.urlvoid.com/,2026-09-12T21:42:32+00:00,
paradiseofgaragecomps.blogspot.com,online,D,56.1,Heavy advertising,12,11,0,0,0,0,1.8,2,0,Music,https://paradiseofgaragecomps.blogspot.com/,2026-09-12T11:45:01+00:00,
edition.cnn.com,online,D,56.2,Heavy advertising,11,6,0,0,0,0,18.5,2,0,Misc,https://edition.cnn.com/interactive/2021/03/cnnix-steership/,2026-09-21T22:53:03+00:00,
www.blitzortung.org,online,D,56.2,Heavy advertising,12,2,1,0,0,0,29.6,2,0,Misc,https://www.blitzortung.org/en/live_lightning_maps.php,2026-09-21T07:14:22+00:00,
asana.com,online,D,56.5,Heavy advertising,11,7,0,0,0,6,6.0,2,0,Misc,https://asana.com/,2026-09-21T14:36:48+00:00,
click-relax.com,online,D,56.5,Heavy advertising,8,3,1,0,0,5,69.0,1,0,Music,https://click-relax.com/,2026-09-27T07:08:34+00:00,
french-stream.one,online,D,56.5,Heavy advertising,13,8,0,0,0,0,0.1,2,0,Non-Eng,https://french-stream.one/,2026-09-22T22:28:30+00:00,
heystacks.com,online,D,56.5,Heavy advertising,9,3,1,0,0,2,54.2,2,0,Reading,https://heystacks.com/,2026-09-24T06:47:05+00:00,
privadovpn.com,online,D,56.5,Heavy advertising,10,4,0,0,0,3,76.7,2,0,Adblock,https://privadovpn.com/freevpn,2026-09-18T12:26:05+00:00,
projectlearn.io,online,D,56.5,Heavy advertising,9,3,1,0,0,2,65.9,2,0,Educational,https://projectlearn.io/,2026-09-19T16:51:07+00:00,
sandspiel.club,online,D,56.5,Heavy advertising,9,3,1,0,0,2,64.7,1,1,Misc,https://sandspiel.club/,2026-09-17T17:47:40+00:00,
www.innerbody.com,online,D,56.5,Heavy advertising,8,5,0,0,0,3,35.0,2,0,Educational,https://www.innerbody.com/htm/body.html,2026-08-20T02:46:21+00:00,
www.themuse.com,online,D,56.5,Heavy advertising,7,5,0,0,0,6,46.1,1,0,Misc,https://www.themuse.com/search/,2026-09-26T12:31:41+00:00,
youraislopbores.me,online,D,56.5,Heavy advertising,15,7,0,0,0,0,0.0,4,0,Artificial-Intelligence Misc,https://youraislopbores.me/,2026-09-17T22:29:32+00:00,
freemidi.org,online,D,56.6,Heavy advertising,14,2,2,0,0,0,12.7,1,0,Music,https://freemidi.org/,2026-09-27T07:08:34+00:00,
chinese.todaiinews.com,online,D,56.7,Heavy advertising,10,4,0,0,0,3,29.6,2,0,Non-Eng,https://chinese.todaiinews.com/,2026-09-22T17:49:43+00:00,
www.dio.me,online,D,56.7,Heavy advertising,8,4,0,0,0,12,26.6,2,0,Non-Eng,https://www.dio.me,2026-09-23T06:43:24+00:00,
vocal.media,online,D,56.8,Heavy advertising,9,4,0,0,0,9,26.5,2,0,Reading,https://vocal.media/fiction/,2026-09-23T22:29:49+00:00,
onlinecursosgratuitos.com,online,D,56.9,Heavy advertising,10,5,0,0,0,1,25.2,4,0,Non-Eng,https://onlinecursosgratuitos.com,2026-09-18T12:26:05+00:00,
audiozaic.com,online,D,57.0,Heavy advertising,10,4,0,0,0,2,60.3,2,0,Reading,https://audiozaic.com/,2026-09-23T22:29:49+00:00,
screenshot.rocks,online,D,57.0,Heavy advertising,8,5,0,0,0,2,62.0,2,0,Storage,https://screenshot.rocks/,2026-09-10T12:24:16+00:00,
www.dong-chinese.com,online,D,57.0,Heavy advertising,8,5,0,0,0,2,80.1,1,0,Educational,https://www.dong-chinese.com/,2026-09-25T13:02:00+00:00,
www.liberatedmanuals.com,online,D,57.0,Heavy advertising,9,3,1,0,0,1,60.5,1,0,Reading,https://www.liberatedmanuals.com/,2026-09-27T17:58:51+00:00,
www.merckmanuals.com,online,D,57.0,Heavy advertising,12,3,0,0,0,2,30.0,1,0,Misc,https://www.merckmanuals.com/,2026-09-25T22:52:29+00:00,
www.scribbr.com,online,D,57.0,Heavy advertising,6,4,0,0,0,14,45.6,1,0,Educational,https://www.scribbr.com/citation/generator/,2026-09-25T18:07:54+00:00,
worldfree4u.moe,online,D,57.1,Heavy advertising,3,1,9,0,0,2,8.7,2,0,Streaming,https://worldfree4u.moe/,2026-08-25T14:31:22+00:00,
www.hackster.io,online,D,57.1,Heavy advertising,3,2,3,0,0,6,28.7,2,0,Educational,https://www.hackster.io/,2026-09-27T13:18:43+00:00,
www.xwords-generator.de,online,D,57.1,Heavy advertising,15,3,1,0,0,0,12.7,1,0,Gaming,https://www.xwords-generator.de/en,2026-09-25T18:07:54+00:00,
shahiid-anime.net,online,D,57.2,Heavy advertising,15,6,0,0,0,0,4.5,2,0,Non-Eng,https://shahiid-anime.net/,2026-09-22T17:49:43+00:00,
ver-peliculas-online.org,online,D,57.2,Heavy advertising,14,7,0,0,0,0,1.5,1,0,Non-Eng,https://ver-peliculas-online.org/,2026-09-27T17:58:51+00:00,
etoland.co.kr,online,D,57.4,Heavy advertising,14,6,0,0,0,2,5.2,2,0,Non-Eng,https://etoland.co.kr/,2026-09-23T06:43:24+00:00,
www.freemaptools.com,online,D,57.4,Heavy advertising,13,3,1,0,0,2,16.2,2,0,Misc,https://www.freemaptools.com/,2026-09-20T21:52:34+00:00,
www.icheckmovies.com,online,D,57.4,Heavy advertising,11,2,1,0,0,2,28.2,2,2,Streaming,https://www.icheckmovies.com/,2026-09-13T12:54:24+00:00,
almostidle.com,online,D,57.5,Heavy advertising,8,3,1,0,0,3,30.9,1,0,Gaming,https://almostidle.com/,2026-09-25T22:52:29+00:00,
dan-ball.jp,online,D,57.5,Heavy advertising,11,2,1,0,0,0,64.5,3,1,Gaming Misc,https://dan-ball.jp/en/,2026-09-13T17:06:33+00:00,
devcheck.app,online,D,57.5,Heavy advertising,11,2,1,0,0,0,76.9,1,0,Mobile,https://devcheck.app/,2026-09-26T12:31:41+00:00,
flightguesser.com,online,D,57.5,Heavy advertising,8,3,1,0,0,3,55.4,2,0,Gaming,https://flightguesser.com/,2026-09-20T12:42:06+00:00,
rekt.network,online,D,57.5,Heavy advertising,8,5,0,0,0,1,88.0,2,0,Music,https://rekt.network/,2026-09-22T12:53:35+00:00,
singlemotherguide.com,online,D,57.5,Heavy advertising,11,2,1,0,0,0,57.6,2,0,Misc,https://singlemotherguide.com/,2026-09-20T21:52:34+00:00,
www.epgsoft.com,online,D,57.5,Heavy advertising,10,4,0,0,0,1,68.9,1,0,Gaming,https://www.epgsoft.com/maze/,2026-09-25T18:07:54+00:00,
www.islegitsite.com,online,D,57.5,Heavy advertising,11,2,1,0,0,0,66.1,2,0,Adblock,https://www.islegitsite.com/,2026-09-18T06:42:10+00:00,
www.iudesk.com,online,D,57.5,Heavy advertising,11,2,1,0,0,0,67.4,2,0,Mobile,https://www.iudesk.com/,2026-09-22T06:49:41+00:00,
www.japanesewiki.com,online,D,57.5,Heavy advertising,11,4,0,0,0,4,23.9,2,0,Reading,https://www.japanesewiki.com/,2026-09-23T22:29:49+00:00,
www.polkadotgame.com,online,D,57.5,Heavy advertising,11,2,1,0,0,0,70.7,2,0,Gaming,https://www.polkadotgame.com/,2026-09-20T12:42:06+00:00,
www.vgmpf.com,online,D,57.5,Heavy advertising,11,2,1,0,0,0,51.1,2,0,Music,https://www.vgmpf.com/Wiki/index.php,2026-09-22T17:49:43+00:00,
www.videohelp.com,online,D,57.5,Heavy advertising,11,2,1,0,0,0,35.8,1,0,Streaming,https://www.videohelp.com/software/MKVcleaver,2026-08-29T08:22:00+00:00,
yieldfinder.app,online,D,57.5,Heavy advertising,10,4,0,0,0,1,85.2,2,0,Misc,https://yieldfinder.app/,2026-09-21T14:36:48+00:00,
www.goodbooks.io,online,D,57.6,Heavy advertising,12,6,0,0,0,4,8.8,2,0,Reading,https://www.goodbooks.io/,2026-09-24T06:47:05+00:00,
mspfa.com,online,D,57.7,Heavy advertising,29,3,0,0,0,1,5.6,2,0,Misc,https://mspfa.com/,2026-09-21T22:53:03+00:00,
emulatorgameszone.com,online,D,57.8,Heavy advertising,14,3,0,0,0,1,23.4,2,0,Storage,https://emulatorgameszone.com/,2026-09-24T12:57:21+00:00,
hoofoot.ru,online,D,57.9,Heavy advertising,14,7,0,0,0,0,0.2,4,0,Streaming,https://hoofoot.ru/iptv/,2026-09-18T12:26:05+00:00,
subtitleone.cc,online,D,57.9,Heavy advertising,13,3,1,0,0,0,17.2,1,0,Streaming,https://subtitleone.cc/,2026-08-29T08:22:00+00:00,
awesomeopensource.com,online,C,58.0,Moderate advertising,9,4,0,0,0,3,63.6,2,0,Downloading,https://awesomeopensource.com/,2026-09-18T17:16:20+00:00,
lolmythesis.com,online,C,58.0,Moderate advertising,11,3,0,0,0,3,69.6,2,0,Reading,https://lolmythesis.com/,2026-09-24T06:47:05+00:00,
techdevguide.withgoogle.com,online,C,58.0,Moderate advertising,9,2,1,0,0,5,42.9,2,0,Educational,https://techdevguide.withgoogle.com/,2026-08-20T14:23:07+00:00,
twistypuzzles.com,online,C,58.0,Moderate advertising,10,2,1,0,0,2,37.0,2,0,Gaming,https://twistypuzzles.com/forum/viewtopic.php?f=1&t=27054,2026-09-20T07:03:23+00:00,
vndoc.com,online,C,58.0,Moderate advertising,8,4,0,0,0,6,30.1,1,1,Non-Eng,https://vndoc.com/,2026-09-17T17:47:40+00:00,
www.commonsensemedia.org,online,C,58.0,Moderate advertising,7,4,0,0,0,9,33.2,3,0,Misc Streaming,https://www.commonsensemedia.org/,2026-09-18T12:26:05+00:00,
www.designarena.ai,online,C,58.0,Moderate advertising,9,4,0,0,0,3,39.8,6,0,Artificial-Intelligence,https://www.designarena.ai/,2026-09-17T22:29:32+00:00,
www.netknots.com,online,C,58.0,Moderate advertising,6,5,0,0,0,6,30.2,1,1,Educational,https://www.netknots.com/,2026-09-13T17:06:33+00:00,
www.pbs.org,online,C,58.0,Moderate advertising,9,6,0,0,0,4,17.0,2,0,Educational,https://www.pbs.org/video/,2026-09-18T17:16:20+00:00,
www.testingcatalog.com,online,C,58.0,Moderate advertising,11,4,0,0,0,1,26.1,1,0,Misc,https://www.testingcatalog.com/,2026-09-25T22:52:29+00:00,
webkay.robinlinus.com,online,C,58.1,Moderate advertising,11,4,2,0,0,3,3.7,1,1,Adblock,https://webkay.robinlinus.com/,2026-09-13T17:06:33+00:00,
www.hybridcalisthenics.com,online,C,58.1,Moderate advertising,12,5,0,0,0,7,10.8,1,1,Misc,https://www.hybridcalisthenics.com/app,2026-09-13T21:45:32+00:00,
explore.org,online,C,58.2,Moderate advertising,14,5,0,0,0,10,1.6,2,2,Misc,https://explore.org/,2026-09-13T06:49:25+00:00,
atomic.chat,online,C,58.5,Moderate advertising,7,4,0,0,0,8,70.2,1,0,Linux,https://atomic.chat/,2026-09-25T22:52:29+00:00,
database.ilga.org,online,C,58.5,Moderate advertising,24,3,0,0,0,3,2.1,4,0,Educational Misc,https://database.ilga.org/,2026-09-17T22:29:32+00:00,
nyaa.iss.ink,online,C,58.5,Moderate advertising,9,4,0,0,0,2,71.4,1,1,Streaming,https://nyaa.iss.ink/,2026-09-17T22:29:32+00:00,
pitch.com,online,C,58.5,Moderate advertising,7,4,0,0,0,8,40.6,1,0,Storage,https://pitch.com/,2026-09-28T07:40:47+00:00,
uxmovement.com,online,C,58.5,Moderate advertising,7,5,0,0,0,2,58.6,1,0,Educational,https://uxmovement.com/,2026-09-25T18:07:54+00:00,
www.diziizle.now,online,C,58.5,Moderate advertising,1,1,44,0,0,2,12.0,2,0,Non-Eng,https://www.diziizle.now/,2026-09-10T12:24:16+00:00,
www.diziizle.tel,online,C,58.5,Moderate advertising,1,1,36,0,0,2,12.1,2,0,Non-Eng,https://www.diziizle.tel/,2026-08-24T14:28:18+00:00,
hybrid-analysis.com,online,C,58.6,Moderate advertising,7,6,0,0,0,6,19.7,2,2,Adblock Mobile,https://hybrid-analysis.com/,2026-09-12T21:42:32+00:00,
www.besteveralbums.com,online,C,58.6,Moderate advertising,3,3,3,0,0,1,24.7,1,0,Music,https://www.besteveralbums.com/index.php,2026-09-27T07:08:34+00:00,
www.livecoinwatch.com,online,C,58.8,Moderate advertising,5,4,3,0,0,1,12.5,1,0,Misc,https://www.livecoinwatch.com/,2026-09-26T12:31:41+00:00,
internet-radio.com,online,C,59.0,Moderate advertising,10,2,1,0,0,0,38.6,2,0,Music,https://internet-radio.com/,2026-09-22T12:53:35+00:00,
randomsonggenerator.com,online,C,59.0,Moderate advertising,8,3,0,0,0,19,21.1,2,0,Music,https://randomsonggenerator.com/,2026-09-22T17:49:43+00:00,
reloadedsteam.com,online,C,59.0,Moderate advertising,12,7,0,0,0,1,3.0,2,0,Gaming,https://reloadedsteam.com/,2026-09-19T21:48:19+00:00,
sheetsresume.com,online,C,59.0,Moderate advertising,7,4,0,0,0,7,55.0,1,1,Misc,https://sheetsresume.com/,2026-09-13T21:45:32+00:00,
truyenfull.vision,online,C,59.0,Moderate advertising,4,2,3,0,0,2,25.9,2,0,Non-Eng,https://truyenfull.vision/,2026-09-23T18:01:31+00:00,
voscreen.com,online,C,59.0,Moderate advertising,8,4,0,0,0,4,66.7,1,0,Educational,https://voscreen.com/,2026-09-25T13:02:00+00:00,
www.fosshub.com,online,C,59.0,Moderate advertising,9,4,0,0,0,1,69.3,2,0,Downloading,https://www.fosshub.com/,2026-09-18T17:16:20+00:00,
www.learnamic.com,online,C,59.0,Moderate advertising,9,4,0,0,0,1,49.7,1,0,Educational,https://www.learnamic.com/,2026-08-26T02:55:42+00:00,
www.scribblemaps.com,online,C,59.0,Moderate advertising,16,5,0,0,0,3,1.1,2,0,Misc,https://www.scribblemaps.com/create/,2026-09-20T21:52:34+00:00,
www.signbsl.com,online,C,59.0,Moderate advertising,9,4,0,0,0,1,36.2,2,2,Educational,https://www.signbsl.com/,2026-09-12T21:42:32+00:00,
www.skylinewebcams.com,online,C,59.0,Moderate advertising,10,2,1,0,0,0,52.9,2,0,Misc,https://www.skylinewebcams.com/en.html,2026-09-21T22:53:03+00:00,
www.trancy.org,online,C,59.0,Moderate advertising,7,5,0,0,0,1,32.0,1,1,Educational,https://www.trancy.org/,2026-09-13T17:06:33+00:00,
www.gaiaonline.com,online,C,59.1,Moderate advertising,9,4,1,0,0,1,19.7,2,0,Gaming,https://www.gaiaonline.com/,2026-09-20T12:42:06+00:00,
www.signwriting.org,online,C,59.1,Moderate advertising,33,3,0,0,0,3,0.7,2,0,Educational,https://www.signwriting.org/,2026-09-19T16:51:07+00:00,
www.geeks3d.com,online,C,59.2,Moderate advertising,14,2,2,0,0,0,7.6,2,0,Misc,https://www.geeks3d.com/,2026-09-21T07:14:22+00:00,
www.webtoons.com,online,C,59.2,Moderate advertising,12,6,0,0,0,6,3.5,2,0,Reading,https://www.webtoons.com/,2026-09-23T22:29:49+00:00,
www.doesitgobad.com,online,C,59.3,Moderate advertising,2,2,5,0,0,1,12.4,2,0,Misc,https://www.doesitgobad.com/,2026-09-20T21:52:34+00:00,
codewisp.ai,online,C,59.4,Moderate advertising,12,4,0,0,0,2,19.2,2,0,Educational,https://codewisp.ai/,2026-09-09T12:30:35+00:00,
bomomo.com,online,C,59.5,Moderate advertising,9,2,1,0,0,2,64.6,2,0,Misc,https://bomomo.com/,2026-09-21T22:53:03+00:00,
cssbattle.dev,online,C,59.5,Moderate advertising,5,4,1,0,0,2,59.5,1,0,Educational,https://cssbattle.dev/,2026-09-25T18:07:54+00:00,
poweroutage.us,online,C,59.5,Moderate advertising,5,4,1,0,0,2,79.8,2,0,Misc,https://poweroutage.us/,2026-09-28T07:40:47+00:00,
tetw.org,online,C,59.5,Moderate advertising,10,3,0,0,0,3,32.4,2,0,Reading,https://tetw.org/,2026-09-24T06:47:05+00:00,
www.etymonline.com,online,C,59.5,Moderate advertising,8,4,0,0,0,3,52.6,2,0,Educational,https://www.etymonline.com/,2026-09-19T21:48:19+00:00,
www.evernote.design,online,C,59.5,Moderate advertising,10,4,0,0,0,2,25.1,3,0,Storage,https://www.evernote.design/,2026-09-18T12:26:05+00:00,
www.mdbg.net,online,C,59.5,Moderate advertising,9,2,1,0,0,2,44.4,1,0,Educational,https://www.mdbg.net/,2026-09-25T13:02:00+00:00,
www.music.com.bd,online,C,59.6,Moderate advertising,2,2,3,0,0,6,26.7,2,0,Non-Eng,https://www.music.com.bd/,2026-09-22T17:49:43+00:00,
www.suamusica.com.br,online,C,59.6,Moderate advertising,9,6,1,0,0,6,1.7,2,0,Non-Eng,https://www.suamusica.com.br,2026-09-23T06:43:24+00:00,
bestsellingalbums.org,online,C,59.8,Moderate advertising,9,4,0,0,0,5,24.4,2,0,Music,https://bestsellingalbums.org/,2026-09-22T17:49:43+00:00,
generals.io,online,C,59.9,Moderate advertising,6,5,1,0,0,3,19.3,2,0,Gaming,https://generals.io/,2026-09-20T12:42:06+00:00,
getsentinel.io,online,C,60.0,Moderate advertising,6,5,0,0,0,2,36.9,2,0,Adblock,https://getsentinel.io/,2026-09-18T06:42:10+00:00,
goonlinetools.com,online,C,60.0,Moderate advertising,10,4,0,0,0,9,17.1,2,0,Misc,https://goonlinetools.com/,2026-09-21T14:36:48+00:00,
guessme.io,online,C,60.0,Moderate advertising,10,3,0,0,0,2,60.6,4,0,Gaming,https://guessme.io/,2026-08-29T17:26:18+00:00,
mangaball.net,online,C,60.0,Moderate advertising,3,1,3,0,1,2,3.1,2,0,Reading,https://mangaball.net/,2026-09-23T22:29:49+00:00,
scispace.com,online,C,60.0,Moderate advertising,6,4,0,0,0,8,34.4,4,0,Artificial-Intelligence Educational,https://scispace.com/,2026-09-17T22:29:32+00:00,
seedboxgui.de,online,C,60.0,Moderate advertising,7,4,0,0,0,5,34.7,2,0,Torrenting,https://seedboxgui.de/seedbox/,2026-09-25T06:39:48+00:00,
squaredle.app,online,C,60.0,Moderate advertising,8,4,0,0,0,2,71.4,2,0,Gaming,https://squaredle.app/,2026-09-20T07:03:23+00:00,
studyflix.de,online,C,60.0,Moderate advertising,7,3,0,0,0,11,52.8,2,0,Non-Eng,https://studyflix.de/,2026-09-22T22:28:30+00:00,
vtudien.com,online,C,60.0,Moderate advertising,10,3,0,0,0,2,84.9,1,0,Non-Eng,https://vtudien.com/,2026-09-04T17:05:11+00:00,
www.aircraftflightmechanics.com,online,C,60.0,Moderate advertising,10,3,0,0,0,2,30.3,2,0,Educational,https://www.aircraftflightmechanics.com,2026-09-19T06:40:29+00:00,
www.e-booksdirectory.com,online,C,60.0,Moderate advertising,6,5,0,0,0,2,54.9,2,0,Reading,https://www.e-booksdirectory.com/,2026-09-23T22:29:49+00:00,
www.higherlowergame.com,online,C,60.0,Moderate advertising,5,3,1,0,0,7,41.0,2,0,Gaming,https://www.higherlowergame.com/,2026-09-20T17:01:41+00:00,
www.netmovies.com.br,online,C,60.0,Moderate advertising,8,4,0,0,0,2,92.3,2,0,Non-Eng,https://www.netmovies.com.br,2026-09-23T06:43:24+00:00,
www.qrz.com,online,C,60.0,Moderate advertising,8,4,0,0,0,2,62.4,2,0,Educational,https://www.qrz.com/db/,2026-09-19T12:07:10+00:00,
infinitewordles.org,online,C,60.1,Moderate advertising,2,1,13,0,0,7,0.7,1,1,Gaming,https://infinitewordles.org/,2026-09-13T21:45:32+00:00,
elevenlabs.io,online,C,60.2,Moderate advertising,9,4,0,0,0,10,18.6,2,0,Artificial-Intelligence,https://elevenlabs.io/,2026-09-18T17:16:20+00:00,
80000hours.org,online,C,60.4,Moderate advertising,10,4,0,0,0,31,5.2,2,0,Misc,https://80000hours.org/,2026-09-21T07:14:22+00:00,
123apps.com,online,C,60.5,Moderate advertising,8,4,0,0,0,1,67.3,2,0,Misc,https://123apps.com/,2026-09-21T14:36:48+00:00,
aviewfrommyseat.com,online,C,60.5,Moderate advertising,6,4,0,0,0,7,69.0,2,0,Misc,https://aviewfrommyseat.com/,2026-09-21T14:36:48+00:00,
ebird.org,online,C,60.5,Moderate advertising,9,4,0,0,0,4,23.9,2,0,Educational,https://ebird.org/,2026-09-19T06:40:29+00:00,
engaging-data.com,online,C,60.5,Moderate advertising,14,4,1,0,0,1,2.1,1,0,Educational,https://engaging-data.com/,2026-09-25T13:02:00+00:00,
fastest.eaglercraft.win,,C,60.5,Moderate advertising,8,4,0,0,0,1,68.5,1,1,Gaming,https://fastest.eaglercraft.win/,2026-08-14T17:12:05+00:00,
mkpc.malahieude.net,online,C,60.5,Moderate advertising,9,2,1,0,0,0,62.4,3,3,Gaming,https://mkpc.malahieude.net/mariokart.php,2026-09-12T16:31:29+00:00,
roms2000.com,online,C,60.5,Moderate advertising,7,4,0,0,0,4,66.6,2,0,Gaming,https://roms2000.com/,2026-09-20T07:03:23+00:00,
slowedandreverb.studio,online,C,60.5,Moderate advertising,9,2,1,0,0,0,40.4,2,0,Music,https://slowedandreverb.studio/,2026-09-22T17:49:43+00:00,
soaratlas.com,online,C,60.5,Moderate advertising,7,4,0,0,0,7,27.0,4,0,Educational Misc,https://soaratlas.com/,2026-09-17T22:29:32+00:00,
stats.fm,online,C,60.5,Moderate advertising,8,4,0,0,0,1,54.4,3,0,Mobile,https://stats.fm/,2026-09-18T12:26:05+00:00,
www.parsnip.ai,online,C,60.5,Moderate advertising,9,3,0,0,0,4,64.1,2,0,Misc,https://www.parsnip.ai/,2026-09-20T21:52:34+00:00,
anytrip.com.au,online,C,60.6,Moderate advertising,12,3,1,0,0,5,9.7,2,0,Misc,https://anytrip.com.au/,2026-09-20T21:52:34+00:00,
www.foxit.com,online,C,60.6,Moderate advertising,14,5,0,0,0,6,0.7,2,0,Reading,https://www.foxit.com/pdf-reader/,2026-09-23T18:01:31+00:00,
paintable.cc,online,C,60.8,Moderate advertising,12,3,0,0,0,5,19.5,2,0,Educational,https://paintable.cc/,2026-09-19T12:07:10+00:00,
www.episoden.com,online,C,60.8,Moderate advertising,9,4,0,0,0,5,22.4,2,0,Educational,https://www.episoden.com/,2026-09-19T12:07:10+00:00,
cal.com,online,C,61.0,Moderate advertising,6,4,0,0,0,6,37.3,2,2,Misc,https://cal.com/,2026-09-13T06:49:25+00:00,
cubedesk.io,online,C,61.0,Moderate advertising,9,3,0,0,0,3,92.2,2,2,Educational,https://cubedesk.io/,2026-09-12T21:42:32+00:00,
fingertabs.com,online,C,61.0,Moderate advertising,9,3,0,0,0,3,38.2,1,0,Educational,https://fingertabs.com/,2026-09-09T12:30:35+00:00,
freecoursesites.com,online,C,61.0,Moderate advertising,9,3,0,0,0,3,49.0,5,0,Educational Storage,https://freecoursesites.com/,2026-08-18T18:32:04+00:00,
josephbarulho.blogspot.com,online,C,61.0,Moderate advertising,23,3,0,0,0,0,0.0,2,0,Music,https://josephbarulho.blogspot.com/,2026-09-12T11:45:01+00:00,
madrotter-treasure-hunt.blogspot.com,online,C,61.0,Moderate advertising,57,3,0,0,0,0,0.0,4,0,Music Non-Eng,https://madrotter-treasure-hunt.blogspot.com/,2026-09-25T22:52:29+00:00,
osf.io,online,C,61.0,Moderate advertising,6,4,0,0,0,6,34.3,4,0,Reading,https://osf.io/preprints/psyarxiv,2026-09-24T06:47:05+00:00,
surveyheart.com,online,C,61.0,Moderate advertising,10,4,0,0,0,1,23.1,2,0,Misc,https://surveyheart.com/,2026-09-21T14:36:48+00:00,
www.booksie.com,online,C,61.0,Moderate advertising,6,4,0,0,0,11,25.0,2,0,Reading,https://www.booksie.com/,2026-09-23T22:29:49+00:00,
www.carcomplaints.com,online,C,61.0,Moderate advertising,6,6,0,0,0,6,18.1,1,0,Misc,https://www.carcomplaints.com/,2026-09-25T22:52:29+00:00,
www.geeksforgeeks.org,online,C,61.0,Moderate advertising,7,4,0,0,0,3,77.5,1,0,Educational,https://www.geeksforgeeks.org/,2026-09-25T13:02:00+00:00,
www.luso-poemas.net,online,C,61.0,Moderate advertising,12,4,1,0,0,1,7.0,2,0,Non-Eng,https://www.luso-poemas.net,2026-09-23T06:43:24+00:00,
zrok.io,online,C,61.0,Moderate advertising,7,4,0,0,0,3,45.3,1,1,Linux,https://zrok.io/,2026-09-13T21:45:32+00:00,
ww3.gnulahd.nu,online,C,61.1,Moderate advertising,11,6,0,0,0,4,4.7,2,0,Non-Eng,https://ww3.gnulahd.nu/,2026-09-10T12:24:16+00:00,
www.ktuvit.me,online,C,61.1,Moderate advertising,12,3,2,0,0,2,1.7,2,0,Non-Eng,https://www.ktuvit.me/,2026-09-22T22:28:30+00:00,
danet.vn,online,C,61.2,Moderate advertising,6,5,1,1,0,7,2.6,2,0,Non-Eng,https://danet.vn/,2026-09-23T18:01:31+00:00,
joiiplay.com,online,C,61.3,Moderate advertising,10,4,0,0,0,1,22.4,2,0,Mobile,https://joiiplay.com/,2026-08-22T19:57:58+00:00,
bigbadwaffle.itch.io,online,C,61.5,Moderate advertising,13,1,0,0,0,2,58.9,1,0,Gaming,https://bigbadwaffle.itch.io/isleward,2026-09-25T22:52:29+00:00,
easyeda.com,online,C,61.5,Moderate advertising,6,4,0,0,0,5,38.1,1,0,Educational,https://easyeda.com/editor,2026-09-25T06:39:48+00:00,
haramblur.com,online,C,61.5,Moderate advertising,9,5,0,0,0,1,19.1,1,0,Misc,https://haramblur.com/,2026-09-26T12:31:41+00:00,
junheah.github.io,online,C,61.5,Moderate advertising,9,3,0,0,0,2,48.4,2,0,Non-Eng,https://junheah.github.io/MangaViewAndroid/,2026-09-23T06:43:24+00:00,
live365.com,online,C,61.5,Moderate advertising,7,4,0,0,0,2,33.5,1,0,Music,https://live365.com/,2026-09-27T07:08:34+00:00,
livelive24.com,online,C,61.5,Moderate advertising,11,7,0,0,0,1,1.0,2,0,Streaming,https://livelive24.com/,2026-09-24T18:01:53+00:00,
mybrowseraddon.com,online,C,61.5,Moderate advertising,3,2,2,0,0,6,81.5,1,1,Reading,https://mybrowseraddon.com/reader-view.html,2026-09-17T17:47:40+00:00,
slidesharedownloaderfree.com,online,C,61.5,Moderate advertising,9,3,0,0,0,2,63.3,1,0,Storage,https://slidesharedownloaderfree.com/,2026-09-18T12:26:05+00:00,
www.chiffandfipple.com,online,C,61.5,Moderate advertising,7,4,0,0,0,2,51.7,2,0,Educational,https://www.chiffandfipple.com/,2026-09-19T12:07:10+00:00,
www.virtualvisittours.com,online,C,61.5,Moderate advertising,16,4,0,0,0,3,2.1,2,0,Educational,https://www.virtualvisittours.com/,2026-09-18T17:16:20+00:00,
www.webcamgalore.com,online,C,61.5,Moderate advertising,5,2,1,1,0,0,83.0,2,0,Misc,https://www.webcamgalore.com/,2026-09-21T22:53:03+00:00,
musicsoftwaredeals.com,online,C,61.6,Moderate advertising,11,3,0,0,0,8,17.8,2,0,Misc,https://musicsoftwaredeals.com/,2026-09-21T14:36:48+00:00,
www.epocrates.com,online,C,61.6,Moderate advertising,6,4,0,0,0,32,14.8,2,0,Educational Misc,https://www.epocrates.com/,2026-09-19T06:40:29+00:00,
yag.im,online,C,61.6,Moderate advertising,12,4,1,0,0,2,4.8,2,0,Gaming,https://yag.im/,2026-09-20T07:03:23+00:00,
www.jewishvirtuallibrary.org,online,C,61.7,Moderate advertising,7,5,0,0,0,4,21.6,2,0,Reading,https://www.jewishvirtuallibrary.org/,2026-09-23T22:29:49+00:00,
www.signlanguage101.com,online,C,61.7,Moderate advertising,5,4,0,0,0,9,28.6,1,1,Educational,https://www.signlanguage101.com/asl/dictionary,2026-09-13T17:06:33+00:00,
forums.animesuki.com,online,C,61.8,Moderate advertising,11,7,0,0,0,0,1.5,2,0,Misc,https://forums.animesuki.com/,2026-09-21T22:53:03+00:00,
www.numbeo.com,online,C,61.8,Moderate advertising,7,3,1,0,0,1,26.4,2,0,Educational,https://www.numbeo.com/cost-of-living/,2026-09-19T12:07:10+00:00,
globalfishingwatch.org,online,C,61.9,Moderate advertising,8,3,0,0,0,5,29.2,2,0,Misc,https://globalfishingwatch.org/map,2026-09-21T07:14:22+00:00,
lolshot.io,online,C,61.9,Moderate advertising,9,4,0,0,0,5,20.3,2,0,Gaming,https://lolshot.io/,2026-09-20T12:42:06+00:00,
www.bookseriesinorder.com,online,C,61.9,Moderate advertising,9,4,0,0,0,3,22.2,2,0,Reading,https://www.bookseriesinorder.com/,2026-09-24T06:47:05+00:00,
afratafreeh.com,online,C,62.0,Moderate advertising,9,3,0,0,0,1,82.6,4,2,Educational,https://afratafreeh.com/,2026-09-12T16:31:29+00:00,
basmo.app,online,C,62.0,Moderate advertising,8,5,0,0,0,4,18.1,1,0,Mobile,https://basmo.app/,2026-09-27T07:08:34+00:00,
digitalcollections.nypl.org,online,C,62.0,Moderate advertising,7,4,0,0,0,2,28.9,1,0,Reading,https://digitalcollections.nypl.org/,2026-09-27T17:58:51+00:00,
episodecalendar.com,online,C,62.0,Moderate advertising,9,3,0,0,0,1,36.3,2,0,Streaming,https://episodecalendar.com/,2026-09-24T22:46:15+00:00,
flasharch.com,online,C,62.0,Moderate advertising,7,4,0,0,0,1,31.2,2,2,Gaming,https://flasharch.com/en,2026-08-29T22:00:23+00:00,
forums.qrz.com,online,C,62.0,Moderate advertising,7,4,0,0,0,1,56.1,1,0,Educational,https://forums.qrz.com/,2026-09-25T13:02:00+00:00,
kdramaost.com,online,C,62.0,Moderate advertising,9,3,0,0,0,1,40.2,2,0,Music,https://kdramaost.com/en/,2026-09-22T12:53:35+00:00,
lingoclip.com,online,C,62.0,Moderate advertising,7,4,0,0,0,1,69.9,1,0,Educational,https://lingoclip.com/,2026-09-25T13:02:00+00:00,
mammothmemory.net,online,C,62.0,Moderate advertising,8,3,0,0,0,4,32.8,2,0,Educational,https://mammothmemory.net/index.html,2026-09-19T21:48:19+00:00,
planter.garden,online,C,62.0,Moderate advertising,7,4,0,0,0,1,34.0,1,1,Misc,https://planter.garden/blog/,2026-09-24T12:57:21+00:00,
quackr.io,online,C,62.0,Moderate advertising,7,4,0,0,0,3,28.0,1,0,Storage,https://quackr.io/,2026-09-28T07:40:47+00:00,
ridella.xyz,online,C,62.0,Moderate advertising,6,4,0,0,0,4,50.1,2,0,Gaming,https://ridella.xyz/,2026-09-20T07:03:23+00:00,
typing.io,online,C,62.0,Moderate advertising,6,4,0,0,0,4,68.9,2,0,Educational,https://typing.io/,2026-09-19T16:51:07+00:00,
www.ivi.tv,online,C,62.0,Moderate advertising,7,4,0,0,0,1,52.4,2,0,Non-Eng,https://www.ivi.tv/,2026-08-24T08:28:51+00:00,
www.strongasl.com,online,C,62.0,Moderate advertising,7,3,0,0,0,7,31.5,1,1,Educational,https://www.strongasl.com/,2026-09-13T17:06:33+00:00,
www.w10privacy.de,online,C,62.0,Moderate advertising,8,2,1,0,0,0,76.0,2,0,Adblock,https://www.w10privacy.de/english-home/,2026-09-18T06:42:10+00:00,
www.wreducacional.com.br,online,C,62.0,Moderate advertising,6,4,0,0,0,4,54.5,2,2,Non-Eng,https://www.wreducacional.com.br,2026-09-13T12:54:24+00:00,
moviepooper.com,online,C,62.1,Moderate advertising,7,3,1,0,0,3,23.7,2,0,Streaming,https://moviepooper.com/,2026-09-25T06:39:48+00:00,
ok.ru,online,C,62.2,Moderate advertising,4,2,2,0,0,5,26.6,4,2,Non-Eng Streaming,https://ok.ru/,2026-09-12T16:31:29+00:00,
wgdashboard.dev,online,C,62.3,Moderate advertising,14,4,0,0,0,1,8.4,2,0,Adblock,https://wgdashboard.dev/,2026-09-18T12:26:05+00:00,
www.mapmywalk.com,online,C,62.3,Moderate advertising,9,3,0,0,0,4,26.4,2,0,Misc,https://www.mapmywalk.com/,2026-09-21T07:14:22+00:00,
g4u.to,online,C,62.4,Moderate advertising,13,6,0,0,0,0,0.3,2,0,Gaming,https://g4u.to/,2026-09-19T21:48:19+00:00,
search-22.com,online,C,62.4,Moderate advertising,9,8,0,0,0,0,0.2,3,0,Downloading Misc,https://search-22.com/recipe-search-tools,2026-08-29T17:26:18+00:00,
www.stardima.com,online,C,62.4,Moderate advertising,13,6,0,0,0,0,0.3,2,0,Non-Eng,https://www.stardima.com/,2026-09-22T17:49:43+00:00,
www.worldbank.org,online,C,62.4,Moderate advertising,6,4,0,0,0,6,27.3,2,0,Reading,https://www.worldbank.org/en/home,2026-09-24T06:47:05+00:00,
coollib.xyz,online,C,62.5,Moderate advertising,9,3,0,0,0,0,55.2,2,0,Non-Eng,https://coollib.xyz/,2026-09-23T13:04:02+00:00,
freeguessr.com,online,C,62.5,Moderate advertising,6,5,0,0,0,5,21.9,2,0,Gaming,https://freeguessr.com/,2026-09-20T17:01:41+00:00,
jperm.net,online,C,62.5,Moderate advertising,11,2,0,0,0,0,57.2,2,2,Educational,https://jperm.net/,2026-09-12T21:42:32+00:00,
rpc-wiki.net,online,C,62.5,Moderate advertising,9,3,0,0,0,0,59.4,2,0,Reading,http://rpc-wiki.net/,2026-09-23T22:29:49+00:00,
safe-manuals.com,online,C,62.5,Moderate advertising,8,3,0,0,0,3,45.4,1,0,Reading,https://safe-manuals.com/,2026-09-27T17:58:51+00:00,
watchorbit.me,online,C,62.5,Moderate advertising,8,2,2,0,0,0,19.1,2,0,Streaming,https://watchorbit.me/,2026-09-24T18:01:53+00:00,
www.educamaisbrasil.com.br,online,C,62.5,Moderate advertising,7,3,0,0,0,6,34.1,2,0,Non-Eng,https://www.educamaisbrasil.com.br/enem/guia-enem,2026-09-23T06:43:24+00:00,
www.hume.ai,online,C,62.5,Moderate advertising,7,4,0,0,0,5,25.1,2,0,Artificial-Intelligence,https://www.hume.ai/,2026-08-19T08:13:26+00:00,
www.0nradio.com,online,C,62.6,Moderate advertising,1,1,7,0,0,0,5.7,2,0,Music,https://www.0nradio.com/,2026-08-23T02:52:34+00:00,
iestudar.com,online,C,62.7,Moderate advertising,9,4,0,0,0,2,21.6,1,1,Non-Eng,https://iestudar.com,2026-09-17T17:47:40+00:00,
distro.tv,online,C,62.8,Moderate advertising,7,6,1,0,0,4,3.5,4,0,Non-Eng Streaming,https://distro.tv/,2026-08-18T20:01:14+00:00,
www.mission-us.org,online,C,62.8,Moderate advertising,16,2,0,0,0,8,6.5,2,0,Educational,https://www.mission-us.org/,2026-09-19T06:40:29+00:00,
devpost.com,online,C,62.9,Moderate advertising,6,4,1,0,0,5,17.2,2,0,Educational,https://devpost.com/,2026-09-19T16:51:07+00:00,
kaa.lt,online,C,63.0,Moderate advertising,5,2,4,0,0,1,6.0,2,2,Streaming,https://kaa.lt/,2026-09-13T12:54:24+00:00,
livepush.io,online,C,63.0,Moderate advertising,4,2,0,0,0,20,34.7,2,0,Streaming,https://livepush.io/hls-player/index.html,2026-09-24T22:46:15+00:00,
meetcody.ai,online,C,63.0,Moderate advertising,7,4,0,0,0,3,26.0,2,0,Misc,https://meetcody.ai/,2026-09-21T07:14:22+00:00,
ngmdb.usgs.gov,online,C,63.0,Moderate advertising,9,2,0,0,0,5,71.7,2,0,Misc,https://ngmdb.usgs.gov/,2026-09-21T07:14:22+00:00,
opencctv.org,online,C,63.0,Moderate advertising,8,3,0,0,0,2,67.6,2,0,Misc,https://opencctv.org/,2026-09-21T22:53:03+00:00,
playgo.to,online,C,63.0,Moderate advertising,10,2,0,0,0,2,52.1,2,0,Educational,https://playgo.to/en,2026-09-19T12:07:10+00:00,
soundraw.io,online,C,63.0,Moderate advertising,9,4,0,0,0,13,10.0,2,0,Artificial-Intelligence,https://soundraw.io/,2026-09-18T17:16:20+00:00,
tntvillage-db.programmiedovetrovarli.it,online,C,63.0,Moderate advertising,8,3,0,0,0,2,69.8,2,0,Non-Eng,https://tntvillage-db.programmiedovetrovarli.it/,2026-09-23T06:43:24+00:00,
tvchart.benmiz.com,online,C,63.0,Moderate advertising,8,3,0,0,0,2,66.5,1,1,Streaming,https://tvchart.benmiz.com/,2026-09-17T22:29:32+00:00,
worldpoverty.io,online,C,63.0,Moderate advertising,6,4,0,0,0,2,57.1,2,0,Educational,https://worldpoverty.io/,2026-09-19T12:07:10+00:00,
www.biglybt.com,online,C,63.0,Moderate advertising,6,4,0,0,0,2,84.9,2,0,Torrenting,https://www.biglybt.com/,2026-09-25T06:39:48+00:00,
www.languagesquad.com,online,C,63.0,Moderate advertising,8,3,0,0,0,2,73.7,1,0,Educational,https://www.languagesquad.com/,2026-09-25T13:02:00+00:00,
www.nomic.ai,online,C,63.0,Moderate advertising,6,4,0,0,0,2,40.2,2,0,Artificial-Intelligence,https://www.nomic.ai/gpt4all,2026-09-18T12:26:05+00:00,
www.twingate.com,online,C,63.0,Moderate advertising,5,4,0,0,0,5,36.7,2,0,Adblock,https://www.twingate.com/,2026-09-18T12:26:05+00:00,
www.worldcubeassociation.org,online,C,63.0,Moderate advertising,8,3,0,0,0,2,55.3,2,0,Educational,https://www.worldcubeassociation.org/,2026-09-19T12:07:10+00:00,
www.xconvert.com,online,C,63.0,Moderate advertising,8,3,0,0,0,2,76.0,2,0,Music,https://www.xconvert.com/audio-tools,2026-09-22T17:49:43+00:00,
lettucemeet.com,online,C,63.3,Moderate advertising,8,4,0,0,0,3,22.4,2,2,Misc,https://lettucemeet.com,2026-09-13T06:49:25+00:00,
fstv.rest,online,C,63.4,Moderate advertising,12,6,0,0,0,0,1.2,2,0,Non-Eng,https://fstv.rest/,2026-09-22T22:28:30+00:00,
nutritionfacts.org,online,C,63.4,Moderate advertising,8,5,0,0,0,9,10.3,2,0,Misc,https://nutritionfacts.org/,2026-09-21T07:14:22+00:00,
www.nar.org,online,C,63.4,Moderate advertising,8,4,1,0,0,5,10.2,1,0,Educational,https://www.nar.org/,2026-09-25T13:02:00+00:00,
animejara.com,online,C,63.5,Moderate advertising,8,3,0,0,0,1,46.6,2,0,Non-Eng,https://animejara.com/,2026-09-23T13:04:02+00:00,
artistaiden.com,online,C,63.5,Moderate advertising,8,3,0,0,0,1,54.4,4,0,Educational Misc,https://artistaiden.com/,2026-09-17T22:29:32+00:00,
datacatalog.worldbank.org,online,C,63.5,Moderate advertising,6,4,0,0,0,1,43.2,2,0,Reading,https://datacatalog.worldbank.org/,2026-09-24T06:47:05+00:00,
gats.io,online,C,63.5,Moderate advertising,8,3,0,0,0,1,71.0,2,0,Gaming,https://gats.io/,2026-09-20T12:42:06+00:00,
iptv-player.me,online,C,63.5,Moderate advertising,8,3,0,0,0,1,92.6,2,0,Streaming,https://iptv-player.me/,2026-09-24T22:46:15+00:00,
lnmtl.com,online,C,63.5,Moderate advertising,6,4,0,0,0,1,34.4,2,0,Reading,https://lnmtl.com/,2026-09-23T22:29:49+00:00,
scenewise.io,online,C,63.5,Moderate advertising,9,3,0,0,0,2,26.0,2,0,Gaming,https://scenewise.io/,2026-09-20T17:01:41+00:00,
scribdvpdf.blogspot.com,online,C,63.5,Moderate advertising,8,3,0,0,0,1,65.9,1,0,Reading,https://scribdvpdf.blogspot.com/,2026-09-27T17:58:51+00:00,
scripts-onscreen.com,online,C,63.5,Moderate advertising,8,3,0,0,0,1,62.2,1,0,Streaming,https://scripts-onscreen.com/,2026-08-29T08:22:00+00:00,
wildguesser.com,online,C,63.5,Moderate advertising,8,3,0,0,0,1,50.7,2,0,Gaming,https://wildguesser.com/,2026-09-20T17:01:41+00:00,
www.8notes.com,online,C,63.5,Moderate advertising,8,3,0,0,0,1,30.9,2,0,Storage,https://www.8notes.com/,2026-09-24T12:57:21+00:00,
www.arhivabac.com,online,C,63.5,Moderate advertising,8,3,0,0,0,1,38.5,2,0,Non-Eng,https://www.arhivabac.com/,2026-09-23T13:04:02+00:00,
www.azair.eu,online,C,63.5,Moderate advertising,5,4,3,0,0,4,0.0,2,0,Misc,https://www.azair.eu/,2026-09-02T12:18:10+00:00,
www.hackerrank.com,online,C,63.5,Moderate advertising,12,4,0,0,0,5,7.9,1,0,Educational,https://www.hackerrank.com/,2026-09-25T18:07:54+00:00,
www.signasl.org,online,C,63.5,Moderate advertising,8,3,0,0,0,1,35.5,2,2,Educational,https://www.signasl.org/,2026-09-12T21:42:32+00:00,
www.twitch.tv,online,C,63.5,Moderate advertising,11,5,1,0,0,0,0.0,2,2,Streaming,https://www.twitch.tv/rifftrax,2026-09-13T12:54:24+00:00,
365datascience.com,online,C,63.7,Moderate advertising,10,4,0,0,0,13,5.6,2,0,Educational,https://365datascience.com/,2026-09-19T16:51:07+00:00,
fadr.com,online,C,63.8,Moderate advertising,6,4,0,0,0,3,27.5,2,0,Music,https://fadr.com/,2026-09-22T17:49:43+00:00,
wattpad.com,online,C,63.8,Moderate advertising,11,4,0,0,0,4,11.5,2,0,Reading,https://wattpad.com/,2026-09-23T22:29:49+00:00,
www.uistore.design,online,C,63.9,Moderate advertising,8,5,0,0,0,1,17.2,1,0,Storage,https://www.uistore.design/,2026-09-28T07:40:47+00:00,
67movies.net,online,C,64.0,Moderate advertising,45,2,0,0,0,0,0.0,1,1,Streaming,https://67movies.net/,2026-08-18T18:32:04+00:00,
english-e-reader.net,online,C,64.0,Moderate advertising,7,3,0,0,0,3,36.1,1,0,Educational,https://english-e-reader.net/,2026-09-09T12:30:35+00:00,
galaxyofgames.neocities.org,online,C,64.0,Moderate advertising,302,2,0,0,0,0,0.0,2,0,Gaming,https://galaxyofgames.neocities.org/,2026-09-20T07:03:23+00:00,
leantime.io,online,C,64.0,Moderate advertising,5,3,0,0,0,9,41.1,2,0,Misc,https://leantime.io/,2026-09-21T07:14:22+00:00,
osreformados.com,online,C,64.0,Moderate advertising,30,2,0,0,0,0,0.0,2,0,Non-Eng,https://osreformados.com,2026-09-23T06:43:24+00:00,
phantomflix.net,online,C,64.0,Moderate advertising,20,2,0,0,0,0,0.0,1,0,Streaming,https://phantomflix.net/,2026-09-17T22:29:32+00:00,
ravenflix.net,online,C,64.0,Moderate advertising,48,2,0,0,0,0,0.0,1,1,Streaming,https://ravenflix.net/,2026-08-18T18:32:04+00:00,
rhythmplus.io,online,C,64.0,Moderate advertising,7,4,0,0,0,17,10.1,1,0,Gaming,https://rhythmplus.io/,2026-09-25T18:07:54+00:00,
systeme.io,online,C,64.0,Moderate advertising,6,4,0,0,0,4,25.9,2,0,Misc,https://systeme.io/,2026-09-21T07:14:22+00:00,
www.creepypasta.com,online,C,64.0,Moderate advertising,4,3,1,0,0,2,51.3,2,2,Misc,https://www.creepypasta.com/,2026-09-13T06:49:25+00:00,
www.floobynooby.com,online,C,64.0,Moderate advertising,118,2,0,0,0,0,0.0,2,0,Educational,http://www.floobynooby.com/comp1.html,2026-09-19T12:07:10+00:00,
hindwi.org,online,C,64.1,Moderate advertising,7,4,0,0,0,10,16.8,2,0,Non-Eng,https://hindwi.org/,2026-09-23T06:43:24+00:00,
www.planttext.com,online,C,64.1,Moderate advertising,3,2,2,0,0,1,29.8,2,0,Storage,https://www.planttext.com/,2026-09-24T12:57:21+00:00,
fantasticsoda.com,online,C,64.2,Moderate advertising,14,4,0,0,0,0,5.5,2,0,Streaming,https://fantasticsoda.com/,2026-09-24T18:01:53+00:00,
nmac.to,online,C,64.2,Moderate advertising,2,2,4,0,0,3,10.6,2,0,Linux,https://nmac.to/,2026-09-20T17:01:41+00:00,
rlsbb.ru,online,C,64.3,Moderate advertising,11,6,0,0,0,2,0.4,2,0,Downloading,https://rlsbb.ru/,2026-09-18T17:16:20+00:00,
www.eventbrite.com,online,C,64.3,Moderate advertising,13,4,0,0,0,4,4.4,1,0,Misc,https://www.eventbrite.com/,2026-09-26T12:31:41+00:00,
www.mumuplayer.com,online,C,64.3,Moderate advertising,10,5,0,0,0,10,1.4,4,0,Linux Mobile,https://www.mumuplayer.com/,2026-09-18T12:26:05+00:00,
hacktricks.wiki,online,C,64.4,Moderate advertising,1,1,14,0,0,1,1.2,2,2,Educational,https://hacktricks.wiki/en/index.html,2026-09-10T12:24:16+00:00,
www.mural.co,online,C,64.4,Moderate advertising,6,4,0,0,0,15,14.2,2,0,Misc,https://www.mural.co/,2026-09-21T14:36:48+00:00,
chat.motiftech.io,online,C,64.5,Moderate advertising,5,4,0,0,0,2,93.9,2,0,Artificial-Intelligence,https://chat.motiftech.io/chat,2026-09-18T12:26:05+00:00,
gandalf.lakera.ai,online,C,64.5,Moderate advertising,7,3,0,0,0,2,45.2,1,0,Artificial-Intelligence,https://gandalf.lakera.ai/,2026-09-25T06:39:48+00:00,
learnjapanese.moe,online,C,64.5,Moderate advertising,7,3,0,0,0,2,48.2,4,4,Non-Eng Storage,https://learnjapanese.moe/,2026-09-12T16:31:29+00:00,
multimovies.wtf,online,C,64.5,Moderate advertising,7,3,0,0,0,2,78.6,2,2,Non-Eng,https://multimovies.wtf/,2026-09-13T12:54:24+00:00,
musicle.fun,online,C,64.5,Moderate advertising,7,3,0,0,0,2,47.7,2,0,Gaming,https://musicle.fun/,2026-09-20T17:01:41+00:00,
politicsandwar.com,online,C,64.5,Moderate advertising,9,6,0,0,0,5,3.1,2,0,Gaming,https://politicsandwar.com/,2026-09-20T12:42:06+00:00,
sheetmusicinternational.com,online,C,64.5,Moderate advertising,7,2,0,0,0,8,42.0,2,0,Storage,https://sheetmusicinternational.com/,2026-09-01T12:45:19+00:00,
steamdrops.net,online,C,64.5,Moderate advertising,11,2,1,0,0,0,16.1,1,0,Misc,https://steamdrops.net/,2026-09-25T22:52:29+00:00,
transitapp.com,online,C,64.5,Moderate advertising,7,3,0,0,0,2,59.2,1,0,Mobile,https://transitapp.com/,2026-09-27T07:08:34+00:00,
web.watchargo.com,online,C,64.5,Moderate advertising,12,5,0,0,0,2,2.9,1,1,Streaming,https://web.watchargo.com/,2026-09-17T22:29:32+00:00,
woozlit.com,online,C,64.5,Moderate advertising,7,3,0,0,0,2,84.5,2,0,Artificial-Intelligence,https://woozlit.com/,2026-08-19T08:13:26+00:00,
www.downloadha.com,online,C,64.5,Moderate advertising,0,0,8,1,0,1,0.0,2,0,Downloading,https://www.downloadha.com/,2026-09-18T17:16:20+00:00,
www.iwm.org.uk,online,C,64.5,Moderate advertising,7,3,0,0,0,2,47.4,4,0,Educational Streaming,https://www.iwm.org.uk/,2026-09-24T18:01:53+00:00,
www.onyx.app,online,C,64.5,Moderate advertising,5,4,0,0,0,2,50.8,2,0,Artificial-Intelligence,https://www.onyx.app/,2026-09-18T12:26:05+00:00,
www.ventscape.life,online,C,64.5,Moderate advertising,6,3,0,0,0,5,32.7,2,0,Misc,https://www.ventscape.life/rage,2026-09-21T22:53:03+00:00,
www.vmware.com,online,C,64.5,Moderate advertising,6,3,0,0,0,5,35.6,1,0,Linux,https://www.vmware.com/products/desktop-hypervisor/workstation-and-fusion,2026-09-25T22:52:29+00:00,
thecinefy.site,online,C,64.6,Moderate advertising,8,3,0,0,0,1,27.8,2,0,Streaming,https://thecinefy.site/,2026-08-25T20:02:11+00:00,
www.city-data.com,online,C,64.6,Moderate advertising,6,4,0,0,0,4,24.8,2,0,Educational,https://www.city-data.com/,2026-09-19T12:07:10+00:00,
hkdict.megaexplorer.net,online,C,64.7,Moderate advertising,9,5,0,0,0,2,11.6,2,0,Educational,https://hkdict.megaexplorer.net/,2026-09-19T16:51:07+00:00,
yandex.com,online,C,64.7,Moderate advertising,6,4,2,0,0,4,4.6,2,0,Gaming,https://yandex.com/games/,2026-09-20T12:42:06+00:00,
blog.planter.garden,online,C,64.8,Moderate advertising,6,4,0,0,0,1,27.3,1,1,Misc,https://blog.planter.garden/,2026-09-13T21:45:32+00:00,
book.hacktricks.wiki,,C,64.8,Moderate advertising,1,1,14,0,0,1,0.3,2,2,Educational,https://book.hacktricks.wiki/,2026-08-13T17:57:57+00:00,
en.kinorium.com,online,C,64.8,Moderate advertising,8,4,0,0,0,2,20.3,2,0,Streaming,https://en.kinorium.com/,2026-09-24T22:46:15+00:00,
phland.org,online,C,64.8,Moderate advertising,10,3,0,0,0,9,13.4,1,0,Streaming,https://phland.org/,2026-09-20T12:42:06+00:00,
www.universia.net,online,C,64.9,Moderate advertising,8,3,0,0,0,1,27.2,2,0,Non-Eng,https://www.universia.net,2026-08-24T08:28:51+00:00,
ahs.turkish123.com,online,C,65.0,Moderate advertising,5,4,0,0,0,1,56.4,2,0,Non-Eng,https://ahs.turkish123.com/,2026-09-24T12:57:21+00:00,
careervault.io,online,C,65.0,Moderate advertising,7,3,0,0,0,1,63.4,2,0,Misc,https://careervault.io/,2026-09-21T14:36:48+00:00,
dailydungeon.net,online,C,65.0,Moderate advertising,7,3,0,0,0,1,38.7,2,0,Gaming,https://dailydungeon.net/,2026-09-20T07:03:23+00:00,
freetvgarden.com,online,C,65.0,Moderate advertising,7,3,0,0,0,1,36.3,2,0,Streaming,https://freetvgarden.com/,2026-08-29T17:26:18+00:00,
labex.io,online,C,65.0,Moderate advertising,5,3,0,0,0,7,80.0,2,0,Linux,https://labex.io/linuxjourney,2026-09-20T17:01:41+00:00,
minigolfle.com,online,C,65.0,Moderate advertising,7,3,0,0,0,1,90.5,2,0,Gaming,https://minigolfle.com/,2026-09-20T12:42:06+00:00,
nethd.org,online,C,65.0,Moderate advertising,7,3,0,0,0,1,67.3,2,0,Non-Eng,https://nethd.org/,2026-09-23T18:01:31+00:00,
podstatus.com,online,C,65.0,Moderate advertising,5,4,0,0,0,1,66.1,1,0,Music,https://podstatus.com/charts,2026-09-27T07:08:34+00:00,
roadmap.sh,online,C,65.0,Moderate advertising,7,3,0,0,0,1,63.3,4,0,Educational Linux,https://roadmap.sh/,2026-09-17T22:29:32+00:00,
themockup.club,online,C,65.0,Moderate advertising,7,3,0,0,0,1,88.0,1,0,Storage,https://themockup.club/,2026-09-27T17:58:51+00:00,
timetreeapp.com,online,C,65.0,Moderate advertising,5,4,0,0,0,1,37.1,1,0,Mobile,https://timetreeapp.com/intl/en/,2026-09-26T12:31:41+00:00,
tonkacine.watch,online,C,65.0,Moderate advertising,0,0,6,1,0,0,0.0,2,0,Streaming,https://tonkacine.watch/,2026-09-24T18:01:53+00:00,
www.911tabs.com,online,C,65.0,Moderate advertising,5,3,0,0,0,7,40.3,2,0,Educational,https://www.911tabs.com/,2026-09-19T12:07:10+00:00,
www.arte.tv,online,C,65.0,Moderate advertising,0,0,75,1,0,0,0.0,4,0,Educational Streaming,https://www.arte.tv/,2026-09-17T22:29:32+00:00,
www.chartmymusic.com,online,C,65.0,Moderate advertising,7,3,0,0,0,1,57.9,4,0,Music,https://www.chartmymusic.com/lastfm/,2026-09-18T06:42:10+00:00,
www.earthcam.com,online,C,65.0,Moderate advertising,11,3,1,0,0,3,6.0,2,0,Misc,https://www.earthcam.com/,2026-09-21T22:53:03+00:00,
www.gale.com,online,C,65.0,Moderate advertising,4,3,0,0,0,36,19.9,2,0,Misc,https://www.gale.com/elearning/udemy,2026-09-21T07:14:22+00:00,
www.scienceforums.net,online,C,65.0,Moderate advertising,7,3,0,0,0,1,54.9,2,0,Reading,https://www.scienceforums.net/,2026-09-23T22:29:49+00:00,
www.trilzo.com,online,C,65.0,Moderate advertising,7,3,0,0,0,1,47.6,2,0,Misc,https://www.trilzo.com/,2026-09-20T21:52:34+00:00,
www.wheredidtheyfilmthat.co.uk,online,C,65.0,Moderate advertising,7,3,0,0,0,1,49.9,1,0,Streaming,https://www.wheredidtheyfilmthat.co.uk/,2026-08-29T17:26:18+00:00,
xfilme.ro,online,C,65.0,Moderate advertising,8,3,0,0,0,1,27.0,2,0,Non-Eng,https://xfilme.ro/,2026-08-31T15:30:14+00:00,
insanedemonlist.com,online,C,65.1,Moderate advertising,13,2,1,0,0,0,8.8,2,0,Storage,https://insanedemonlist.com/,2026-09-24T12:57:21+00:00,
www.minijuegos.com,online,C,65.1,Moderate advertising,5,4,1,0,0,5,15.8,2,0,Non-Eng,https://www.minijuegos.com/,2026-09-23T13:04:02+00:00,
www.rekhtadictionary.com,online,C,65.2,Moderate advertising,11,2,0,0,0,15,9.7,2,2,Educational,https://www.rekhtadictionary.com/,2026-08-29T17:26:18+00:00,
zradio.live,online,C,65.2,Moderate advertising,10,3,0,0,0,6,15.7,2,0,Non-Eng,https://zradio.live/,2026-09-24T12:57:21+00:00,
cybertalentskids.com,online,C,65.4,Moderate advertising,5,2,0,0,0,19,23.2,1,0,Educational,https://cybertalentskids.com/,2026-09-25T18:07:54+00:00,
topdjmixes.com,online,C,65.4,Moderate advertising,11,3,1,0,0,1,7.2,2,0,Music,https://topdjmixes.com/,2026-09-22T12:53:35+00:00,
animaltoyforum.com,online,C,65.5,Moderate advertising,12,2,1,0,0,0,11.1,1,0,Misc,https://animaltoyforum.com/blog/,2026-09-26T12:31:41+00:00,
baozimh.one,online,C,65.5,Moderate advertising,9,2,0,0,0,0,66.5,2,0,Non-Eng,https://baozimh.one/,2026-09-22T22:28:30+00:00,
drugfree.org,online,C,65.5,Moderate advertising,8,4,0,0,0,11,10.0,2,0,Misc,https://drugfree.org/,2026-09-21T07:14:22+00:00,
oneconverter.com,online,C,65.5,Moderate advertising,7,3,0,0,0,0,93.3,1,0,Educational,https://oneconverter.com/,2026-08-26T02:55:42+00:00,
psyarxiv.com,online,C,65.5,Moderate advertising,5,3,0,0,0,6,34.5,2,0,Reading,https://psyarxiv.com/,2026-08-25T02:47:36+00:00,
stronglifts.com,online,C,65.5,Moderate advertising,1,1,47,0,0,0,0.0,1,0,Misc,https://stronglifts.com/,2026-09-25T22:52:29+00:00,
v2ex.com,online,C,65.5,Moderate advertising,6,3,0,0,0,3,40.6,2,0,Non-Eng,https://v2ex.com/,2026-09-22T17:49:43+00:00,
www.opensourcealternative.to,online,C,65.5,Moderate advertising,7,3,0,0,0,0,80.1,2,0,Downloading,https://www.opensourcealternative.to/,2026-09-18T17:16:20+00:00,
www.th-sl.com,online,C,65.5,Moderate advertising,6,3,0,0,0,3,54.8,2,0,Non-Eng,https://www.th-sl.com/,2026-09-23T18:01:31+00:00,
tapeattack.blogspot.com,online,C,65.6,Moderate advertising,8,3,0,0,0,3,23.8,2,0,Music,https://tapeattack.blogspot.com/,2026-09-12T11:45:01+00:00,
kuasark.com,online,C,65.8,Moderate advertising,8,3,1,0,0,8,8.3,2,0,Music,https://kuasark.com/en/,2026-08-23T02:52:34+00:00,
mypromosound.com,online,C,65.8,Moderate advertising,10,4,0,0,0,1,13.5,2,0,Music,https://mypromosound.com/,2026-09-22T12:53:35+00:00,
extracurriculars.org,online,C,66.0,Moderate advertising,4,4,0,0,0,2,64.1,2,0,Educational,https://extracurriculars.org/,2026-09-19T21:48:19+00:00,
freedomhouse.org,online,C,66.0,Moderate advertising,5,2,0,0,0,11,37.8,2,0,Misc,https://freedomhouse.org/explore-the-map,2026-09-20T21:52:34+00:00,
pointerpointer.com,online,C,66.0,Moderate advertising,8,2,0,0,0,2,58.8,2,0,Misc,https://pointerpointer.com/,2026-09-02T12:18:10+00:00,
rhythm-plus.com,online,C,66.0,Moderate advertising,8,4,0,0,0,10,10.1,2,0,Gaming,https://rhythm-plus.com,2026-09-20T12:42:06+00:00,
tiermaker.com,online,C,66.0,Moderate advertising,6,4,1,1,0,3,2.9,2,2,Misc,https://tiermaker.com/,2026-09-13T06:49:25+00:00,
www.bohrium.com,online,C,66.0,Moderate advertising,4,2,1,0,0,4,98.9,2,0,Artificial-Intelligence,https://www.bohrium.com/,2026-09-25T18:07:54+00:00,
bgestv.com,online,C,66.1,Moderate advertising,8,4,0,0,0,1,18.8,2,0,Non-Eng,https://bgestv.com,2026-09-22T17:49:43+00:00,
www.familysearch.org,online,C,66.2,Moderate advertising,10,4,0,0,0,3,10.7,1,0,Misc,https://www.familysearch.org/,2026-09-26T12:31:41+00:00,
www.suncalc.org,online,C,66.2,Moderate advertising,12,2,1,0,0,0,9.7,2,0,Educational,https://www.suncalc.org/,2026-09-19T06:40:29+00:00,
alison.com,online,C,66.3,Moderate advertising,7,5,0,0,0,10,6.4,2,0,Educational,https://alison.com/,2026-08-19T14:24:21+00:00,
cineru.lk,online,C,66.3,Moderate advertising,10,3,0,0,0,1,18.3,1,0,Non-Eng,https://cineru.lk/,2026-09-27T17:58:51+00:00,
hypem.com,online,C,66.4,Moderate advertising,1,1,5,0,0,1,7.2,2,0,Music,https://hypem.com/popular,2026-09-22T06:49:41+00:00,
venge.io,online,C,66.4,Moderate advertising,11,5,0,0,0,0,4.2,2,0,Gaming,https://venge.io/,2026-09-20T12:42:06+00:00,
comic-walker.com,online,C,66.5,Moderate advertising,10,5,0,0,0,5,2.1,2,0,Non-Eng,https://comic-walker.com/,2026-09-23T06:43:24+00:00,
covers.musichoarders.xyz,online,C,66.5,Moderate advertising,5,2,1,0,0,0,67.8,2,2,Music,https://covers.musichoarders.xyz,2026-09-13T06:49:25+00:00,
gocharting.com,online,C,66.5,Moderate advertising,12,4,0,0,0,3,4.1,1,1,Misc,https://gocharting.com/,2026-09-13T21:45:32+00:00,
musescore.com,online,C,66.5,Moderate advertising,4,3,0,0,0,7,33.6,2,2,Storage,https://musescore.com/,2026-09-20T17:01:41+00:00,
musicgpt.com,online,C,66.5,Moderate advertising,5,2,0,0,0,10,38.9,2,0,Artificial-Intelligence,https://musicgpt.com/,2026-09-18T17:16:20+00:00,
pocketcasts.com,online,C,66.5,Moderate advertising,7,2,0,0,0,4,64.9,1,1,Music,https://pocketcasts.com/downloads/windows/,2026-09-17T17:47:40+00:00,
poeltl.nbpa.com,online,C,66.5,Moderate advertising,6,3,0,0,0,1,49.1,2,0,Gaming,https://poeltl.nbpa.com/,2026-09-20T17:01:41+00:00,
pvapins.com,online,C,66.5,Moderate advertising,5,3,0,0,0,4,41.6,1,0,Storage,https://pvapins.com/free-numbers,2026-09-28T07:40:47+00:00,
sub-scene.com,online,C,66.5,Moderate advertising,6,3,0,0,0,1,54.8,2,2,Streaming,https://sub-scene.com/,2026-09-13T12:54:24+00:00,
support.image-line.com,online,C,66.5,Moderate advertising,6,2,0,0,0,7,51.1,1,1,Music,https://support.image-line.com/action/knowledgebase,2026-09-17T17:47:40+00:00,
viewdns.info,online,C,66.5,Moderate advertising,4,4,0,0,0,1,97.0,1,0,Non-Eng,https://viewdns.info/chinesefirewall/,2026-09-27T07:08:34+00:00,
www.chem.rochester.edu,online,C,66.5,Moderate advertising,7,2,0,0,0,4,74.8,2,0,Educational,https://www.chem.rochester.edu/notvoodoo/,2026-09-19T06:40:29+00:00,
www.mathsisfun.com,online,C,66.5,Moderate advertising,5,2,1,0,0,0,57.1,2,0,Educational,https://www.mathsisfun.com/,2026-09-18T17:16:20+00:00,
www.mooncalc.org,online,C,66.5,Moderate advertising,12,2,1,0,0,0,9.1,1,0,Educational,https://www.mooncalc.org/,2026-09-25T13:02:00+00:00,
www.pocketcasts.com,online,C,66.5,Moderate advertising,7,2,0,0,0,4,47.4,4,4,Mobile,https://www.pocketcasts.com/,2026-09-12T16:31:29+00:00,
www.triviaduel.com,online,C,66.5,Moderate advertising,6,3,0,0,0,1,35.0,2,0,Gaming,https://www.triviaduel.com/,2026-09-20T12:42:06+00:00,
zradio.co.il,online,C,66.5,Moderate advertising,10,3,0,0,0,3,16.0,2,0,Non-Eng,https://zradio.co.il/,2026-09-22T22:28:30+00:00,
thecinefy.online,online,C,66.6,Moderate advertising,7,3,0,0,0,2,25.8,2,0,Streaming,https://thecinefy.online/,2026-09-10T12:24:16+00:00,
dj3d.io,online,C,66.7,Moderate advertising,12,4,0,0,0,2,4.6,2,0,Misc,https://dj3d.io/,2026-09-21T22:53:03+00:00,
twitcasting.tv,online,C,66.7,Moderate advertising,6,4,0,0,0,1,23.6,2,0,Non-Eng,https://twitcasting.tv/,2026-09-23T06:43:24+00:00,
www.academia.edu,online,C,66.7,Moderate advertising,6,4,0,0,0,4,20.7,2,0,Reading,https://www.academia.edu/,2026-09-24T06:47:05+00:00,
123animes.ru,online,C,66.8,Moderate advertising,9,5,0,0,0,1,8.3,1,0,Streaming,https://123animes.ru/,2026-08-29T08:22:00+00:00,
comi.mobi,online,C,66.8,Moderate advertising,11,4,0,0,0,2,7.4,2,0,Non-Eng,https://comi.mobi/,2026-09-23T18:01:31+00:00,
cubiktv.com,online,C,66.8,Moderate advertising,9,3,1,0,0,1,10.3,2,0,Streaming,https://cubiktv.com/,2026-08-25T14:31:22+00:00,
federica.eu,online,C,66.8,Moderate advertising,10,5,0,0,0,5,1.4,2,0,Non-Eng,https://federica.eu/,2026-09-23T06:43:24+00:00,
vgmradio.com,online,C,66.9,Moderate advertising,8,2,1,0,0,0,20.2,2,0,Music,https://vgmradio.com/,2026-09-22T17:49:43+00:00,
apkcombo.com,online,C,67.0,Moderate advertising,3,1,2,0,0,1,31.5,2,2,Mobile,https://apkcombo.com/,2026-09-13T06:49:25+00:00,
dicionariompb.com.br,online,C,67.0,Moderate advertising,8,1,0,0,0,6,52.6,2,0,Non-Eng,https://dicionariompb.com.br,2026-09-23T06:43:24+00:00,
findweb3.com,online,C,67.0,Moderate advertising,4,3,0,0,0,6,74.3,1,0,Misc,https://findweb3.com/,2026-09-26T12:31:41+00:00,
flaglookup.com,,C,67.0,Moderate advertising,8,2,0,0,0,0,81.0,1,1,Educational,https://flaglookup.com/,2026-08-14T14:46:47+00:00,
geonode.com,online,C,67.0,Moderate advertising,6,2,0,0,0,6,78.7,1,0,Storage,https://geonode.com/free-proxy-list/,2026-09-28T07:40:47+00:00,
ish.chat,online,C,67.0,Moderate advertising,8,2,0,0,0,0,74.4,2,0,Artificial-Intelligence,https://ish.chat/,2026-09-10T12:24:16+00:00,
periodic-table.io,online,C,67.0,Moderate advertising,8,2,0,0,0,0,83.3,2,0,Educational,https://periodic-table.io/,2026-09-19T06:40:29+00:00,
smart-games.com,online,C,67.0,Moderate advertising,8,2,0,0,0,0,36.8,2,0,Educational,https://smart-games.com/igowin.html,2026-09-19T12:07:10+00:00,
starwarsintrocreator.kassellabs.io,online,C,67.0,Moderate advertising,4,3,0,0,0,6,29.9,2,0,Misc,https://starwarsintrocreator.kassellabs.io/,2026-09-21T22:53:03+00:00,
swf.rodeo,online,C,67.0,Moderate advertising,8,2,0,0,0,0,76.9,2,0,Misc,https://swf.rodeo/,2026-09-21T22:53:03+00:00,
ultimatewheelspin.com,online,C,67.0,Moderate advertising,8,2,0,0,0,0,75.4,1,0,Misc,https://ultimatewheelspin.com/,2026-09-26T12:31:41+00:00,
www.livius.org,online,C,67.0,Moderate advertising,1,1,3,0,0,3,23.9,1,1,Reading,https://www.livius.org/,2026-09-17T17:47:40+00:00,
www.oldversion.com,online,C,67.0,Moderate advertising,1,1,2,0,0,7,36.5,2,0,Downloading,http://www.oldversion.com/,2026-09-18T17:16:20+00:00,
www.techbone.net,online,C,67.0,Moderate advertising,8,2,0,0,0,0,71.0,2,0,Mobile,https://www.techbone.net/,2026-09-22T06:49:41+00:00,
greekdocumentaries2.blogspot.com,online,C,67.2,Moderate advertising,13,3,0,0,0,2,6.7,2,0,Non-Eng,https://greekdocumentaries2.blogspot.com/,2026-09-22T22:28:30+00:00,
kazora.cc,online,C,67.2,Moderate advertising,8,3,1,0,0,1,12.6,2,2,Streaming,https://kazora.cc/,2026-09-17T17:47:40+00:00,
www.browserscan.net,online,C,67.2,Moderate advertising,13,3,0,0,0,1,7.5,1,1,Adblock,https://www.browserscan.net/,2026-09-13T17:06:33+00:00,
www.tryspellbound.com,online,C,67.2,Moderate advertising,5,4,0,0,0,1,25.5,1,0,Artificial-Intelligence,https://www.tryspellbound.com/,2026-09-25T06:39:48+00:00,
flagstories.co,online,C,67.3,Moderate advertising,11,3,0,0,0,3,11.3,2,0,Educational,https://flagstories.co/,2026-09-26T12:31:41+00:00,
browserfps.com,online,C,67.5,Moderate advertising,6,3,1,0,0,2,17.0,1,1,Gaming,https://browserfps.com/,2026-09-13T21:45:32+00:00,
dailyremote.com,online,C,67.5,Moderate advertising,4,3,0,0,0,8,26.9,2,0,Misc,https://dailyremote.com/,2026-09-21T14:36:48+00:00,
fish.audio,online,C,67.5,Moderate advertising,11,4,0,0,0,7,1.1,2,0,Artificial-Intelligence,https://fish.audio/,2026-09-18T17:16:20+00:00,
freesvg.org,online,C,67.5,Moderate advertising,12,2,0,0,0,3,14.1,1,0,Storage,https://freesvg.org/,2026-09-28T16:00:57+00:00,
hide.mn,online,C,67.5,Moderate advertising,4,3,0,0,0,5,37.8,1,0,Storage,https://hide.mn/en/proxy-list/,2026-09-28T07:40:47+00:00,
iitv.info,online,C,67.5,Moderate advertising,6,2,0,0,0,5,60.8,2,0,Non-Eng,https://iitv.info,2026-09-23T06:43:24+00:00,
imagefree.net,online,C,67.5,Moderate advertising,8,3,0,0,0,1,22.1,1,0,Artificial-Intelligence,https://imagefree.net/,2026-09-25T06:39:48+00:00,
kirka.io,online,C,67.5,Moderate advertising,9,1,0,0,0,2,53.6,2,0,Gaming,https://kirka.io/,2026-09-20T12:42:06+00:00,
wolnelektury.pl,online,C,67.5,Moderate advertising,0,0,6,0,0,5,0.0,2,0,Non-Eng,https://wolnelektury.pl/,2026-09-23T06:43:24+00:00,
www.atlassian.com,online,C,67.5,Moderate advertising,9,5,0,0,0,6,1.9,2,0,Misc,https://www.atlassian.com/,2026-09-21T14:36:48+00:00,
www.promptfoo.dev,online,C,67.5,Moderate advertising,5,3,0,0,0,2,69.2,2,0,Artificial-Intelligence,https://www.promptfoo.dev/,2026-09-18T17:16:20+00:00,
anyflip.com,online,C,67.6,Moderate advertising,8,4,1,0,0,1,5.8,2,0,Reading,https://anyflip.com/,2026-09-23T18:01:31+00:00,
www.netacad.com,online,C,67.6,Moderate advertising,10,4,0,0,0,6,4.8,2,0,Educational,https://www.netacad.com/,2026-09-19T21:48:19+00:00,
er-cryptid.tumblr.com,online,C,67.7,Moderate advertising,10,2,0,0,0,0,22.7,4,0,Educational Reading,https://er-cryptid.tumblr.com/post/176809097526/free-astronomy-resources,2026-08-29T17:26:18+00:00,
labelstud.io,online,C,67.7,Moderate advertising,7,4,0,0,0,5,14.7,2,0,Misc,https://labelstud.io/,2026-09-21T14:36:48+00:00,
modernstates.org,online,C,67.8,Moderate advertising,10,5,0,0,0,4,0.3,1,0,Educational,https://modernstates.org/,2026-09-25T18:07:54+00:00,
tv360.vn,online,C,67.8,Moderate advertising,4,2,3,0,0,7,3.5,2,0,Non-Eng,https://tv360.vn/,2026-09-23T18:01:31+00:00,
krunker.io,online,C,67.9,Moderate advertising,5,3,1,0,0,2,19.2,2,2,Gaming,https://krunker.io/,2026-09-13T06:49:25+00:00,
www.mage.ai,online,C,67.9,Moderate advertising,11,5,0,0,0,1,0.2,2,0,Educational,https://www.mage.ai/,2026-09-19T16:51:07+00:00,
www.phpcrm.com,online,C,67.9,Moderate advertising,7,5,0,0,0,2,11.2,2,0,Misc,https://www.phpcrm.com/,2026-09-21T07:14:22+00:00,
arc018.stream,online,C,68.0,Moderate advertising,5,3,0,0,0,1,69.2,2,0,Streaming,https://arc018.stream/,2026-08-31T15:30:14+00:00,
cally.com,online,C,68.0,Moderate advertising,7,5,0,0,0,2,11.1,1,1,Misc,https://cally.com/,2026-09-17T17:47:40+00:00,
creately.com,online,C,68.0,Moderate advertising,6,4,0,0,0,12,9.9,1,0,Misc,https://creately.com/,2026-09-26T12:31:41+00:00,
css-tip.com,online,C,68.0,Moderate advertising,7,2,0,0,0,1,47.6,1,1,Educational,https://css-tip.com/,2026-09-13T17:06:33+00:00,
elevenreader.io,online,C,68.0,Moderate advertising,8,5,0,0,0,2,8.1,3,0,Artificial-Intelligence Mobile,https://elevenreader.io/,2026-09-18T06:42:10+00:00,
hdhub4u.bi,online,C,68.0,Moderate advertising,5,3,0,0,0,1,52.5,2,2,Non-Eng,https://hdhub4u.bi/,2026-09-10T12:24:16+00:00,
hianimes.ru,online,C,68.0,Moderate advertising,5,3,0,0,0,1,38.9,1,0,Streaming,https://hianimes.ru/,2026-09-08T12:18:11+00:00,
hipstrumentals.com,online,C,68.0,Moderate advertising,8,3,0,0,0,2,19.9,2,0,Music,https://hipstrumentals.com/,2026-09-22T12:53:35+00:00,
jobboardsearch.com,online,C,68.0,Moderate advertising,4,2,3,0,0,3,7.1,1,0,Misc,https://jobboardsearch.com/,2026-09-26T12:31:41+00:00,
kindlescreensavers.tumblr.com,online,C,68.0,Moderate advertising,11,3,0,0,0,0,13.0,1,0,Reading,https://kindlescreensavers.tumblr.com/,2026-09-27T17:58:51+00:00,
pixact.ly,online,C,68.0,Moderate advertising,7,2,0,0,0,1,81.8,2,0,Educational,https://pixact.ly/,2026-08-20T14:23:07+00:00,
www.banglabook.org,online,C,68.0,Moderate advertising,5,3,0,0,0,1,51.8,2,0,Non-Eng,https://www.banglabook.org/,2026-09-22T17:49:43+00:00,
www.bestcrosswords.com,online,C,68.0,Moderate advertising,3,2,1,0,0,3,68.0,2,0,Gaming,https://www.bestcrosswords.com/,2026-09-20T07:03:23+00:00,
www.icij.org,online,C,68.0,Moderate advertising,5,4,0,0,0,5,20.0,2,0,Reading,https://www.icij.org/investigations/,2026-09-24T06:47:05+00:00,
www.levels.fyi,online,C,68.0,Moderate advertising,4,3,0,0,0,4,67.3,2,0,Misc,https://www.levels.fyi/,2026-09-21T14:36:48+00:00,
eqmac.app,online,C,68.1,Moderate advertising,4,4,0,0,0,3,24.8,2,0,Linux,https://eqmac.app/,2026-09-20T21:52:34+00:00,
cinehd.dev,online,C,68.2,Moderate advertising,7,2,1,0,0,0,20.5,2,0,Mobile,https://cinehd.dev/,2026-09-22T06:49:41+00:00,
formatically.com,online,C,68.2,Moderate advertising,5,4,1,0,0,3,11.7,1,0,Educational,https://formatically.com/,2026-09-25T18:07:54+00:00,
forwardwiththesong.blogspot.com,online,C,68.2,Moderate advertising,8,3,1,0,0,3,8.7,2,0,Music,https://forwardwiththesong.blogspot.com/,2026-09-15T12:53:55+00:00,
fptplay.vn,online,C,68.2,Moderate advertising,10,4,0,0,0,5,4.6,2,0,Non-Eng,https://fptplay.vn/,2026-08-24T14:28:18+00:00,
www.stopthebleed.org,online,C,68.2,Moderate advertising,5,4,0,0,0,3,21.6,2,2,Educational,https://www.stopthebleed.org/get-trained/,2026-09-12T21:42:32+00:00,
knowfree.tradepub.com,online,C,68.3,Moderate advertising,5,4,0,0,0,3,21.4,2,0,Reading,https://knowfree.tradepub.com/,2026-09-23T22:29:49+00:00,
nostalgiktv.org,online,C,68.3,Moderate advertising,9,3,1,0,0,3,5.3,2,0,Non-Eng,https://nostalgiktv.org/,2026-09-23T06:43:24+00:00,
www.fanmtl.com,online,C,68.3,Moderate advertising,7,3,0,0,0,1,23.4,2,0,Reading,https://www.fanmtl.com/,2026-09-23T22:29:49+00:00,
phrontistery.info,online,C,68.4,Moderate advertising,6,3,0,0,0,3,24.2,2,0,Educational,https://phrontistery.info/,2026-09-19T21:48:19+00:00,
activisthandbook.org,online,C,68.5,Moderate advertising,5,2,0,0,0,6,86.1,2,0,Educational,https://activisthandbook.org/,2026-09-19T12:07:10+00:00,
anyipa.me,online,C,68.5,Moderate advertising,7,2,0,0,0,0,76.9,1,0,Mobile,https://anyipa.me/,2026-09-27T07:08:34+00:00,
archives.gov,online,C,68.5,Moderate advertising,6,1,0,0,0,9,40.5,2,0,Reading,https://archives.gov/,2026-09-23T22:29:49+00:00,
asl.ms,online,C,68.5,Moderate advertising,7,2,0,0,0,0,59.9,2,0,Educational,https://asl.ms/,2026-09-19T16:51:07+00:00,
data.un.org,online,C,68.5,Moderate advertising,5,2,0,0,0,6,74.2,1,1,Educational,https://data.un.org/,2026-09-13T17:06:33+00:00,
dolphin-emu.org,online,C,68.5,Moderate advertising,7,2,0,0,0,0,61.1,2,2,Gaming,https://dolphin-emu.org/docs/guides/,2026-09-12T21:42:32+00:00,
gwern.net,online,C,68.5,Moderate advertising,3,2,1,0,0,2,81.8,2,0,Educational,https://gwern.net/,2026-09-19T16:51:07+00:00,
kernelsu.org,online,C,68.5,Moderate advertising,7,2,0,0,0,0,52.0,2,2,Mobile,https://kernelsu.org/,2026-09-13T06:49:25+00:00,
mixupload.com,online,C,68.5,Moderate advertising,5,2,0,0,0,6,32.1,4,0,Music,https://mixupload.com/,2026-09-18T06:42:10+00:00,
neal.fun,online,C,68.5,Moderate advertising,7,2,0,0,0,0,60.7,9,5,Educational Gaming Misc,https://neal.fun/,2026-09-12T16:31:29+00:00,
oldcomputers.net,online,C,68.5,Moderate advertising,7,2,0,0,0,0,64.6,2,0,Educational,https://oldcomputers.net/,2026-09-19T06:40:29+00:00,
online-courses.club,online,C,68.5,Moderate advertising,6,2,0,0,0,3,35.9,2,0,Educational,https://online-courses.club/,2026-09-19T12:07:10+00:00,
vexillologists.com,online,C,68.5,Moderate advertising,9,2,0,0,0,0,24.1,1,0,Educational,https://vexillologists.com/,2026-09-21T14:36:48+00:00,
www.animefillerguide.com,online,C,68.5,Moderate advertising,7,2,0,0,0,0,49.1,1,1,Streaming,https://www.animefillerguide.com/,2026-09-17T22:29:32+00:00,
www.archives.gov,online,C,68.5,Moderate advertising,6,1,0,0,0,9,40.4,2,0,Reading,https://www.archives.gov/,2026-09-24T06:47:05+00:00,
www.celsoazevedo.com,online,C,68.5,Moderate advertising,7,2,0,0,0,0,74.7,2,0,Mobile,https://www.celsoazevedo.com/files/android/google-camera,2026-09-22T06:49:41+00:00,
www.omnicalculator.com,online,C,68.5,Moderate advertising,3,2,0,0,0,12,34.4,2,2,Educational,https://www.omnicalculator.com/,2026-09-12T21:42:32+00:00,
www.powerpointhub.com,online,C,68.5,Moderate advertising,7,2,0,0,0,0,39.4,1,0,Storage,https://www.powerpointhub.com/freetemplate/?lang=en,2026-09-28T07:40:47+00:00,
www.syedgakbar.com,online,C,68.5,Moderate advertising,3,2,1,0,0,2,45.5,1,1,Streaming,https://www.syedgakbar.com/projects/dst,2026-09-17T22:29:32+00:00,
www.veed.io,online,C,68.5,Moderate advertising,7,4,0,0,0,8,10.0,1,0,Streaming,https://www.veed.io/tools/auto-subtitle-generator-online,2026-08-29T08:22:00+00:00,
zdic.net,online,C,68.5,Moderate advertising,7,2,0,0,0,0,50.4,1,0,Educational,http://zdic.net/,2026-09-02T12:18:10+00:00,
learn.shayhowe.com,online,C,68.6,Moderate advertising,3,2,1,0,0,3,28.8,2,2,Educational,https://learn.shayhowe.com/,2026-09-12T21:42:32+00:00,
www.eltube.gr,online,C,68.6,Moderate advertising,3,3,3,0,0,1,4.8,2,0,Non-Eng,https://www.eltube.gr/,2026-09-22T22:28:30+00:00,
audionplayer.com,online,C,68.7,Moderate advertising,8,3,0,0,0,1,19.7,2,0,Music,https://audionplayer.com/,2026-09-22T17:49:43+00:00,
muzify.com,online,C,68.7,Moderate advertising,9,4,0,0,0,2,9.7,2,0,Gaming,https://muzify.com/,2026-09-20T17:01:41+00:00,
darkclassics.blogspot.com,online,C,68.8,Moderate advertising,9,2,1,0,0,2,11.5,1,0,Storage,https://darkclassics.blogspot.com/,2026-09-05T06:19:38+00:00,
golfparty.io,online,C,68.8,Moderate advertising,8,5,0,0,0,0,8.4,2,0,Gaming,https://golfparty.io/,2026-09-20T12:42:06+00:00,
www.zerotier.com,online,C,68.8,Moderate advertising,7,3,0,0,0,13,10.3,1,0,Adblock,https://www.zerotier.com/,2026-09-25T06:39:48+00:00,
www.deep-ml.com,online,C,68.9,Moderate advertising,7,3,0,0,0,1,22.2,2,0,Educational,https://www.deep-ml.com/,2026-09-19T21:48:19+00:00,
ddlbase.net,online,C,69.0,Moderate advertising,6,2,0,0,0,2,38.6,2,2,Streaming,https://ddlbase.net/,2026-09-13T12:54:24+00:00,
matterport.com,online,C,69.0,Moderate advertising,3,2,0,0,0,11,47.6,2,0,Educational,https://matterport.com/discover,2026-09-18T17:16:20+00:00,
specmap.sequence-omega.net,online,C,69.0,Moderate advertising,5,2,0,0,0,5,41.4,2,0,Misc,https://specmap.sequence-omega.net/,2026-09-21T07:14:22+00:00,
www.remove-vocals.com,online,C,69.0,Moderate advertising,4,3,0,0,0,2,53.1,2,0,Artificial-Intelligence,https://www.remove-vocals.com/,2026-09-18T17:16:20+00:00,
www.testpressing.org,online,C,69.0,Moderate advertising,1,1,5,0,0,3,0.1,2,0,Music,https://www.testpressing.org/,2026-09-22T12:53:35+00:00,
ekb.scinito.ai,online,C,69.1,Moderate advertising,6,2,0,0,0,2,29.8,3,0,Artificial-Intelligence Educational,https://ekb.scinito.ai/ai/chat,2026-09-18T06:42:10+00:00,
legendasbrasil.org,online,C,69.1,Moderate advertising,6,4,0,0,0,4,15.8,2,0,Non-Eng,https://legendasbrasil.org,2026-09-23T06:43:24+00:00,
www.fawanews.sc,online,C,69.1,Moderate advertising,10,4,0,0,0,2,5.8,2,0,Streaming,http://www.fawanews.sc/,2026-09-24T18:01:53+00:00,
ncs.io,online,C,69.2,Moderate advertising,8,4,0,0,0,4,9.7,2,2,Music,https://ncs.io/,2026-09-13T06:49:25+00:00,
plagiarismdetector.net,online,C,69.2,Moderate advertising,5,3,0,0,0,8,20.6,1,0,Educational,https://plagiarismdetector.net/,2026-09-25T18:07:54+00:00,
podscripts.co,online,C,69.2,Moderate advertising,7,5,0,0,0,1,9.6,2,0,Music,https://podscripts.co/,2026-09-22T12:53:35+00:00,
rarehistoricalphotos.com,online,C,69.2,Moderate advertising,4,3,0,0,0,6,25.7,1,0,Educational,https://rarehistoricalphotos.com/,2026-09-25T13:02:00+00:00,
www.asc-csa.gc.ca,online,C,69.2,Moderate advertising,6,5,0,0,0,2,11.5,2,0,Educational,https://www.asc-csa.gc.ca/eng/,2026-09-19T06:40:29+00:00,
www.tradingview.com,online,C,69.2,Moderate advertising,7,5,0,0,0,3,7.7,2,2,Misc,https://www.tradingview.com/,2026-09-13T06:49:25+00:00,
play.fancade.com,online,C,69.3,Moderate advertising,10,5,0,0,0,0,1.4,2,0,Gaming,https://play.fancade.com/,2026-09-20T12:42:06+00:00,
ponderclub.co,online,C,69.3,Moderate advertising,7,4,0,0,0,5,11.4,2,0,Gaming,https://ponderclub.co/,2026-09-02T12:18:10+00:00,
www.impakt.com,online,C,69.3,Moderate advertising,12,3,0,0,0,3,4.3,2,0,Misc,https://www.impakt.com/,2026-09-21T07:14:22+00:00,
www.snokido.com,online,C,69.3,Moderate advertising,9,2,1,0,0,0,12.3,2,0,Gaming,https://www.snokido.com/,2026-09-20T12:42:06+00:00,
mattermost.com,online,C,69.4,Moderate advertising,8,4,0,0,0,2,11.2,2,0,Misc,https://mattermost.com/,2026-09-21T14:36:48+00:00,
acid-play.com,online,C,69.5,Moderate advertising,4,3,0,0,0,1,62.2,2,0,Gaming Misc,https://acid-play.com/,2026-09-19T21:48:19+00:00,
darkbooks.org,online,C,69.5,Moderate advertising,2,2,1,0,0,3,68.3,1,0,Reading,https://darkbooks.org/collection/top250.html,2026-09-27T17:58:51+00:00,
mubert.com,online,C,69.5,Moderate advertising,5,4,0,0,0,6,15.9,2,0,Artificial-Intelligence,https://mubert.com/,2026-09-18T17:16:20+00:00,
trmanga.com,online,C,69.5,Moderate advertising,10,3,0,0,0,1,12.0,2,0,Non-Eng,https://trmanga.com/,2026-09-10T12:24:16+00:00,
www.cmoa.jp,online,C,69.5,Moderate advertising,7,6,0,0,0,4,0.0,2,0,Non-Eng,https://www.cmoa.jp/,2026-09-23T06:43:24+00:00,
www.familywall.com,online,C,69.5,Moderate advertising,4,2,0,0,0,7,50.3,2,0,Mobile,https://www.familywall.com/,2026-09-22T06:49:41+00:00,
www.hangarceviri.com,online,C,69.5,Moderate advertising,8,4,0,0,0,1,12.1,1,0,Non-Eng,https://www.hangarceviri.com,2026-09-27T17:58:51+00:00,
www.intratext.com,online,C,69.5,Moderate advertising,6,2,0,0,0,1,84.6,2,0,Reading,https://www.intratext.com/,2026-09-23T22:29:49+00:00,
www.lightnote.co,online,C,69.5,Moderate advertising,4,3,0,0,0,1,75.2,1,1,Educational,https://www.lightnote.co/,2026-09-13T17:06:33+00:00,
www.proxyscrape.com,online,C,69.5,Moderate advertising,5,4,0,0,0,7,15.1,1,0,Storage,https://www.proxyscrape.com/free-proxy-list,2026-09-28T07:40:47+00:00,
moviesnipipay.me,online,C,69.6,Moderate advertising,10,5,0,0,0,0,0.8,4,0,Non-Eng Streaming,https://moviesnipipay.me/,2026-09-18T06:42:10+00:00,
www.poetryfoundation.org,online,C,69.6,Moderate advertising,6,4,0,0,0,4,14.8,2,2,Reading,https://www.poetryfoundation.org/,2026-09-13T12:54:24+00:00,
anara.com,online,C,69.7,Moderate advertising,6,3,0,0,0,0,24.6,2,0,Artificial-Intelligence,https://anara.com/,2026-09-18T12:26:05+00:00,
cronometer.com,online,C,69.7,Moderate advertising,6,2,0,0,0,17,13.6,1,0,Misc,https://cronometer.com/,2026-09-25T22:52:29+00:00,
trwebtoon.com,online,C,69.7,Moderate advertising,10,3,0,0,0,1,11.7,2,0,Non-Eng,https://trwebtoon.com/,2026-08-24T14:28:18+00:00,
www.hattrick.org,online,C,69.7,Moderate advertising,5,4,0,0,0,8,13.7,4,0,Gaming Misc,https://www.hattrick.org/,2026-09-17T22:29:32+00:00,
comicbookplus.com,online,C,69.8,Moderate advertising,10,2,1,0,0,0,8.4,2,2,Reading,https://comicbookplus.com/,2026-09-13T12:54:24+00:00,
roll20.net,online,C,69.8,Moderate advertising,6,4,0,0,0,4,14.3,2,2,Gaming,https://roll20.net/,2026-09-12T21:42:32+00:00,
songstems.net,online,C,69.8,Moderate advertising,7,4,0,0,0,1,14.3,2,0,Music,https://songstems.net/,2026-09-22T17:49:43+00:00,
www.discogs.com,online,C,69.8,Moderate advertising,6,4,0,0,0,9,9.5,2,0,Music,https://www.discogs.com/,2026-09-22T17:49:43+00:00,
www.hooktheory.com,online,C,69.8,Moderate advertising,4,3,0,0,0,3,27.4,2,0,Educational,https://www.hooktheory.com/trends,2026-09-19T12:07:10+00:00,
www.miniplay.com,online,C,69.8,Moderate advertising,5,4,1,0,0,5,6.3,2,0,Gaming,https://www.miniplay.com/,2026-09-20T12:42:06+00:00,
www.womenonweb.org,online,C,69.8,Moderate advertising,4,4,0,0,0,1,23.5,2,2,Misc,https://www.womenonweb.org/en/women-on-web/,2026-09-13T06:49:25+00:00,
app.chillhop.com,online,C,69.9,Moderate advertising,9,3,0,0,0,13,2.2,2,2,Music,https://app.chillhop.com/,2026-09-02T12:18:10+00:00,
bgtvi.com,online,C,69.9,Moderate advertising,8,4,0,0,0,1,11.2,2,0,Non-Eng,https://bgtvi.com/,2026-09-22T17:49:43+00:00,
designbundles.net,online,C,69.9,Moderate advertising,6,4,0,0,0,4,14.2,1,0,Storage,https://designbundles.net/free-design-resources,2026-09-28T07:40:47+00:00,
wrtn.ai,online,C,69.9,Moderate advertising,5,4,0,0,0,10,11.2,2,2,Non-Eng,https://wrtn.ai/,2026-09-13T12:54:24+00:00,
www.f-secure.com,online,C,69.9,Moderate advertising,9,2,0,0,0,6,15.2,1,1,Adblock,https://www.f-secure.com/en/identity-theft-checker,2026-09-13T17:06:33+00:00,
artificial-art.eu,online,C,70.0,Moderate advertising,6,2,0,0,0,0,64.1,1,0,Artificial-Intelligence,https://artificial-art.eu/,2026-09-25T06:39:48+00:00,
awesomelists.calvinjeng.io,online,C,70.0,Moderate advertising,6,2,0,0,0,0,56.6,2,2,Misc,https://awesomelists.calvinjeng.io/,2026-08-29T17:26:18+00:00,
awesomelists.top,,C,70.0,Moderate advertising,6,2,0,0,0,0,57.0,2,2,Misc,https://awesomelists.top/,2026-08-13T18:14:19+00:00,
darkridedatabase.com,online,C,70.0,Moderate advertising,0,0,14,0,0,0,0.0,2,0,Misc,https://darkridedatabase.com/,2026-09-20T21:52:34+00:00,
fuseji.net,online,C,70.0,Moderate advertising,6,2,0,0,0,0,47.4,2,0,Non-Eng,http://fuseji.net/,2026-09-23T06:43:24+00:00,
linuxcommandlibrary.com,online,C,70.0,Moderate advertising,6,2,0,0,0,0,62.2,2,2,Linux,https://linuxcommandlibrary.com/,2026-09-13T06:49:25+00:00,
litfl.com,online,C,70.0,Moderate advertising,4,2,0,0,0,6,40.4,2,0,Educational,https://litfl.com/ecg-library/,2026-09-25T13:02:00+00:00,
moc.daper.net,online,C,70.0,Moderate advertising,0,0,8,0,0,0,0.0,1,0,Linux,https://moc.daper.net/,2026-09-25T22:52:29+00:00,
ptable.com,online,C,70.0,Moderate advertising,6,2,0,0,0,0,73.3,2,2,Educational,https://ptable.com/,2026-09-12T21:42:32+00:00,
selfh.st,online,C,70.0,Moderate advertising,0,0,9,0,0,0,0.0,3,1,Linux Storage,https://selfh.st/apps/,2026-09-13T17:06:33+00:00,
slsknet.org,online,C,70.0,Moderate advertising,0,0,10,0,0,0,0.0,2,2,Downloading Music,https://slsknet.org/,2026-09-12T21:42:32+00:00,
squishybilliards.com,online,C,70.0,Moderate advertising,1,1,1,1,0,1,38.1,2,0,Gaming,https://squishybilliards.com/,2026-09-20T07:03:23+00:00,
theindex.moe,online,C,70.0,Moderate advertising,0,0,14,0,0,0,0.0,10,2,Misc Reading Streaming,https://theindex.moe,2026-09-12T16:31:29+00:00,
www.256zw.org,online,C,70.0,Moderate advertising,6,2,0,0,0,0,90.4,2,0,Non-Eng,https://www.256zw.org/,2026-09-22T22:28:30+00:00,
www.astralcodexten.com,online,C,70.0,Moderate advertising,4,3,0,0,0,0,31.7,2,0,Educational,https://www.astralcodexten.com/,2026-09-18T17:16:20+00:00,
www.bintv.link,online,C,70.0,Moderate advertising,6,2,0,0,0,0,76.6,1,1,Streaming,https://www.bintv.link/,2026-09-06T21:43:43+00:00,
www.dpgroup.org,online,C,70.0,Moderate advertising,6,2,0,0,0,0,68.8,2,0,Reading,https://www.dpgroup.org/,2026-09-23T18:01:31+00:00,
www.govactionlist.com,online,C,70.0,Moderate advertising,6,2,0,0,0,0,48.8,1,0,Misc,https://www.govactionlist.com/,2026-09-25T22:52:29+00:00,
www.healthdirect.gov.au,online,C,70.0,Moderate advertising,7,4,0,0,0,4,11.0,2,0,Misc,https://www.healthdirect.gov.au/,2026-09-21T07:14:22+00:00,
www.minesweeperpro.com,online,C,70.0,Moderate advertising,6,2,0,0,0,0,35.2,2,0,Gaming,https://www.minesweeperpro.com/,2026-09-20T07:03:23+00:00,
www.naver.com,online,C,70.0,Moderate advertising,0,0,7,0,0,0,0.0,2,0,Non-Eng,https://www.naver.com/,2026-09-23T06:43:24+00:00,
www.slsknet.org,online,C,70.0,Moderate advertising,0,0,10,0,0,0,0.0,1,1,Linux,https://www.slsknet.org,2026-09-13T21:45:32+00:00,
xanmod.org,online,C,70.0,Moderate advertising,6,2,0,0,0,0,51.9,1,0,Linux,https://xanmod.org/,2026-09-25T22:52:29+00:00,
autochords.com,online,C,70.1,Moderate advertising,3,2,1,0,0,5,23.8,1,0,Educational,https://autochords.com/,2026-09-25T13:02:00+00:00,
customsongscentral.com,online,C,70.1,Moderate advertising,8,4,0,0,0,2,9.8,1,1,Gaming,https://customsongscentral.com/,2026-09-13T21:45:32+00:00,
cozyaudiobooks.com,online,C,70.2,Moderate advertising,9,4,0,0,0,0,8.7,2,0,Reading,https://cozyaudiobooks.com/category/,2026-09-23T22:29:49+00:00,
eukiapp.org,online,C,70.2,Moderate advertising,10,4,0,0,0,0,5.7,2,0,Misc,https://eukiapp.org/,2026-09-21T07:14:22+00:00,
www.charitynavigator.org,online,C,70.2,Moderate advertising,6,4,0,0,0,5,12.5,1,1,Misc,https://www.charitynavigator.org/,2026-09-13T21:45:32+00:00,
www.cozycozy.com,online,C,70.2,Moderate advertising,7,4,0,0,0,2,12.5,2,0,Misc,https://www.cozycozy.com/,2026-09-20T21:52:34+00:00,
www.klikxxi.com,online,C,70.2,Moderate advertising,8,3,0,0,0,0,17.5,1,0,Non-Eng,https://www.klikxxi.com/,2026-09-27T17:58:51+00:00,
www.emergentmind.com,online,C,70.3,Moderate advertising,9,4,0,0,0,3,5.3,2,0,Misc,https://www.emergentmind.com/,2026-09-21T07:14:22+00:00,
israeltv.online,online,C,70.4,Moderate advertising,9,4,0,0,0,2,6.2,2,0,Non-Eng,https://israeltv.online/,2026-09-22T22:28:30+00:00,
3d.nih.gov,online,C,70.5,Moderate advertising,5,1,0,0,0,8,62.1,2,0,Educational,https://3d.nih.gov/,2026-09-19T06:40:29+00:00,
blogs.ntu.edu.sg,online,C,70.5,Moderate advertising,11,3,0,0,0,2,6.0,2,0,Non-Eng,https://blogs.ntu.edu.sg/sgslsignbank/,2026-09-23T18:01:31+00:00,
efpfanfic.net,online,C,70.5,Moderate advertising,6,5,0,0,0,2,9.1,2,0,Non-Eng,https://efpfanfic.net/,2026-09-23T06:43:24+00:00,
esimplus.me,online,C,70.5,Moderate advertising,5,2,0,0,0,2,96.1,1,0,Storage,https://esimplus.me/temporary-numbers,2026-09-28T07:40:47+00:00,
getleon.ai,online,C,70.5,Moderate advertising,4,4,1,0,0,1,11.9,2,0,Artificial-Intelligence,https://getleon.ai/,2026-09-18T12:26:05+00:00,
gidd.io,online,C,70.5,Moderate advertising,5,2,0,0,0,2,63.5,2,2,Gaming,https://gidd.io/,2026-09-13T06:49:25+00:00,
nmovies.cc,online,C,70.5,Moderate advertising,7,1,0,0,0,2,71.2,1,0,Streaming,https://nmovies.cc/,2026-09-28T16:00:57+00:00,
serato.com,online,C,70.5,Moderate advertising,8,5,0,0,0,5,0.0,1,0,Music,https://serato.com/,2026-09-27T07:08:34+00:00,
tinywow.com,online,C,70.5,Moderate advertising,5,2,0,0,0,2,38.5,2,2,Misc,https://tinywow.com/,2026-09-13T06:49:25+00:00,
www.tvseries.in,online,C,70.5,Moderate advertising,5,2,0,0,0,2,85.5,2,0,Streaming,https://www.tvseries.in/,2026-08-25T14:31:22+00:00,
xkcd-search.typesense.org,online,C,70.5,Moderate advertising,7,1,0,0,0,2,58.8,1,1,Reading,https://xkcd-search.typesense.org/,2026-09-17T17:47:40+00:00,
camo.com,online,C,70.7,Moderate advertising,6,4,0,0,0,1,15.7,4,4,Mobile,https://camo.com/studio,2026-09-12T16:31:29+00:00,
mupdf.com,online,C,70.7,Moderate advertising,3,2,0,0,0,8,29.6,2,0,Reading,https://mupdf.com/,2026-09-23T18:01:31+00:00,
medeberiya.net,online,C,70.8,Moderate advertising,4,3,1,0,0,1,17.3,2,0,Streaming,https://medeberiya.net/,2026-09-24T22:46:15+00:00,
screenpipe.com,online,C,70.8,Moderate advertising,6,4,0,0,0,8,8.4,2,0,Artificial-Intelligence,https://screenpipe.com/,2026-09-24T12:57:21+00:00,
tuhoc.dolenglish.vn,online,C,70.8,Moderate advertising,8,4,0,0,0,5,5.3,1,0,Non-Eng,https://tuhoc.dolenglish.vn/,2026-09-27T17:58:51+00:00,
bbflix.one,online,C,70.9,Moderate advertising,5,3,0,0,0,1,24.2,2,0,Streaming,https://bbflix.one/,2026-09-04T12:16:28+00:00,
pinoymovieshub.cv,online,C,70.9,Moderate advertising,9,4,0,0,0,2,5.2,2,0,Non-Eng,https://pinoymovieshub.cv/,2026-09-22T22:28:30+00:00,
wakelet.com,online,C,70.9,Moderate advertising,7,4,0,0,0,6,7.2,2,0,Educational,https://wakelet.com/explore,2026-08-19T14:24:21+00:00,
www.izicomics.com,online,C,70.9,Moderate advertising,9,3,0,0,0,3,10.2,2,0,Non-Eng,https://www.izicomics.com/,2026-09-23T18:01:31+00:00,
anatomylearning.com,online,C,71.0,Moderate advertising,5,2,0,0,0,1,53.5,2,0,Educational,https://anatomylearning.com/,2026-09-25T13:02:00+00:00,
breathball.com,online,C,71.0,Moderate advertising,3,1,1,0,0,3,42.4,2,2,Misc,https://breathball.com/,2026-09-13T06:49:25+00:00,
comtradeplus.un.org,online,C,71.0,Moderate advertising,7,2,0,0,0,8,17.0,1,0,Educational,https://comtradeplus.un.org/,2026-09-25T13:02:00+00:00,
films.waploaded.com,online,C,71.0,Moderate advertising,4,2,0,0,0,4,80.5,2,0,Streaming,https://films.waploaded.com/movie,2026-09-24T22:46:15+00:00,
folksable.com,online,C,71.0,Moderate advertising,3,3,0,0,0,1,77.8,2,0,Mobile,https://folksable.com/,2026-09-22T06:49:41+00:00,
freebiesbug.com,online,C,71.0,Moderate advertising,5,2,0,0,0,1,50.0,1,0,Storage,https://freebiesbug.com/,2026-09-28T07:40:47+00:00,
oed.com,online,C,71.0,Moderate advertising,5,2,0,0,0,1,60.4,2,0,Educational,https://oed.com/,2026-09-19T21:48:19+00:00,
readow.ai,online,C,71.0,Moderate advertising,1,1,1,1,0,0,29.0,2,0,Reading,https://readow.ai/,2026-09-24T06:47:05+00:00,
www.deutschelyrik.de,online,C,71.0,Moderate advertising,3,3,0,0,0,1,45.5,2,0,Non-Eng,https://www.deutschelyrik.de/,2026-09-22T22:28:30+00:00,
www.indiabix.com,online,C,71.0,Moderate advertising,3,3,0,0,0,1,33.3,2,0,Educational,https://www.indiabix.com/,2026-09-19T21:48:19+00:00,
www.keka.io,online,C,71.0,Moderate advertising,4,2,0,0,0,4,33.9,1,1,Linux,https://www.keka.io/en/,2026-09-13T21:45:32+00:00,
www.sciencedaily.com,online,C,71.0,Moderate advertising,3,3,0,0,0,1,53.2,2,0,Misc,https://www.sciencedaily.com/,2026-09-21T07:14:22+00:00,
www.warntracker.com,online,C,71.0,Moderate advertising,10,3,0,0,0,7,3.1,1,0,Misc,https://www.warntracker.com/,2026-09-26T12:31:41+00:00,
mk48.io,online,C,71.1,Moderate advertising,6,4,1,0,0,0,5.8,2,0,Gaming,https://mk48.io/,2026-09-20T12:42:06+00:00,
www.parfumo.com,online,C,71.1,Moderate advertising,7,1,2,0,0,1,9.8,1,1,Misc,https://www.parfumo.com/,2026-09-13T21:45:32+00:00,
www.spatial.io,online,C,71.1,Moderate advertising,8,4,0,0,0,5,4.8,2,0,Gaming,https://www.spatial.io/,2026-09-20T12:42:06+00:00,
www.te-home.net,online,C,71.1,Moderate advertising,9,2,0,0,0,0,18.8,2,0,Adblock,https://www.te-home.net/,2026-09-18T06:42:10+00:00,
aifindy.com,online,C,71.2,Moderate advertising,7,3,1,0,0,1,7.5,2,0,Non-Eng,https://aifindy.com/,2026-09-23T13:04:02+00:00,
chatboxai.app,online,C,71.2,Moderate advertising,5,4,0,0,0,1,17.5,5,0,Artificial-Intelligence Mobile,https://chatboxai.app/,2026-09-17T22:29:32+00:00,
mathworld.wolfram.com,online,C,71.2,Moderate advertising,4,3,0,0,0,4,23.6,2,0,Educational,https://mathworld.wolfram.com/,2026-09-18T17:16:20+00:00,
seats.aero,online,C,71.2,Moderate advertising,4,4,0,0,0,1,20.6,2,0,Misc,https://seats.aero/,2026-09-20T21:52:34+00:00,
warclicks.com,online,C,71.2,Moderate advertising,5,4,0,0,0,6,12.7,2,0,Gaming,https://warclicks.com/,2026-09-20T12:42:06+00:00,
www.hirebasis.com,online,C,71.2,Moderate advertising,7,4,0,0,0,5,7.6,2,0,Misc,https://www.hirebasis.com/,2026-09-21T14:36:48+00:00,
www.justinguitar.com,online,C,71.2,Moderate advertising,7,4,0,0,0,6,6.7,2,0,Educational,https://www.justinguitar.com/,2026-09-19T12:07:10+00:00,
www.podcastsinenglish.com,online,C,71.2,Moderate advertising,3,3,0,0,0,2,28.5,2,0,Educational,https://www.podcastsinenglish.com/,2026-09-19T16:51:07+00:00,
aglasem.com,online,C,71.3,Moderate advertising,4,3,0,0,0,1,26.4,1,0,Educational,https://aglasem.com/,2026-09-25T18:07:54+00:00,
dnd5ed.github.io,online,C,71.3,Moderate advertising,9,4,0,0,0,1,5.4,1,0,Educational,https://dnd5ed.github.io,2026-09-25T13:02:00+00:00,
easiestsolve.com,online,C,71.3,Moderate advertising,8,3,0,0,0,0,15.3,1,1,Educational,https://easiestsolve.com/,2026-09-13T17:06:33+00:00,
romshq.com,online,C,71.3,Moderate advertising,9,4,0,0,0,4,2.4,2,0,Gaming,https://romshq.com/,2026-09-20T07:03:23+00:00,
deepnote.com,online,C,71.4,Moderate advertising,5,3,0,0,0,3,21.2,2,0,Educational,https://deepnote.com/,2026-09-19T16:51:07+00:00,
learn.saylor.org,online,C,71.4,Moderate advertising,7,4,0,0,0,3,9.2,2,0,Educational,https://learn.saylor.org/,2026-09-18T17:16:20+00:00,
athome.fandango.com,online,C,71.5,Moderate advertising,9,5,0,0,0,0,0.0,2,0,Streaming,https://athome.fandango.com/content/browse/free,2026-09-24T18:01:53+00:00,
bunpro.jp,online,C,71.5,Moderate advertising,4,2,0,0,0,3,90.1,1,0,Educational,https://bunpro.jp/,2026-09-25T13:02:00+00:00,
earthobservatory.nasa.gov,,C,71.5,Moderate advertising,6,1,0,0,0,3,58.8,1,1,Misc,https://earthobservatory.nasa.gov/global-maps,2026-08-14T17:12:05+00:00,
gloss.dliflc.edu,online,C,71.5,Moderate advertising,4,2,0,0,0,3,30.0,2,0,Educational,https://gloss.dliflc.edu/,2026-09-19T12:07:10+00:00,
gwulo.com,online,C,71.5,Moderate advertising,4,2,0,0,0,3,35.7,2,0,Educational,https://gwulo.com/,2026-09-19T06:40:29+00:00,
instant.io,online,C,71.5,Moderate advertising,6,1,0,0,0,3,48.8,2,0,Streaming,https://instant.io/,2026-09-24T22:46:15+00:00,
medlineplus.gov,online,C,71.5,Moderate advertising,5,1,0,0,0,6,83.5,1,0,Misc,https://medlineplus.gov/,2026-09-25T22:52:29+00:00,
naturalhistory.si.edu,online,C,71.5,Moderate advertising,4,2,0,0,0,3,46.5,2,0,Educational,https://naturalhistory.si.edu/visit/virtual-tour,2026-09-25T22:52:29+00:00,
nomorflix.com,online,C,71.5,Moderate advertising,3,3,0,0,0,0,67.9,1,0,Streaming,https://nomorflix.com/,2026-09-28T16:00:57+00:00,
twcclassics.com,online,C,71.5,Moderate advertising,6,5,0,0,0,6,3.0,2,0,Streaming,https://twcclassics.com/,2026-09-24T18:01:53+00:00,
www.di.fm,online,C,71.5,Moderate advertising,4,3,0,0,0,8,18.9,2,0,Music,https://www.di.fm/,2026-09-22T12:53:35+00:00,
www.iopaint.com,online,C,71.5,Moderate advertising,15,2,0,0,0,0,0.0,2,0,Artificial-Intelligence,https://www.iopaint.com/,2026-09-18T17:16:20+00:00,
www.olsenhome.com,online,C,71.5,Moderate advertising,13,3,0,0,0,0,0.0,2,0,Misc,https://www.olsenhome.com/gif/,2026-09-21T22:53:03+00:00,
www.sachhayonline.com,online,C,71.5,Moderate advertising,4,2,0,0,0,3,56.0,2,0,Non-Eng,https://www.sachhayonline.com/,2026-09-23T18:01:31+00:00,
www.shouldianswer.net,online,C,71.5,Moderate advertising,4,2,0,0,0,3,59.3,1,1,Mobile,https://www.shouldianswer.net/,2026-09-17T17:47:40+00:00,
www.umdmusic.com,online,C,71.5,Moderate advertising,4,2,0,0,0,3,84.4,2,0,Music,https://www.umdmusic.com/,2026-09-22T17:49:43+00:00,
rsoe-edis.org,online,C,71.6,Moderate advertising,8,3,0,0,0,2,12.8,2,0,Misc,https://rsoe-edis.org/eventMap,2026-09-21T07:14:22+00:00,
www.rovr.live,online,C,71.6,Moderate advertising,4,2,0,0,0,3,29.8,2,0,Music,https://www.rovr.live/,2026-09-22T12:53:35+00:00,
goaty.gg,online,C,71.7,Moderate advertising,7,2,0,0,0,0,23.7,1,1,Misc,https://goaty.gg/,2026-09-17T17:47:40+00:00,
jmirpublications.com,online,C,71.7,Moderate advertising,5,2,0,0,0,4,25.7,2,0,Reading,https://jmirpublications.com/,2026-09-24T06:47:05+00:00,
screenpi.pe,online,C,71.7,Moderate advertising,6,4,0,0,0,7,7.7,2,0,Artificial-Intelligence,https://screenpi.pe/,2026-09-18T17:16:20+00:00,
tuneyou.com,online,C,71.7,Moderate advertising,10,3,0,0,0,1,7.7,2,0,Music,https://tuneyou.com/,2026-09-22T12:53:35+00:00,
www.open.edu,online,C,71.7,Moderate advertising,5,3,0,0,0,1,22.7,2,0,Educational,https://www.open.edu/openlearn/,2026-09-18T17:16:20+00:00,
meionovels.com,online,C,71.8,Moderate advertising,2,2,1,0,0,1,27.4,2,0,Non-Eng,https://meionovels.com/,2026-09-23T06:43:24+00:00,
open.spotify.com,online,C,71.8,Moderate advertising,8,3,0,0,0,6,8.3,7,2,Music Reading,https://open.spotify.com/,2026-09-12T16:31:29+00:00,
www.koyfin.com,online,C,71.8,Moderate advertising,5,3,0,0,0,1,22.5,1,0,Misc,https://www.koyfin.com/,2026-09-26T12:31:41+00:00,
www.rtvs.sk,online,C,71.8,Moderate advertising,6,4,0,0,0,7,7.3,2,0,Non-Eng,https://www.rtvs.sk/televizia/archiv,2026-09-23T13:04:02+00:00,
www.wolfram.com,online,C,71.8,Moderate advertising,4,4,0,0,0,6,14.5,2,0,Artificial-Intelligence,https://www.wolfram.com/llm-benchmarking-project/,2026-09-18T17:16:20+00:00,
space.coze.cn,online,C,71.9,Moderate advertising,8,4,0,0,0,0,8.2,2,0,Artificial-Intelligence,https://space.coze.cn/,2026-09-18T17:16:20+00:00,
arthur.io,online,B,72.0,Light advertising,4,2,0,0,0,2,71.6,1,0,Storage,https://arthur.io/,2026-09-28T07:40:47+00:00,
chemistry.com.pk,online,B,72.0,Light advertising,4,2,0,0,0,2,44.4,2,0,Reading,https://chemistry.com.pk/,2026-09-23T22:29:49+00:00,
doesitarm.com,online,B,72.0,Light advertising,4,2,0,0,0,2,85.4,2,0,Linux,https://doesitarm.com/,2026-09-20T17:01:41+00:00,
openmaptiles.org,online,B,72.0,Light advertising,4,2,0,0,0,2,36.6,2,0,Misc,https://openmaptiles.org/,2026-09-21T07:14:22+00:00,
qpaths.deqart.com,online,B,72.0,Light advertising,4,2,0,0,0,2,43.1,2,0,Educational,https://qpaths.deqart.com/,2026-09-18T17:16:20+00:00,
split-tv.co.il,online,B,72.0,Light advertising,4,2,0,0,0,2,95.2,3,0,Non-Eng Streaming,https://split-tv.co.il/,2026-08-29T17:26:18+00:00,
vezihd.ro,online,B,72.0,Light advertising,4,2,0,0,0,2,44.7,2,0,Non-Eng,https://vezihd.ro/,2026-09-23T13:04:02+00:00,
www.apress.com,online,B,72.0,Light advertising,4,2,0,0,0,2,31.8,2,0,Educational,https://www.apress.com/us/apress-open/apressopen-titles,2026-08-20T14:23:07+00:00,
www.fzmovies.live,online,B,72.0,Light advertising,4,2,0,0,0,2,55.0,2,0,Streaming,https://www.fzmovies.live/,2026-08-25T20:02:11+00:00,
ketsu.app,online,B,72.1,Light advertising,4,3,0,0,0,4,21.8,2,0,Mobile,https://ketsu.app/download.html,2026-09-22T06:49:41+00:00,
nuclearsecrecy.com,online,B,72.1,Light advertising,1,1,3,0,0,1,15.8,3,0,Misc,https://nuclearsecrecy.com/nukemap/,2026-09-18T12:26:05+00:00,
viewspace.org,online,B,72.1,Light advertising,2,1,4,0,0,3,0.8,2,0,Educational,https://viewspace.org/,2026-09-19T06:40:29+00:00,
scialert.net,online,B,72.2,Light advertising,8,2,0,0,0,2,17.5,2,0,Reading,https://scialert.net/,2026-09-24T06:47:05+00:00,
vod.tvp.pl,online,B,72.2,Light advertising,8,2,0,0,0,2,17.5,2,0,Non-Eng,https://vod.tvp.pl/,2026-09-23T06:43:24+00:00,
www.scarbir.com,online,B,72.2,Light advertising,8,3,0,0,0,1,12.7,2,0,Misc,https://www.scarbir.com/,2026-09-21T14:36:48+00:00,
grow.google,online,B,72.3,Light advertising,6,2,0,0,0,3,22.3,5,0,Educational Misc,https://grow.google/intl/uk/courses-and-tools/,2026-09-17T22:29:32+00:00,
mangahub.io,online,B,72.3,Light advertising,1,1,4,0,0,6,0.3,2,0,Reading,https://mangahub.io/,2026-08-31T23:24:28+00:00,
www.worldatlas.com,online,B,72.3,Light advertising,5,5,0,0,0,2,8.3,2,0,Educational Misc,https://www.worldatlas.com/,2026-09-19T12:07:10+00:00,
it-ebooks.info,online,B,72.4,Light advertising,6,2,0,0,0,2,23.2,2,0,Reading,https://it-ebooks.info/,2026-09-24T06:47:05+00:00,
7sim.net,online,B,72.5,Light advertising,4,2,0,0,0,1,94.0,1,0,Storage,https://7sim.net/,2026-09-24T18:01:53+00:00,
animeschedule.net,online,B,72.5,Light advertising,3,2,0,0,0,4,64.0,1,0,Streaming,https://animeschedule.net/,2026-09-28T16:00:57+00:00,
caiefinder.com,online,B,72.5,Light advertising,3,2,0,0,0,4,46.2,2,0,Educational,https://caiefinder.com/,2026-09-19T21:48:19+00:00,
chordify.net,online,B,72.5,Light advertising,5,4,0,0,0,6,9.9,1,0,Educational,https://chordify.net/,2026-09-25T13:02:00+00:00,
cyberleninka.ru,online,B,72.5,Light advertising,2,2,0,0,0,7,41.8,2,2,Non-Eng,https://cyberleninka.ru/,2026-09-13T12:54:24+00:00,
data.census.gov,online,B,72.5,Light advertising,7,4,0,0,0,2,8.1,1,1,Educational,https://data.census.gov/,2026-09-13T17:06:33+00:00,
dict.concised.moe.edu.tw,online,B,72.5,Light advertising,5,1,0,0,0,4,78.3,1,0,Educational,https://dict.concised.moe.edu.tw/,2026-09-25T13:02:00+00:00,
komikku-app.github.io,online,B,72.5,Light advertising,6,1,0,0,0,1,30.8,1,1,Mobile,https://komikku-app.github.io/,2026-09-17T17:47:40+00:00,
leftonread.me,online,B,72.5,Light advertising,3,2,0,0,0,4,46.3,2,0,Linux,https://leftonread.me/,2026-09-20T17:01:41+00:00,
lelscanfr.com,online,B,72.5,Light advertising,7,3,0,0,0,1,15.1,2,0,Non-Eng,https://lelscanfr.com/,2026-09-22T22:28:30+00:00,
moum.top,online,B,72.5,Light advertising,4,2,0,0,0,1,52.3,2,0,Downloading,https://moum.top/en/,2026-09-18T17:16:20+00:00,
pdfhost.io,online,B,72.5,Light advertising,7,3,0,0,0,1,15.0,2,0,Reading,https://pdfhost.io/,2026-09-24T06:47:05+00:00,
rivestream.ru,online,B,72.5,Light advertising,6,1,0,0,0,1,32.5,6,2,Reading Streaming,https://rivestream.ru/,2026-09-12T16:31:29+00:00,
songs.nghmat.com,online,B,72.5,Light advertising,2,2,0,0,0,7,38.5,2,0,Non-Eng,https://songs.nghmat.com/,2026-09-22T17:49:43+00:00,
wehewehe.org,online,B,72.5,Light advertising,5,1,0,0,0,4,61.5,2,0,Educational,https://wehewehe.org/,2026-09-05T21:44:04+00:00,
wellfound.com,online,B,72.5,Light advertising,2,2,0,0,0,7,45.5,2,0,Misc,https://wellfound.com/,2026-09-21T14:36:48+00:00,
www.chessigma.com,online,B,72.5,Light advertising,4,4,0,0,0,3,16.1,2,0,Educational,https://www.chessigma.com/,2026-08-20T08:21:01+00:00,
www.fctv33hd.co,online,B,72.5,Light advertising,5,1,0,0,0,4,81.0,2,0,Streaming,https://www.fctv33hd.co/,2026-09-25T13:02:00+00:00,
www.ifitweremyhome.com,online,B,72.5,Light advertising,3,2,0,0,0,4,44.4,2,0,Educational,https://www.ifitweremyhome.com/,2026-09-19T12:07:10+00:00,
www.infobooks.org,online,B,72.5,Light advertising,7,5,0,0,0,0,3.9,2,0,Reading,https://www.infobooks.org/,2026-09-23T22:29:49+00:00,
www.jamendo.com,online,B,72.5,Light advertising,3,2,0,0,0,4,52.6,2,0,Music,https://www.jamendo.com/,2026-09-22T06:49:41+00:00,
www.listal.com,online,B,72.5,Light advertising,3,2,0,0,0,4,45.8,4,0,Reading Streaming,https://www.listal.com/,2026-09-18T12:26:05+00:00,
www.oalib.com,online,B,72.5,Light advertising,3,2,0,0,0,4,68.6,2,0,Reading,https://www.oalib.com/,2026-09-24T06:47:05+00:00,
www.podchaser.com,online,B,72.5,Light advertising,4,2,0,0,0,1,43.2,2,0,Music,https://www.podchaser.com/charts,2026-09-22T12:53:35+00:00,
lmanime.com,online,B,72.6,Light advertising,8,4,0,0,0,2,4.8,2,0,Streaming,https://lmanime.com/,2026-09-24T18:01:53+00:00,
readsomethingwonderful.com,online,B,72.6,Light advertising,7,4,0,0,0,2,7.8,2,0,Misc,https://readsomethingwonderful.com/,2026-09-21T07:14:22+00:00,
www.nts.live,online,B,72.7,Light advertising,9,2,1,0,0,4,1.7,13,5,Music,https://www.nts.live/,2026-09-13T06:49:25+00:00,
bestdamnedc.com,online,B,72.8,Light advertising,6,3,0,0,0,1,17.3,1,0,Misc,https://bestdamnedc.com/,2026-09-26T12:31:41+00:00,
lumalabs.ai,online,B,72.8,Light advertising,8,4,0,0,0,4,2.3,4,0,Artificial-Intelligence,https://lumalabs.ai/genie,2026-09-17T22:29:32+00:00,
www.sitepoint.com,online,B,72.8,Light advertising,6,4,0,0,0,3,9.4,2,0,Educational,https://www.sitepoint.com/,2026-09-19T16:51:07+00:00,
www.zimaspace.com,online,B,72.8,Light advertising,6,4,0,0,0,1,11.5,1,0,Linux,https://www.zimaspace.com/,2026-09-24T12:57:21+00:00,
www.openelearning.org,online,B,72.9,Light advertising,5,4,0,0,0,2,13.2,1,0,Storage,https://www.openelearning.org/,2026-09-28T07:40:47+00:00,
acestreamid.com,online,B,73.0,Light advertising,1,1,1,0,0,5,30.7,1,0,Streaming,https://acestreamid.com/,2026-09-28T16:00:57+00:00,
baza-knig.top,online,B,73.0,Light advertising,11,3,0,0,0,3,0.0,2,0,Non-Eng,https://baza-knig.top/,2026-09-09T12:30:35+00:00,
betterexplained.com,online,B,73.0,Light advertising,5,4,0,0,0,7,8.0,2,2,Educational,https://betterexplained.com/,2026-09-12T21:42:32+00:00,
channelstore.roku.com,online,B,73.0,Light advertising,3,2,0,0,0,3,74.2,2,0,Streaming,https://channelstore.roku.com/details/4a41d0921265a5e31429a7679442153f:b5bcb5b630c28b01e93bf59856317b43/playlet,2026-09-24T22:46:15+00:00,
dinoswords.gg,online,B,73.0,Light advertising,1,1,1,0,0,5,31.9,2,0,Gaming,https://dinoswords.gg/,2026-09-20T12:42:06+00:00,
downsub.com,online,B,73.0,Light advertising,3,2,0,0,0,3,33.7,2,0,Streaming,https://downsub.com/,2026-09-24T22:46:15+00:00,
glosbe.com,online,B,73.0,Light advertising,3,2,0,0,0,3,80.3,1,0,Educational,https://glosbe.com/,2026-09-25T13:02:00+00:00,
learncssgrid.com,online,B,73.0,Light advertising,3,2,0,0,0,3,86.2,2,0,Educational,https://learncssgrid.com/,2026-09-19T16:51:07+00:00,
link.springer.com,online,B,73.0,Light advertising,4,2,0,0,0,0,38.9,8,0,Educational Reading,https://link.springer.com/,2026-09-18T12:26:05+00:00,
photojournal.jpl.nasa.gov,,B,73.0,Light advertising,5,1,0,0,0,3,83.9,2,2,Educational,https://photojournal.jpl.nasa.gov/,2026-08-13T17:57:57+00:00,
pubpeer.com,online,B,73.0,Light advertising,3,2,0,0,0,3,59.7,2,0,Reading,https://pubpeer.com/,2026-09-24T06:47:05+00:00,
scrollcoupons.com,online,B,73.0,Light advertising,3,2,0,0,0,3,51.3,1,0,Storage,https://scrollcoupons.com/,2026-09-28T16:00:57+00:00,
snapgen.ai,online,B,73.0,Light advertising,7,4,0,0,0,3,6.0,4,2,Artificial-Intelligence,https://snapgen.ai/app/imagen,2026-09-12T16:31:29+00:00,
sobrief.com,online,B,73.0,Light advertising,6,4,0,0,0,2,10.0,1,0,Reading,https://sobrief.com/,2026-09-27T17:58:51+00:00,
whatsmybitrate.com,online,B,73.0,Light advertising,8,4,0,0,0,1,5.1,2,0,Music,https://whatsmybitrate.com/,2026-09-27T07:08:34+00:00,
www.amountle.dev,online,B,73.0,Light advertising,1,1,1,0,0,5,72.3,2,0,Gaming,https://www.amountle.dev/,2026-09-20T12:42:06+00:00,
www.musicroamer.com,online,B,73.0,Light advertising,3,2,0,0,0,3,33.0,2,0,Music,https://www.musicroamer.com/,2026-09-22T17:49:43+00:00,
www.sgb-fss.ch,online,B,73.0,Light advertising,3,2,0,0,0,3,47.0,6,0,Non-Eng,https://www.sgb-fss.ch/signsuisse/,2026-09-17T22:29:32+00:00,
www.spek.cc,online,B,73.0,Light advertising,3,3,0,0,0,0,26.9,2,2,Music,https://www.spek.cc/,2026-09-13T06:49:25+00:00,
www.storywhale.com,online,B,73.1,Light advertising,4,3,0,0,0,0,23.8,1,0,Reading,https://www.storywhale.com/,2026-09-27T17:58:51+00:00,
earth.fm,online,B,73.2,Light advertising,4,4,0,0,0,12,5.6,1,0,Music,https://earth.fm/,2026-09-22T12:53:35+00:00,
geminigen.ai,,B,73.2,Light advertising,8,4,0,0,0,5,0.6,1,1,Artificial-Intelligence,https://geminigen.ai/app/video-gen/,2026-08-14T14:46:47+00:00,
weplaydos.games,online,B,73.2,Light advertising,1,1,1,1,0,6,18.5,1,0,Gaming,https://weplaydos.games/,2026-09-25T18:07:54+00:00,
www.dvidshub.net,online,B,73.2,Light advertising,5,4,0,0,0,1,13.6,2,0,Streaming,https://www.dvidshub.net/,2026-09-24T18:01:53+00:00,
www.myabandonware.com,online,B,73.2,Light advertising,5,3,0,0,0,2,18.6,2,2,Gaming,https://www.myabandonware.com/,2026-09-12T21:42:32+00:00,
www.subtitlecat.com,online,B,73.2,Light advertising,2,2,1,0,0,1,24.6,2,0,Streaming,https://www.subtitlecat.com/,2026-09-24T22:46:15+00:00,
www.thedictionaryofobscuresorrows.com,online,B,73.2,Light advertising,5,4,0,0,0,1,13.5,2,0,Misc,https://www.thedictionaryofobscuresorrows.com/,2026-09-21T22:53:03+00:00,
chillhop.com,,B,73.3,Light advertising,9,2,0,0,0,10,4.3,2,2,Music,https://chillhop.com/,2026-08-13T18:14:19+00:00,
translatesubtitles.com,online,B,73.3,Light advertising,2,1,1,0,0,2,29.3,1,0,Streaming,https://translatesubtitles.com/,2026-08-29T08:22:00+00:00,
www.comptia.org,online,B,73.3,Light advertising,5,5,0,0,0,4,4.3,2,0,Misc,https://www.comptia.org/,2026-09-21T14:36:48+00:00,
www.englishcentral.com,online,B,73.3,Light advertising,7,4,0,0,0,4,4.3,2,0,Educational,https://www.englishcentral.com/,2026-09-19T16:51:07+00:00,
app.wyvern.chat,online,B,73.4,Light advertising,6,4,0,0,0,2,9.2,1,0,Artificial-Intelligence,https://app.wyvern.chat/,2026-09-25T06:39:48+00:00,
chat.z.ai,online,B,73.4,Light advertising,7,2,0,0,0,9,11.2,4,2,Artificial-Intelligence Storage,https://chat.z.ai/,2026-09-12T16:31:29+00:00,
edmwaves.org,online,B,73.4,Light advertising,9,4,0,0,0,0,2.2,2,0,Music,https://edmwaves.org/,2026-09-22T12:53:35+00:00,
www.theoldcomputer.com,online,B,73.4,Light advertising,3,3,0,0,0,1,25.2,2,0,Gaming,https://www.theoldcomputer.com/,2026-09-20T07:03:23+00:00,
aberoth.com,online,B,73.5,Light advertising,3,2,0,0,0,2,93.0,2,0,Gaming,https://aberoth.com/,2026-09-20T12:42:06+00:00,
academictorrents.com,online,B,73.5,Light advertising,3,2,0,0,0,2,32.7,2,2,Reading,https://academictorrents.com/,2026-09-13T12:54:24+00:00,
colornames.org,online,B,73.5,Light advertising,3,2,0,0,0,2,63.8,2,0,Misc,https://colornames.org/,2026-09-21T22:53:03+00:00,
connectthestars.xyz,online,B,73.5,Light advertising,3,2,0,0,0,2,76.5,2,0,Gaming,https://connectthestars.xyz/,2026-09-20T17:01:41+00:00,
dict.revised.moe.edu.tw,online,B,73.5,Light advertising,4,1,0,0,0,5,54.2,1,0,Educational,https://dict.revised.moe.edu.tw/index.jsp,2026-09-25T13:02:00+00:00,
docs.getoutline.com,online,B,73.5,Light advertising,3,2,0,0,0,2,39.7,1,0,Adblock,https://docs.getoutline.com/s/hosting/,2026-09-25T06:39:48+00:00,
findstarlink.com,online,B,73.5,Light advertising,3,2,0,0,0,2,39.2,1,0,Educational,https://findstarlink.com/,2026-09-25T13:02:00+00:00,
foldingathome.org,online,B,73.5,Light advertising,2,1,1,0,0,1,31.1,4,0,Educational Misc,https://foldingathome.org/,2026-09-17T22:29:32+00:00,
foundfootagecritic.com,online,B,73.5,Light advertising,2,2,0,0,0,5,32.4,2,0,Streaming,https://foundfootagecritic.com/,2026-09-24T22:46:15+00:00,
futbol-libre.com.co,online,B,73.5,Light advertising,1,1,3,0,0,5,8.9,2,0,Non-Eng,https://futbol-libre.com.co/,2026-09-24T12:57:21+00:00,
gez.la,online,B,73.5,Light advertising,3,2,0,0,0,2,47.4,2,0,Educational,https://gez.la/,2026-09-18T17:16:20+00:00,
magdownload.com,online,B,73.5,Light advertising,3,2,0,0,0,2,37.6,2,0,Reading,https://magdownload.com/,2026-09-24T12:57:21+00:00,
minesweeper.online,online,B,73.5,Light advertising,3,2,0,0,0,2,48.2,3,3,Gaming,https://minesweeper.online/,2026-09-12T16:31:29+00:00,
moodle.ifrs.edu.br,online,B,73.5,Light advertising,3,2,0,0,0,2,57.6,2,0,Non-Eng,https://moodle.ifrs.edu.br/course/index.php?categoryid=38,2026-09-23T06:43:24+00:00,
mp4directs.com,online,B,73.5,Light advertising,3,2,0,0,0,2,58.4,4,0,Reading,https://mp4directs.com/,2026-09-18T12:26:05+00:00,
namicomi.com,online,B,73.5,Light advertising,7,5,0,0,0,1,1.1,1,0,Reading,https://namicomi.com/en,2026-09-27T17:58:51+00:00,
nextrocket.space,online,B,73.5,Light advertising,3,2,0,0,0,2,51.7,1,0,Educational,https://nextrocket.space/,2026-09-25T13:02:00+00:00,
openmd.com,online,B,73.5,Light advertising,3,2,0,0,0,2,86.7,2,0,Reading,https://openmd.com/,2026-09-24T06:47:05+00:00,
quickchart.io,online,B,73.5,Light advertising,3,2,0,0,0,2,41.0,1,0,Storage,https://quickchart.io/,2026-09-28T07:40:47+00:00,
remotebackendjobs.com,online,B,73.5,Light advertising,3,2,0,0,0,2,78.0,1,0,Misc,https://remotebackendjobs.com/,2026-09-15T17:46:13+00:00,
remotefrontendjobs.com,online,B,73.5,Light advertising,3,2,0,0,0,2,80.2,2,0,Misc,https://remotefrontendjobs.com/,2026-09-15T12:53:55+00:00,
remotejavajobs.com,online,B,73.5,Light advertising,3,2,0,0,0,2,77.1,1,0,Misc,https://remotejavajobs.com,2026-09-15T17:46:13+00:00,
sciurls.com,online,B,73.5,Light advertising,3,2,0,0,0,2,81.2,2,0,Misc,https://sciurls.com/,2026-09-21T07:14:22+00:00,
soft98.ir,online,B,73.5,Light advertising,4,2,0,0,0,7,22.1,2,2,Downloading,https://soft98.ir/,2026-09-12T21:42:32+00:00,
stellarium.org,online,B,73.5,Light advertising,3,2,0,0,0,2,49.2,1,0,Educational,https://stellarium.org/,2026-09-25T13:02:00+00:00,
subslikescript.com,online,B,73.5,Light advertising,3,2,0,0,0,2,48.2,2,0,Streaming,https://subslikescript.com/,2026-09-25T06:39:48+00:00,
swiftread.com,online,B,73.5,Light advertising,5,3,0,0,0,4,15.9,1,0,Reading,https://swiftread.com/,2026-09-27T17:58:51+00:00,
tolkiengateway.net,online,B,73.5,Light advertising,3,2,0,0,0,2,45.0,4,0,Misc Reading,https://tolkiengateway.net/,2026-09-18T06:42:10+00:00,
webshare.cz,online,B,73.5,Light advertising,3,2,0,0,0,2,36.3,2,0,Non-Eng,https://webshare.cz/,2026-09-22T22:28:30+00:00,
www.any.do,online,B,73.5,Light advertising,5,4,0,0,0,3,10.9,2,0,Mobile,https://www.any.do/,2026-09-22T06:49:41+00:00,
www.chemtube3d.com,online,B,73.5,Light advertising,3,2,0,0,0,2,31.0,2,0,Educational,https://www.chemtube3d.com,2026-09-26T12:31:41+00:00,
www.eatthismuch.com,online,B,73.5,Light advertising,3,2,0,0,0,2,61.8,2,0,Misc,https://www.eatthismuch.com/,2026-09-21T07:14:22+00:00,
www.gmbinder.com,online,B,73.5,Light advertising,3,2,0,0,0,2,64.1,2,0,Educational,https://www.gmbinder.com/,2026-09-19T12:07:10+00:00,
www.hacker101.com,online,B,73.5,Light advertising,3,2,0,0,0,2,47.5,2,0,Educational,https://www.hacker101.com/,2026-09-19T21:48:19+00:00,
www.howacarworks.com,online,B,73.5,Light advertising,3,2,0,0,0,2,77.5,2,0,Misc,https://www.howacarworks.com/,2026-09-20T21:52:34+00:00,
www.howtoforge.com,online,B,73.5,Light advertising,7,5,0,0,0,2,0.0,2,0,Linux,https://www.howtoforge.com/,2026-09-20T17:01:41+00:00,
www.ngataonga.org.nz,online,B,73.5,Light advertising,3,2,0,0,0,2,49.8,2,0,Streaming,https://www.ngataonga.org.nz/search-use-collection/search/,2026-09-24T18:01:53+00:00,
www.passmedicine.com,online,B,73.5,Light advertising,3,2,0,0,0,2,77.6,2,0,Educational,https://www.passmedicine.com/ucat/,2026-09-19T06:40:29+00:00,
www.pindiy.com,online,B,73.5,Light advertising,3,2,0,0,0,2,75.0,2,0,Misc,https://www.pindiy.com/,2026-09-20T21:52:34+00:00,
yoda.az,online,B,73.5,Light advertising,2,1,3,0,0,6,4.9,2,0,Non-Eng,https://yoda.az/,2026-09-23T18:01:31+00:00,
nnmclub.to,online,B,73.6,Light advertising,8,2,0,0,0,3,13.8,4,0,Non-Eng Torrenting,https://nnmclub.to/,2026-09-18T06:42:10+00:00,
ratemydorm.com,online,B,73.7,Light advertising,8,4,0,0,0,1,3.7,2,0,Educational,https://ratemydorm.com,2026-09-19T21:48:19+00:00,
rtvcplay.co,online,B,73.7,Light advertising,7,4,0,0,0,7,0.6,2,0,Non-Eng,https://rtvcplay.co/,2026-09-23T13:04:02+00:00,
animeslayer.to,online,B,73.8,Light advertising,9,4,0,0,0,0,1.4,2,0,Non-Eng,https://animeslayer.to/,2026-09-22T17:49:43+00:00,
puzzlemaker.discoveryeducation.com,online,B,73.8,Light advertising,3,2,0,0,0,2,29.5,1,0,Gaming,https://puzzlemaker.discoveryeducation.com/,2026-09-25T18:07:54+00:00,
royalarmouries.org,online,B,73.8,Light advertising,8,2,0,0,0,2,14.3,2,0,Educational,https://royalarmouries.org/collection/,2026-09-19T06:40:29+00:00,
texasarchive.org,online,B,73.8,Light advertising,5,4,0,0,0,3,10.4,2,0,Streaming,https://texasarchive.org/,2026-09-24T18:01:53+00:00,
www.ceskatelevize.cz,online,B,73.8,Light advertising,6,2,0,0,0,9,13.3,2,0,Non-Eng,https://www.ceskatelevize.cz/ivysilani/,2026-09-22T22:28:30+00:00,
www.cg-gamespc.com,online,B,73.8,Light advertising,5,4,0,0,0,3,10.4,2,0,Gaming,https://www.cg-gamespc.com/,2026-08-20T20:04:41+00:00,
www.image-line.com,online,B,73.8,Light advertising,5,2,0,0,0,4,21.4,2,2,Music,https://www.image-line.com/learn,2026-09-13T06:49:25+00:00,
www.pricecharting.com,online,B,73.8,Light advertising,2,2,1,0,0,1,23.3,2,0,Misc,https://www.pricecharting.com/,2026-09-21T14:36:48+00:00,
dropkickd.com,online,B,73.9,Light advertising,8,2,0,0,0,0,16.2,2,0,Misc,https://dropkickd.com/,2026-09-20T21:52:34+00:00,
www.simscale.com,online,B,73.9,Light advertising,8,2,0,0,0,7,9.2,2,0,Educational,https://www.simscale.com/,2026-09-18T17:16:20+00:00,
1panel.pro,online,B,74.0,Light advertising,3,2,0,0,0,1,43.6,1,0,Linux,https://1panel.pro/,2026-09-25T22:52:29+00:00,
absorbiendomangas2.blogspot.com,online,B,74.0,Light advertising,7,3,0,0,0,3,10.0,2,0,Non-Eng,https://absorbiendomangas2.blogspot.com/,2026-09-23T18:01:31+00:00,
adventofcode.com,online,B,74.0,Light advertising,1,1,1,0,0,3,57.8,2,0,Educational,https://adventofcode.com/,2026-09-19T16:51:07+00:00,
arch.icekylin.online,online,B,74.0,Light advertising,3,2,0,0,0,1,78.5,2,0,Non-Eng,https://arch.icekylin.online/,2026-09-22T17:49:43+00:00,
arquivo.pt,online,B,74.0,Light advertising,6,4,0,0,0,3,6.9,2,0,Non-Eng,https://arquivo.pt,2026-09-23T13:04:02+00:00,
bt.orzx.im,online,B,74.0,Light advertising,1,1,1,0,0,3,77.6,2,0,Non-Eng,https://bt.orzx.im/,2026-09-22T22:28:30+00:00,
editoreric.com,online,B,74.0,Light advertising,3,2,0,0,0,1,38.1,2,0,Reading,https://editoreric.com/,2026-09-04T12:16:28+00:00,
hackthemenu.com,online,B,74.0,Light advertising,3,2,0,0,0,1,43.7,2,0,Misc,https://hackthemenu.com/,2026-09-20T21:52:34+00:00,
itorrents.net,online,B,74.0,Light advertising,1,1,1,0,0,3,84.4,1,0,Torrenting,https://itorrents.net/,2026-09-24T12:57:21+00:00,
itorrents.org,online,B,74.0,Light advertising,1,1,1,0,0,3,84.0,1,0,Torrenting,https://itorrents.org,2026-08-29T17:26:18+00:00,
jnovels.com,online,B,74.0,Light advertising,3,2,0,0,0,1,31.6,3,0,Reading,https://jnovels.com/,2026-09-18T12:26:05+00:00,
openwebtorrent.com,online,B,74.0,Light advertising,3,2,0,0,0,1,77.9,2,0,Torrenting,https://openwebtorrent.com/,2026-09-25T06:39:48+00:00,
papersizes.io,online,B,74.0,Light advertising,3,2,0,0,0,1,51.7,2,0,Misc,https://papersizes.io/,2026-09-21T14:36:48+00:00,
skilled.dev,online,B,74.0,Light advertising,4,3,0,0,0,9,12.9,1,0,Educational,https://skilled.dev/,2026-09-25T18:07:54+00:00,
wetrakr.com,online,B,74.0,Light advertising,9,3,0,0,0,1,5.9,2,0,Streaming,https://wetrakr.com/,2026-09-24T22:46:15+00:00,
www.failory.com,online,B,74.0,Light advertising,3,2,0,0,0,3,28.1,1,0,Misc,https://www.failory.com/graveyard,2026-09-26T12:31:41+00:00,
www.gardendesign.com,online,B,74.0,Light advertising,3,2,0,0,0,1,34.9,1,0,Misc,https://www.gardendesign.com/,2026-09-25T22:52:29+00:00,
www.hammerspoon.org,online,B,74.0,Light advertising,2,2,0,0,0,4,50.9,2,0,Linux,https://www.hammerspoon.org/,2026-09-20T17:01:41+00:00,
www.interpals.net,online,B,74.0,Light advertising,2,2,0,0,0,4,36.0,2,0,Educational,https://www.interpals.net/,2026-09-19T12:07:10+00:00,
www.pensarcursos.com.br,online,B,74.0,Light advertising,6,4,0,0,0,8,1.9,1,1,Non-Eng,https://www.pensarcursos.com.br,2026-09-17T17:47:40+00:00,
www.recantodasletras.com.br,online,B,74.0,Light advertising,3,2,0,0,0,1,55.7,2,0,Non-Eng,https://www.recantodasletras.com.br,2026-09-23T13:04:02+00:00,
www.usgs.gov,online,B,74.0,Light advertising,4,1,0,0,0,4,30.3,2,0,Misc,https://www.usgs.gov/products/maps,2026-09-21T07:14:22+00:00,
yokai.com,online,B,74.0,Light advertising,3,2,0,0,0,1,32.4,1,0,Educational,https://yokai.com/,2026-09-25T13:02:00+00:00,
anime-sama.to,online,B,74.2,Light advertising,1,1,4,0,0,1,1.5,2,0,Non-Eng,https://anime-sama.to/,2026-09-24T12:57:21+00:00,
manga-zip.is,online,B,74.2,Light advertising,7,3,0,0,0,0,12.5,1,0,Non-Eng,https://manga-zip.is/,2026-09-27T17:58:51+00:00,
monitor.mozilla.org,online,B,74.2,Light advertising,2,2,0,0,0,6,27.5,2,0,Adblock,https://monitor.mozilla.org/,2026-09-18T12:26:05+00:00,
anime-sama.tv,online,B,74.3,Light advertising,1,1,4,0,0,1,1.4,2,0,Non-Eng,https://anime-sama.tv/,2026-09-22T22:28:30+00:00,
icebergthreads.com,online,B,74.3,Light advertising,9,3,0,0,0,1,5.4,1,0,Misc,https://icebergthreads.com/,2026-09-26T12:31:41+00:00,
jp-films.com,,B,74.3,Light advertising,1,1,0,0,1,1,11.3,4,2,Non-Eng Streaming,https://jp-films.com/,2026-08-13T16:09:28+00:00,
platinmods.com,online,B,74.4,Light advertising,3,2,0,0,0,6,24.2,5,2,Mobile,https://platinmods.com/,2026-09-12T16:31:29+00:00,
stokourbeti.online,online,B,74.4,Light advertising,8,4,0,0,0,1,2.2,2,0,Non-Eng,https://stokourbeti.online/,2026-09-22T22:28:30+00:00,
2050.earth,online,B,74.5,Light advertising,4,1,0,0,0,3,39.3,2,0,Misc,https://2050.earth/,2026-09-21T22:53:03+00:00,
clockify.me,online,B,74.5,Light advertising,5,2,0,0,0,2,22.0,1,1,Misc,https://clockify.me/,2026-09-13T21:45:32+00:00,
dotfiles.github.io,online,B,74.5,Light advertising,4,1,0,0,0,3,73.0,2,0,Linux,https://dotfiles.github.io/,2026-09-20T17:01:41+00:00,
ektoplazm.com,online,B,74.5,Light advertising,2,2,0,0,0,3,32.2,2,0,Music,https://ektoplazm.com/,2026-09-22T12:53:35+00:00,
ekvis.com,online,B,74.5,Light advertising,5,4,0,0,0,1,10.9,2,2,Educational,https://ekvis.com/,2026-09-12T21:42:32+00:00,
everysecond.io,online,B,74.5,Light advertising,2,2,0,0,0,3,75.7,2,0,Educational,https://everysecond.io/,2026-08-20T08:21:01+00:00,
onceupon.github.io,online,B,74.5,Light advertising,2,2,0,0,0,3,55.5,2,0,Linux,https://onceupon.github.io/Bash-Oneliner/,2026-09-20T17:01:41+00:00,
play2048.co,online,B,74.5,Light advertising,2,2,0,0,0,3,44.0,1,0,Gaming,https://play2048.co/,2026-09-25T18:07:54+00:00,
proxyof2.com,online,B,74.5,Light advertising,2,2,0,0,0,3,69.2,2,0,Adblock,https://proxyof2.com/,2026-09-25T22:52:29+00:00,
readpoopfiction.com,online,B,74.5,Light advertising,2,2,0,0,0,3,38.0,2,0,Reading,https://readpoopfiction.com/,2026-09-23T22:29:49+00:00,
remarkableapp.github.io,online,B,74.5,Light advertising,2,2,0,0,0,3,52.8,1,0,Linux,https://remarkableapp.github.io/,2026-09-25T22:52:29+00:00,
saijogeorge.com,online,B,74.5,Light advertising,2,1,0,0,0,9,83.5,2,0,Misc,https://saijogeorge.com/css-puns/,2026-09-22T06:49:41+00:00,
search.earthdata.nasa.gov,online,B,74.5,Light advertising,5,1,0,0,0,4,25.9,2,0,Misc,https://search.earthdata.nasa.gov/search,2026-09-21T07:14:22+00:00,
segoideas.com,online,B,74.5,Light advertising,2,2,0,0,0,3,41.9,2,0,Non-Eng,https://segoideas.com/,2026-09-23T18:01:31+00:00,
smartlinks.org,online,B,74.5,Light advertising,2,2,0,0,0,3,31.2,2,0,Misc,https://smartlinks.org/index.html,2026-08-21T19:59:43+00:00,
speedcube.app,online,B,74.5,Light advertising,4,1,0,0,0,3,49.8,2,0,Educational,https://speedcube.app/,2026-09-19T12:07:10+00:00,
swimlanes.io,online,B,74.5,Light advertising,2,2,0,0,0,3,34.0,1,0,Storage,https://swimlanes.io/,2026-09-28T07:40:47+00:00,
tikolu.net,online,B,74.5,Light advertising,1,1,2,0,0,1,21.1,2,0,Misc,https://tikolu.net/emojimix,2026-09-21T22:53:03+00:00,
wiki.falcon-bms.com,online,B,74.5,Light advertising,4,1,0,0,0,3,45.1,2,0,Educational Gaming,https://wiki.falcon-bms.com/,2026-09-19T06:40:29+00:00,
www.atlasofwonders.com,online,B,74.5,Light advertising,2,2,0,0,0,3,33.9,1,0,Streaming,https://www.atlasofwonders.com/,2026-09-05T21:44:04+00:00,
www.bbc.com,online,B,74.5,Light advertising,1,1,4,0,0,0,2.1,2,2,Music,https://www.bbc.com/audio,2026-09-18T12:26:05+00:00,
www.campus-fm.com,online,B,74.5,Light advertising,4,1,0,0,0,3,58.7,2,0,Music,https://www.campus-fm.com/,2026-09-22T12:53:35+00:00,
www.dozaanimata.net,online,B,74.5,Light advertising,2,2,0,0,0,3,47.2,2,0,Non-Eng,https://www.dozaanimata.net/,2026-09-23T13:04:02+00:00,
www.fctv33hd.bar,online,B,74.5,Light advertising,4,1,0,0,0,3,94.5,2,0,Streaming,https://www.fctv33hd.bar/,2026-09-10T12:24:16+00:00,
www.flashka.ai,online,B,74.5,Light advertising,5,4,0,0,0,5,7.1,2,0,Educational,https://www.flashka.ai/,2026-09-19T21:48:19+00:00,
www.folkstreams.net,online,B,74.5,Light advertising,3,1,0,0,0,6,47.9,2,0,Educational,https://www.folkstreams.net/,2026-09-18T17:16:20+00:00,
www.gzrecipes.com,online,B,74.5,Light advertising,3,2,0,0,0,1,29.0,2,0,Misc,https://www.gzrecipes.com/en/,2026-09-04T12:16:28+00:00,
www.k2think.ai,online,B,74.5,Light advertising,2,2,0,0,0,3,48.8,2,0,Artificial-Intelligence,https://www.k2think.ai/,2026-08-19T08:13:26+00:00,
www.labxchange.org,online,B,74.5,Light advertising,4,4,1,0,0,2,3.1,2,0,Educational,https://www.labxchange.org/,2026-09-18T17:16:20+00:00,
www.linuxtopia.org,online,B,74.5,Light advertising,2,2,0,0,0,3,77.2,2,0,Linux,https://www.linuxtopia.org/,2026-09-20T17:01:41+00:00,
www.misprint.com,online,B,74.5,Light advertising,5,4,0,0,0,5,7.0,2,0,Misc,https://www.misprint.com/,2026-09-21T14:36:48+00:00,
www.nist.gov,online,B,74.5,Light advertising,4,1,0,0,0,3,58.3,3,0,Educational Misc,https://www.nist.gov/nice/apprenticeship-finder,2026-09-18T12:26:05+00:00,
www.shanaproject.com,online,B,74.5,Light advertising,2,2,0,0,0,3,31.6,2,0,Streaming,https://www.shanaproject.com/,2026-09-24T22:46:15+00:00,
www.tokureo.maori.nz,online,B,74.5,Light advertising,2,2,0,0,0,3,38.5,2,0,Educational,https://www.tokureo.maori.nz/,2026-09-19T12:07:10+00:00,
you.regettingold.com,online,B,74.5,Light advertising,2,2,0,0,0,3,58.7,2,0,Misc,https://you.regettingold.com/,2026-08-22T14:01:27+00:00,
youtune.elan.place,online,B,74.5,Light advertising,4,3,0,0,0,1,20.0,2,0,Misc,https://youtune.elan.place/,2026-09-21T22:53:03+00:00,
brackeys.com,online,B,74.7,Light advertising,4,3,0,0,0,2,18.7,2,2,Educational,https://brackeys.com/,2026-09-12T21:42:32+00:00,
docs.python-guide.org,online,B,74.7,Light advertising,2,2,0,0,0,3,29.7,2,0,Educational,https://docs.python-guide.org/,2026-09-19T16:51:07+00:00,
softkomik.com,online,B,74.7,Light advertising,3,2,0,0,0,1,28.7,2,0,Non-Eng,https://softkomik.com/,2026-09-23T06:43:24+00:00,
global.jaxa.jp,online,B,74.8,Light advertising,7,2,0,0,0,3,14.3,2,0,Educational,https://global.jaxa.jp/,2026-09-26T12:31:41+00:00,
suno.com,online,B,74.8,Light advertising,6,4,0,0,0,5,3.4,2,2,Artificial-Intelligence,https://suno.com/,2026-09-12T21:42:32+00:00,
tseret.com,online,B,74.8,Light advertising,6,4,0,0,0,2,6.5,2,0,Non-Eng,https://tseret.com/,2026-09-22T22:28:30+00:00,
www.strava.com,online,B,74.8,Light advertising,7,2,0,0,0,3,14.3,1,0,Misc,https://www.strava.com/,2026-09-25T22:52:29+00:00,
outrider.org,online,B,74.9,Light advertising,6,4,0,0,0,5,3.2,1,0,Misc,https://outrider.org/nuclear-weapons/interactive/bomb-blast,2026-09-25T22:52:29+00:00,
app.monerica.com,online,B,75.0,Light advertising,0,0,5,0,0,0,0.0,2,0,Misc,https://app.monerica.com/filter?Statuses=Verified,2026-09-21T14:36:48+00:00,
camstreamer.com,online,B,75.0,Light advertising,6,2,1,0,0,4,6.1,2,0,Misc,https://camstreamer.com/live,2026-09-21T22:53:03+00:00,
coursehunter.net,online,B,75.0,Light advertising,2,2,0,0,0,2,98.7,2,0,Non-Eng,https://coursehunter.net/,2026-09-23T13:04:02+00:00,
duafile.net,online,B,75.0,Light advertising,2,2,0,0,0,2,47.4,1,0,Streaming,https://duafile.net/,2026-09-28T16:00:57+00:00,
futbollibre.gg,online,B,75.0,Light advertising,1,1,3,0,0,2,8.9,2,0,Non-Eng,https://futbollibre.gg/,2026-09-23T13:04:02+00:00,
gptsubtitler.com,online,B,75.0,Light advertising,2,2,0,0,0,2,99.0,1,0,Streaming,https://gptsubtitler.com/,2026-08-29T08:22:00+00:00,
hetushu.com,online,B,75.0,Light advertising,1,1,1,0,0,1,95.1,2,0,Non-Eng,https://hetushu.com/,2026-09-22T22:28:30+00:00,
lobechat.com,online,B,75.0,Light advertising,2,2,0,0,0,2,49.7,2,0,Artificial-Intelligence,https://lobechat.com/chat,2026-09-18T12:26:05+00:00,
movietomovie.com,online,B,75.0,Light advertising,2,2,0,0,0,2,53.2,1,0,Gaming,https://movietomovie.com/,2026-09-25T22:52:29+00:00,
omnitools.app,online,B,75.0,Light advertising,1,1,0,0,0,11,41.0,2,0,Misc,https://omnitools.app/,2026-09-21T14:36:48+00:00,
pltext.com,online,B,75.0,Light advertising,2,2,0,0,0,2,83.2,2,0,Educational,https://pltext.com/,2026-09-19T21:48:19+00:00,
resources.data.gov,online,B,75.0,Light advertising,4,1,0,0,0,2,53.0,2,0,Misc,https://resources.data.gov/,2026-09-21T14:36:48+00:00,
spotthestation.nasa.gov,online,B,75.0,Light advertising,7,3,0,0,0,4,6.9,1,0,Educational,https://spotthestation.nasa.gov/,2026-08-26T08:26:47+00:00,
vimm.net,online,B,75.0,Light advertising,1,1,1,0,0,1,77.4,2,2,Gaming,https://vimm.net/,2026-09-12T21:42:32+00:00,
web.dev,online,B,75.0,Light advertising,4,1,0,0,0,2,35.6,1,0,Educational,https://web.dev/learn,2026-09-25T18:07:54+00:00,
www.annualreports.com,online,B,75.0,Light advertising,3,1,0,0,0,5,51.4,2,0,Misc,https://www.annualreports.com/,2026-09-21T07:14:22+00:00,
www.encodedna.com,online,B,75.0,Light advertising,2,2,0,0,0,2,89.6,1,0,Educational,https://www.encodedna.com/,2026-09-25T18:07:54+00:00,
www.lbl.fm,online,B,75.0,Light advertising,3,3,0,0,0,2,21.1,2,0,Music,https://www.lbl.fm/,2026-09-22T12:53:35+00:00,
www.mybib.com,online,B,75.0,Light advertising,2,1,0,0,0,8,86.8,2,0,Educational,https://www.mybib.com/,2026-09-19T21:48:19+00:00,
www.openscope.io,online,B,75.0,Light advertising,3,1,0,0,0,5,42.4,2,0,Misc,https://www.openscope.io/,2026-09-21T22:53:03+00:00,
www.radiovatani.com,online,B,75.0,Light advertising,1,1,1,0,0,1,44.4,2,0,Non-Eng,https://www.radiovatani.com/,2026-09-23T06:43:24+00:00,
www.revisely.com,online,B,75.0,Light advertising,2,2,0,0,0,2,61.4,2,0,Educational,https://www.revisely.com/,2026-09-19T21:48:19+00:00,
www.sickw.com,online,B,75.0,Light advertising,2,2,0,0,0,2,31.4,1,0,Mobile,https://www.sickw.com/,2026-09-26T12:31:41+00:00,
www.wordreference.com,online,B,75.0,Light advertising,2,2,0,0,0,2,94.8,2,0,Educational,https://www.wordreference.com/,2026-09-19T12:07:10+00:00,
www.worseonpurpose.com,online,B,75.0,Light advertising,4,1,0,0,0,2,35.0,2,0,Misc,https://www.worseonpurpose.com/,2026-09-02T12:18:10+00:00,
www.zoomquilt.org,online,B,75.0,Light advertising,8,2,1,0,0,0,4.1,2,0,Misc,https://www.zoomquilt.org/,2026-09-21T22:53:03+00:00,
consensus.app,online,B,75.1,Light advertising,3,2,0,0,0,6,22.8,2,0,Reading,https://consensus.app/,2026-09-24T06:47:05+00:00,
wokwi.com,online,B,75.1,Light advertising,3,2,0,0,0,2,26.8,2,0,Educational,https://wokwi.com/,2026-09-19T06:40:29+00:00,
gta-geoguesser.com,online,B,75.2,Light advertising,8,3,0,0,0,1,6.7,2,0,Gaming,https://gta-geoguesser.com/,2026-09-20T17:01:41+00:00,
sofaflix.shop,online,B,75.2,Light advertising,1,1,0,0,3,6,4.5,2,0,Non-Eng,https://sofaflix.shop/,2026-08-30T13:18:17+00:00,
tunity.com,online,B,75.2,Light advertising,3,2,0,0,0,4,24.7,4,0,Mobile,https://tunity.com/,2026-09-18T06:42:10+00:00,
tutorial.math.lamar.edu,online,B,75.2,Light advertising,3,3,0,0,0,2,20.5,2,2,Educational,https://tutorial.math.lamar.edu/,2026-09-12T21:42:32+00:00,
voice-models.com,online,B,75.2,Light advertising,2,2,0,0,0,5,26.5,2,0,Artificial-Intelligence,https://voice-models.com/,2026-09-18T17:16:20+00:00,
wordwall.net,online,B,75.2,Light advertising,7,4,0,0,0,3,1.5,2,0,Educational,https://wordwall.net/,2026-09-19T21:48:19+00:00,
www.battleorder.org,online,B,75.2,Light advertising,8,4,0,0,0,1,0.5,2,0,Educational,https://www.battleorder.org/,2026-09-15T12:53:55+00:00,
www.grupa-mirai.pl,online,B,75.2,Light advertising,6,3,0,0,0,6,7.7,6,6,Non-Eng,https://www.grupa-mirai.pl/,2026-09-12T16:31:29+00:00,
www.ncei.noaa.gov,online,B,75.2,Light advertising,4,1,0,0,0,2,29.7,2,0,Misc,https://www.ncei.noaa.gov/maps-and-geospatial-products,2026-09-20T21:52:34+00:00,
godamh.com,online,B,75.3,Light advertising,4,1,1,0,0,3,18.3,2,0,Non-Eng,https://godamh.com/,2026-09-18T06:42:10+00:00,
home.eapy.io,online,B,75.3,Light advertising,5,4,0,0,0,8,2.3,2,0,Artificial-Intelligence,https://home.eapy.io/,2026-09-18T17:16:20+00:00,
howmanyplants.com,online,B,75.3,Light advertising,7,3,0,0,0,3,7.3,2,0,Misc,https://howmanyplants.com/,2026-09-20T21:52:34+00:00,
maniacsvault.net,online,B,75.3,Light advertising,4,3,0,0,0,1,18.3,2,0,Gaming,https://maniacsvault.net/ecwolf/,2026-09-19T21:48:19+00:00,
namasteserials.com,online,B,75.3,Light advertising,9,3,0,0,0,2,2.4,2,0,Non-Eng,https://namasteserials.com/,2026-09-23T13:04:02+00:00,
uncensored.ai,online,B,75.3,Light advertising,7,4,0,0,0,0,4.3,2,0,Adblock Misc,https://uncensored.ai/flocksurveillance,2026-09-18T06:42:10+00:00,
www.360cities.net,online,B,75.3,Light advertising,5,4,0,0,0,6,4.3,2,0,Educational,https://www.360cities.net/,2026-09-18T17:16:20+00:00,
en.uptodown.com,online,B,75.4,Light advertising,2,2,2,0,0,2,9.2,2,2,Mobile,https://en.uptodown.com/android,2026-09-13T06:49:25+00:00,
www.nativshark.com,online,B,75.4,Light advertising,6,4,0,0,0,5,2.2,1,0,Storage,https://www.nativshark.com/,2026-09-28T07:40:47+00:00,
911realtime.org,online,B,75.5,Light advertising,2,2,0,0,0,1,91.1,2,0,Educational,https://911realtime.org/,2026-09-19T06:40:29+00:00,
akaunting.com,online,B,75.5,Light advertising,4,3,0,0,0,10,9.0,1,0,Misc,https://akaunting.com/,2026-09-26T12:31:41+00:00,
andkon.com,online,B,75.5,Light advertising,2,2,0,0,0,1,36.9,2,0,Gaming,https://andkon.com/arcade/,2026-09-20T12:42:06+00:00,
armypubs.army.mil,online,B,75.5,Light advertising,3,1,0,0,0,4,45.9,1,0,Reading,https://armypubs.army.mil/,2026-09-27T17:58:51+00:00,
babadum.com,online,B,75.5,Light advertising,2,2,0,0,0,3,28.0,1,0,Educational,https://babadum.com/,2026-09-25T13:02:00+00:00,
bikesharingworldmap.com,online,B,75.5,Light advertising,2,2,0,0,0,1,59.4,2,0,Misc,https://bikesharingworldmap.com/,2026-09-20T21:52:34+00:00,
bookspointer.com,online,B,75.5,Light advertising,2,2,0,0,0,1,37.2,2,0,Non-Eng,https://bookspointer.com/,2026-09-22T17:49:43+00:00,
citizen.com,online,B,75.5,Light advertising,2,2,0,0,0,1,51.5,2,0,Misc,https://citizen.com/explore,2026-08-22T02:44:23+00:00,
cleanbrowsing.org,online,B,75.5,Light advertising,2,2,0,0,0,1,40.3,2,0,Misc,https://cleanbrowsing.org/filters/,2026-09-21T07:14:22+00:00,
codepip.com,online,B,75.5,Light advertising,2,2,0,0,0,1,38.7,2,0,Educational,https://codepip.com/games/,2026-09-19T16:51:07+00:00,
datasheet4u.com,online,B,75.5,Light advertising,6,3,1,0,0,2,0.9,2,0,Educational,https://datasheet4u.com/,2026-09-19T06:40:29+00:00,
djpunjab.is,online,B,75.5,Light advertising,2,2,0,0,0,1,52.4,2,0,Non-Eng,https://djpunjab.is/,2026-09-23T06:43:24+00:00,
fakeyou.com,online,B,75.5,Light advertising,2,2,0,0,0,1,36.7,2,0,Artificial-Intelligence,https://fakeyou.com/,2026-09-18T17:16:20+00:00,
filmozavr.com,online,B,75.5,Light advertising,5,2,0,0,0,4,18.1,2,0,Non-Eng,https://filmozavr.com/,2026-09-23T13:04:02+00:00,
foodstruct.com,online,B,75.5,Light advertising,2,2,0,0,0,1,96.8,2,0,Misc,https://foodstruct.com/,2026-09-21T07:14:22+00:00,
forum.falcon-bms.com,online,B,75.5,Light advertising,3,1,0,0,0,4,60.8,2,0,Educational Gaming,https://forum.falcon-bms.com/,2026-09-19T06:40:29+00:00,
free-proxy-list.net,online,B,75.5,Light advertising,2,2,0,0,0,1,49.0,3,0,Storage,https://free-proxy-list.net/en/#list,2026-09-18T12:26:05+00:00,
gam.onl,online,B,75.5,Light advertising,2,2,0,0,0,1,48.7,2,2,Gaming,https://gam.onl/,2026-09-12T21:42:32+00:00,
gamesnostalgia.com,online,B,75.5,Light advertising,2,2,0,0,0,1,30.2,2,0,Gaming,https://gamesnostalgia.com/,2026-08-20T20:04:41+00:00,
graph.hangout.audio,online,B,75.5,Light advertising,2,2,0,0,0,1,47.9,1,0,Misc,https://graph.hangout.audio/,2026-09-26T12:31:41+00:00,
hellogithub.com,online,B,75.5,Light advertising,2,2,0,0,0,1,55.5,2,0,Non-Eng,https://hellogithub.com/,2026-09-22T17:49:43+00:00,
hoofoot.com,online,B,75.5,Light advertising,2,2,0,0,0,1,34.1,2,0,Streaming,https://hoofoot.com/,2026-08-25T14:31:22+00:00,
imsdb.com,online,B,75.5,Light advertising,2,2,0,0,0,1,48.8,1,0,Streaming,https://imsdb.com/,2026-08-29T08:22:00+00:00,
iptv807.com,online,B,75.5,Light advertising,2,2,0,0,0,1,94.7,2,0,Non-Eng,https://iptv807.com/,2026-09-22T22:28:30+00:00,
joingroop.com,online,B,75.5,Light advertising,2,2,0,0,0,1,35.2,1,1,Misc,https://joingroop.com/,2026-09-17T17:47:40+00:00,
kisskh.club,online,B,75.5,Light advertising,2,2,0,0,0,1,34.7,1,0,Streaming,https://kisskh.club/,2026-09-12T11:45:01+00:00,
krasfs.ru,online,B,75.5,Light advertising,2,2,0,0,0,1,65.0,2,0,Non-Eng,https://krasfs.ru/,2026-09-23T13:04:02+00:00,
langeek.co,online,B,75.5,Light advertising,2,1,0,0,0,7,29.9,2,0,Educational,https://langeek.co/,2026-09-19T16:51:07+00:00,
llm-explorer.com,online,B,75.5,Light advertising,2,2,0,0,0,1,59.2,2,2,Artificial-Intelligence,https://llm-explorer.com/,2026-09-12T21:42:32+00:00,
meditofoundation.org,online,B,75.5,Light advertising,2,2,0,0,0,1,45.0,4,4,Mobile,https://meditofoundation.org/medito-app,2026-09-12T16:31:29+00:00,
mousectrl.com,online,B,75.5,Light advertising,2,2,0,0,0,1,45.7,2,2,Misc,https://mousectrl.com/,2026-09-13T06:49:25+00:00,
netboot.xyz,online,B,75.5,Light advertising,2,2,0,0,0,1,69.9,2,0,Linux,https://netboot.xyz/,2026-09-20T17:01:41+00:00,
pixactly.app,online,B,75.5,Light advertising,2,2,0,0,0,1,81.9,2,0,Educational,https://pixactly.app/,2026-09-09T12:30:35+00:00,
playsheet.app,online,B,75.5,Light advertising,2,2,0,0,0,1,47.0,1,0,Educational,https://playsheet.app/,2026-09-25T13:02:00+00:00,
portableapps.com,online,B,75.5,Light advertising,2,2,0,0,0,1,36.8,2,0,Downloading,https://portableapps.com/,2026-09-18T17:16:20+00:00,
puffer.stanford.edu,online,B,75.5,Light advertising,2,2,0,0,0,1,34.0,2,0,Streaming,https://puffer.stanford.edu/,2026-09-24T18:01:53+00:00,
resanance.com,online,B,75.5,Light advertising,2,2,0,0,0,1,52.8,1,0,Music,https://resanance.com/,2026-09-27T07:08:34+00:00,
scamalytics.com,online,B,75.5,Light advertising,2,2,0,0,0,1,99.0,2,0,Adblock,https://scamalytics.com/,2026-08-29T17:26:18+00:00,
smspinverify.com,online,B,75.5,Light advertising,3,3,0,0,0,0,22.0,1,0,Storage,https://smspinverify.com/,2026-09-28T07:40:47+00:00,
songslikex.com,online,B,75.5,Light advertising,2,2,0,0,0,1,91.5,1,0,Music,https://songslikex.com/,2026-09-27T07:08:34+00:00,
ssd-tester.com,online,B,75.5,Light advertising,2,2,0,0,0,1,68.0,1,0,Misc,https://ssd-tester.com/,2026-09-26T12:31:41+00:00,
start.jhipster.tech,online,B,75.5,Light advertising,2,2,0,0,0,1,97.3,1,0,Storage,https://start.jhipster.tech/jdl-studio/,2026-09-27T17:58:51+00:00,
sw.kovidgoyal.net,online,B,75.5,Light advertising,2,2,0,0,0,1,73.0,1,1,Linux,https://sw.kovidgoyal.net/kitty/overview/,2026-09-13T21:45:32+00:00,
theonegenerator.com,online,B,75.5,Light advertising,2,2,0,0,0,1,34.3,1,0,Misc,https://theonegenerator.com/,2026-09-26T12:31:41+00:00,
tiii.me,online,B,75.5,Light advertising,2,2,0,0,0,1,48.9,1,1,Streaming,https://tiii.me/,2026-09-17T22:29:32+00:00,
ufdc.ufl.edu,online,B,75.5,Light advertising,3,1,0,0,0,4,35.4,1,0,Reading,https://ufdc.ufl.edu/juv,2026-09-27T17:58:51+00:00,
usaco.guide,online,B,75.5,Light advertising,2,2,0,0,0,1,33.7,2,0,Educational,https://usaco.guide/,2026-09-19T16:51:07+00:00,
wikiroutes.info,online,B,75.5,Light advertising,2,2,0,0,0,1,100.0,2,0,Misc,https://wikiroutes.info/,2026-09-20T21:52:34+00:00,
world-newspapers.com,online,B,75.5,Light advertising,2,2,0,0,0,1,32.8,2,0,Reading,https://world-newspapers.com/,2026-09-23T22:29:49+00:00,
wtr-lab.com,online,B,75.5,Light advertising,2,2,0,0,0,1,78.8,2,0,Reading,https://wtr-lab.com/,2026-09-23T22:29:49+00:00,
www.aa9pw.com,online,B,75.5,Light advertising,2,2,0,0,0,1,60.3,1,0,Educational,https://www.aa9pw.com/,2026-09-25T13:02:00+00:00,
www.allthebestfights.com,online,B,75.5,Light advertising,2,2,0,0,0,1,65.1,2,0,Streaming,https://www.allthebestfights.com/,2026-09-24T22:46:15+00:00,
www.ashmolean.org,online,B,75.5,Light advertising,6,2,0,0,0,7,12.0,1,0,Storage,https://www.ashmolean.org/collections-online,2026-09-28T07:40:47+00:00,
www.audiosciencereview.com,online,B,75.5,Light advertising,2,2,0,0,0,1,67.4,2,0,Misc,https://www.audiosciencereview.com/forum/index.php,2026-09-21T14:36:48+00:00,
www.cd3wdproject.org,online,B,75.5,Light advertising,2,2,0,0,0,1,86.6,2,0,Educational,https://www.cd3wdproject.org/,2026-09-28T16:00:57+00:00,
www.epsteinexposed.com,online,B,75.5,Light advertising,2,2,0,0,0,1,35.8,2,2,Reading,https://www.epsteinexposed.com/,2026-09-13T12:54:24+00:00,
www.everyculture.com,online,B,75.5,Light advertising,2,2,0,0,0,1,51.0,2,0,Reading,https://www.everyculture.com/index.html,2026-09-23T22:29:49+00:00,
www.feynmanlectures.caltech.edu,online,B,75.5,Light advertising,3,1,0,0,0,4,63.5,2,2,Educational,https://www.feynmanlectures.caltech.edu/,2026-09-12T21:42:32+00:00,
www.gamesforthebrain.com,online,B,75.5,Light advertising,2,2,0,0,0,1,88.3,2,0,Gaming,https://www.gamesforthebrain.com/,2026-09-20T07:03:23+00:00,
www.grc.com,online,B,75.5,Light advertising,2,2,0,0,0,1,46.9,2,0,Downloading,https://www.grc.com/freepopular.htm,2026-09-18T17:16:20+00:00,
www.justfreebooks.info,online,B,75.5,Light advertising,2,2,0,0,0,1,73.2,2,0,Reading,https://www.justfreebooks.info/,2026-09-23T18:01:31+00:00,
www.listlang.com,online,B,75.5,Light advertising,2,2,0,0,0,1,63.1,2,0,Educational,https://www.listlang.com/,2026-09-19T12:07:10+00:00,
www.moonphaseradio.com,online,B,75.5,Light advertising,5,2,0,0,0,8,14.1,2,0,Music,https://www.moonphaseradio.com/,2026-09-22T12:53:35+00:00,
www.musicca.com,online,B,75.5,Light advertising,2,2,0,0,0,1,47.8,1,0,Educational,https://www.musicca.com/,2026-09-25T13:02:00+00:00,
www.nationsencyclopedia.com,online,B,75.5,Light advertising,2,2,0,0,0,1,50.4,2,0,Educational,https://www.nationsencyclopedia.com/,2026-08-20T08:21:01+00:00,
www.newworldencyclopedia.org,online,B,75.5,Light advertising,2,2,0,0,0,1,97.2,2,0,Educational,https://www.newworldencyclopedia.org/,2026-09-19T21:48:19+00:00,
www.nutritionix.com,online,B,75.5,Light advertising,2,2,0,0,0,1,44.5,1,0,Misc,https://www.nutritionix.com/,2026-09-25T22:52:29+00:00,
www.okydoky.app,online,B,75.5,Light advertising,2,2,0,0,0,1,49.8,1,0,Educational,https://www.okydoky.app/,2026-09-25T13:02:00+00:00,
www.philosophybasics.com,online,B,75.5,Light advertising,2,2,0,0,0,1,68.2,1,0,Educational,https://www.philosophybasics.com/,2026-09-25T13:02:00+00:00,
www.plantuml.com,online,B,75.5,Light advertising,2,2,0,0,0,1,95.0,1,0,Storage,https://www.plantuml.com/,2026-09-28T07:40:47+00:00,
www.proxydocker.com,online,B,75.5,Light advertising,2,2,0,0,0,1,41.6,1,0,Storage,https://www.proxydocker.com/en/proxylist/,2026-09-28T07:40:47+00:00,
www.speedsolving.com,online,B,75.5,Light advertising,2,2,0,0,0,1,31.5,3,0,Educational,https://www.speedsolving.com/,2026-09-18T06:42:10+00:00,
www.teoria.com,online,B,75.5,Light advertising,2,2,0,0,0,1,49.1,1,1,Educational,https://www.teoria.com/index.php,2026-09-13T17:06:33+00:00,
www.tiger-algebra.com,online,B,75.5,Light advertising,2,2,0,0,0,1,54.2,1,0,Educational,https://www.tiger-algebra.com/,2026-09-25T18:07:54+00:00,
fitmencook.com,online,B,75.6,Light advertising,4,2,0,0,0,2,22.8,2,0,Misc,https://fitmencook.com/,2026-09-20T21:52:34+00:00,
nationalzoo.si.edu,online,B,75.7,Light advertising,5,3,0,0,0,8,7.7,1,1,Misc,https://nationalzoo.si.edu/webcams,2026-09-17T17:47:40+00:00,
safe2choose.org,online,B,75.7,Light advertising,3,2,0,0,0,8,19.7,1,1,Misc,https://safe2choose.org/,2026-09-13T21:45:32+00:00,
sheetmusicscanner.com,online,B,75.7,Light advertising,3,2,0,0,0,6,21.6,2,0,Music,https://sheetmusicscanner.com/,2026-09-22T17:49:43+00:00,
www.givewell.org,online,B,75.7,Light advertising,3,2,0,0,0,1,26.7,2,2,Misc,https://www.givewell.org/,2026-09-13T06:49:25+00:00,
www.retinalatina.org,online,B,75.7,Light advertising,4,2,0,0,0,6,18.6,2,0,Non-Eng,https://www.retinalatina.org/,2026-09-23T13:04:02+00:00,
www.thechairmansbao.com,online,B,75.7,Light advertising,4,3,0,0,0,9,9.6,2,0,Educational,https://www.thechairmansbao.com/,2026-09-19T16:51:07+00:00,
www.top10vpn.com,online,B,75.7,Light advertising,7,4,0,0,0,2,1.6,1,0,Adblock,https://www.top10vpn.com/tools/do-i-leak/,2026-09-25T06:39:48+00:00,
ddgroupclub.win,online,B,75.8,Light advertising,2,1,1,1,0,10,6.3,2,0,Non-Eng,http://ddgroupclub.win/,2026-09-23T13:04:02+00:00,
iogames.space,online,B,75.8,Light advertising,7,3,0,0,0,2,7.3,2,0,Gaming,https://iogames.space/,2026-09-20T12:42:06+00:00,
openrouter.ai,online,B,75.8,Light advertising,3,2,1,0,0,1,16.4,2,0,Artificial-Intelligence,https://openrouter.ai/rankings,2026-09-18T17:16:20+00:00,
premiumproxy.net,online,B,75.8,Light advertising,6,5,0,0,0,0,0.5,1,0,Storage,https://premiumproxy.net/,2026-09-12T11:45:01+00:00,
www.4shared.com,online,B,75.8,Light advertising,2,2,0,0,0,3,27.4,2,2,Downloading,https://www.4shared.com/,2026-09-12T21:42:32+00:00,
www.smartrecovery.org,online,B,75.8,Light advertising,5,4,0,0,0,1,8.5,1,0,Misc,https://www.smartrecovery.org/,2026-09-26T12:31:41+00:00,
cameradecision.com,online,B,75.9,Light advertising,3,3,0,0,0,3,18.2,2,0,Misc,https://cameradecision.com/,2026-09-21T14:36:48+00:00,
www.presidency.ucsb.edu,online,B,75.9,Light advertising,4,3,0,0,0,3,15.2,2,0,Reading,https://www.presidency.ucsb.edu/,2026-09-24T06:47:05+00:00,
67movies.st,online,B,76.0,Light advertising,12,2,0,0,0,0,0.0,2,2,Streaming,https://67movies.st/,2026-09-04T12:16:28+00:00,
brainscale.net,online,B,76.0,Light advertising,2,2,0,0,0,1,28.9,1,0,Educational,https://brainscale.net/,2026-09-25T06:39:48+00:00,
data.gov,online,B,76.0,Light advertising,4,1,0,0,0,0,31.6,1,1,Educational,https://data.gov/,2026-09-13T17:06:33+00:00,
databrokerswatch.org,online,B,76.0,Light advertising,2,2,0,0,0,0,33.4,1,0,Adblock,https://databrokerswatch.org/,2026-09-25T06:39:48+00:00,
drawing.garden,online,B,76.0,Light advertising,3,1,0,0,0,3,37.7,2,0,Misc,https://drawing.garden/,2026-09-21T22:53:03+00:00,
gamingcouch.com,online,B,76.0,Light advertising,8,3,0,0,0,0,5.9,2,0,Gaming,https://gamingcouch.com/,2026-09-20T12:42:06+00:00,
glyphs.fyi,online,B,76.0,Light advertising,2,1,0,0,0,6,88.4,1,0,Storage,https://glyphs.fyi/,2026-08-29T08:22:00+00:00,
gregcameron.com,online,B,76.0,Light advertising,3,1,0,0,0,3,95.6,2,0,Gaming,https://gregcameron.com/infinite-wordle/,2026-09-20T07:03:23+00:00,
hikoca.co.uk,online,B,76.0,Light advertising,3,1,0,0,0,3,51.0,2,0,Non-Eng,https://hikoca.co.uk/,2026-08-24T02:54:08+00:00,
java-design-patterns.com,online,B,76.0,Light advertising,3,1,0,0,0,3,50.3,1,0,Educational,https://java-design-patterns.com/,2026-09-25T18:07:54+00:00,
listdle.com,online,B,76.0,Light advertising,2,2,1,0,0,1,18.9,1,0,Gaming,https://listdle.com/,2026-09-25T18:07:54+00:00,
openvpn.net,online,B,76.0,Light advertising,4,1,0,0,0,0,59.3,2,0,Adblock,https://openvpn.net/,2026-09-18T12:26:05+00:00,
persiamovbox.com,online,B,76.0,Light advertising,3,1,0,0,0,3,51.9,2,0,Non-Eng,https://persiamovbox.com/,2026-09-09T12:30:35+00:00,
sensor.fyi,online,B,76.0,Light advertising,6,4,0,0,0,1,5.0,1,0,Misc,https://sensor.fyi/info/,2026-09-26T12:31:41+00:00,
stellarium-web.org,online,B,76.0,Light advertising,5,4,0,0,0,1,8.1,2,0,Educational,https://stellarium-web.org/,2026-09-19T06:40:29+00:00,
tagcloud.rainosullivan.com,online,B,76.0,Light advertising,3,1,0,0,0,3,83.7,2,0,Music,https://tagcloud.rainosullivan.com/,2026-09-22T17:49:43+00:00,
thenounproject.com,online,B,76.0,Light advertising,3,2,0,0,0,1,25.9,2,2,Storage,https://thenounproject.com/,2026-09-13T12:54:24+00:00,
vidhyagen.com,online,B,76.0,Light advertising,1,1,0,0,0,9,71.3,2,0,Misc,https://vidhyagen.com/,2026-09-26T12:31:41+00:00,
www.123helpme.com,online,B,76.0,Light advertising,2,1,0,0,0,6,38.2,1,0,Educational,https://www.123helpme.com/,2026-09-25T18:07:54+00:00,
www.ammfitness.co.uk,online,B,76.0,Light advertising,2,2,0,0,0,0,31.6,2,0,Misc,https://www.ammfitness.co.uk/,2026-09-21T07:14:22+00:00,
www.centrepompidou.fr,online,B,76.0,Light advertising,2,1,0,0,0,6,30.7,1,0,Storage,https://www.centrepompidou.fr/en/collection,2026-09-28T07:40:47+00:00,
www.comfy.org,online,B,76.0,Light advertising,6,4,0,0,0,5,1.0,2,2,Artificial-Intelligence,https://www.comfy.org/,2026-09-12T21:42:32+00:00,
www.cookwell.com,online,B,76.0,Light advertising,3,2,0,0,0,1,26.1,2,0,Misc,https://www.cookwell.com/,2026-09-20T21:52:34+00:00,
www.frontendinterviewhandbook.com,online,B,76.0,Light advertising,3,1,0,0,0,3,52.0,1,1,Misc,https://www.frontendinterviewhandbook.com/,2026-09-13T21:45:32+00:00,
www.gizmoplex.com,online,B,76.0,Light advertising,5,1,0,0,0,10,17.1,2,2,Streaming,https://www.gizmoplex.com/mst3k,2026-09-13T12:54:24+00:00,
www.organic-chemistry.org,online,B,76.0,Light advertising,3,1,0,0,0,3,78.6,2,0,Educational,https://www.organic-chemistry.org,2026-09-26T12:31:41+00:00,
www.superpsx.com,online,B,76.0,Light advertising,5,2,0,0,0,3,18.0,2,0,Gaming,https://www.superpsx.com/,2026-09-06T06:32:48+00:00,
www.techinterviewhandbook.org,online,B,76.0,Light advertising,3,1,0,0,0,3,77.9,2,2,Misc,https://www.techinterviewhandbook.org/software-engineering-interview-guide/,2026-09-13T06:49:25+00:00,
www.w3schools.com,online,B,76.0,Light advertising,3,2,0,0,0,2,25.0,1,0,Educational,https://www.w3schools.com/,2026-09-25T13:02:00+00:00,
dribbble.com,online,B,76.1,Light advertising,5,4,0,0,0,1,7.8,2,0,Misc,https://dribbble.com/,2026-09-21T14:36:48+00:00,
viewer.gigamacro.com,online,B,76.1,Light advertising,2,2,0,0,0,6,23.8,2,0,Misc,https://viewer.gigamacro.com/,2026-09-21T22:53:03+00:00,
www.gameloop.com,online,B,76.1,Light advertising,2,2,0,0,0,3,26.8,2,0,Mobile,https://www.gameloop.com/,2026-09-22T06:49:41+00:00,
agent.minimax.io,online,B,76.2,Light advertising,6,4,0,0,0,5,0.6,2,0,Artificial-Intelligence,https://agent.minimax.io/,2026-09-18T12:26:05+00:00,
comicbookmovie.com,online,B,76.2,Light advertising,3,3,0,0,0,1,19.5,2,0,Misc,https://comicbookmovie.com/,2026-09-21T07:14:22+00:00,
kinoukr.tv,online,B,76.2,Light advertising,2,1,1,0,0,3,22.6,2,0,Non-Eng,http://kinoukr.tv/,2026-09-10T12:24:16+00:00,
paint.wtf,online,B,76.2,Light advertising,1,1,1,0,0,1,27.6,2,0,Misc,https://paint.wtf/,2026-09-21T22:53:03+00:00,
play.pocketcasts.com,online,B,76.2,Light advertising,7,2,0,0,0,4,10.5,2,2,Music,https://play.pocketcasts.com/discover,2026-09-13T06:49:25+00:00,
www.fallenlondon.com,online,B,76.2,Light advertising,7,2,0,0,0,4,10.5,2,0,Gaming,https://www.fallenlondon.com/,2026-09-20T12:42:06+00:00,
sofaflix.biz,online,B,76.3,Light advertising,1,1,0,0,3,6,2.4,2,0,Non-Eng,https://sofaflix.biz/,2026-08-24T14:28:18+00:00,
teach-in.ru,online,B,76.3,Light advertising,10,2,0,0,0,2,3.3,2,0,Non-Eng,https://teach-in.ru/,2026-09-23T13:04:02+00:00,
torrent-empire.me,online,B,76.3,Light advertising,3,1,0,0,0,6,26.4,2,0,Non-Eng,https://torrent-empire.me/,2026-09-22T22:28:30+00:00,
trpc.io,online,B,76.3,Light advertising,4,2,0,0,0,12,11.3,2,0,Storage,https://trpc.io/,2026-09-24T18:01:53+00:00,
www.daemonanime.net,online,B,76.3,Light advertising,6,3,0,0,0,2,9.4,2,0,Non-Eng,https://www.daemonanime.net/,2026-09-23T13:04:02+00:00,
35mm.online,online,B,76.4,Light advertising,4,3,0,0,0,14,3.2,4,0,Non-Eng Streaming,https://35mm.online/,2026-09-18T06:42:10+00:00,
output.com,online,B,76.4,Light advertising,4,1,0,0,0,5,24.2,2,0,Artificial-Intelligence,https://output.com/products/pack-generator,2026-09-18T17:16:20+00:00,
pluto.tv,online,B,76.4,Light advertising,7,4,0,0,0,0,2.2,7,3,Non-Eng Streaming,https://pluto.tv/,2026-09-12T16:31:29+00:00,
www.programmes-radio.com,online,B,76.4,Light advertising,8,2,0,0,0,0,11.2,2,0,Non-Eng,https://www.programmes-radio.com/fr/,2026-09-22T22:28:30+00:00,
www.springer.com,online,B,76.4,Light advertising,4,2,0,0,0,2,21.2,2,0,Reading,https://www.springer.com/,2026-09-24T06:47:05+00:00,
activitywatch.net,online,B,76.5,Light advertising,3,1,0,0,0,2,55.0,2,0,Misc,https://activitywatch.net/,2026-09-21T14:36:48+00:00,
algorithm-visualizer.org,online,B,76.5,Light advertising,3,1,0,0,0,2,46.3,2,0,Educational,https://algorithm-visualizer.org/,2026-09-19T16:51:07+00:00,
appstoretracker.com,online,B,76.5,Light advertising,2,1,0,0,0,5,57.3,2,0,Mobile,https://appstoretracker.com/,2026-09-22T06:49:41+00:00,
bsehovac.github.io,online,B,76.5,Light advertising,3,1,0,0,0,2,59.1,2,0,Gaming,https://bsehovac.github.io/the-cube/,2026-09-20T07:03:23+00:00,
deaffestonlinecinema.eventive.org,online,B,76.5,Light advertising,6,4,0,0,0,3,1.9,2,0,Educational Streaming,https://deaffestonlinecinema.eventive.org/,2026-09-19T16:51:07+00:00,
deaftec.org,online,B,76.5,Light advertising,4,3,0,0,0,1,16.0,2,0,Educational,https://deaftec.org/stem-dictionary/,2026-09-19T16:51:07+00:00,
eric.ed.gov,online,B,76.5,Light advertising,3,1,0,0,0,2,87.2,2,0,Reading,https://eric.ed.gov/,2026-09-08T12:18:11+00:00,
forum.learnnavi.org,online,B,76.5,Light advertising,3,1,0,0,0,2,52.9,1,0,Educational,https://forum.learnnavi.org/,2026-09-25T13:02:00+00:00,
fretflip.com,online,B,76.5,Light advertising,1,1,0,0,0,8,42.2,4,0,Educational,https://fretflip.com/,2026-09-17T22:29:32+00:00,
gpop.io,online,B,76.5,Light advertising,3,1,0,0,0,2,42.4,2,0,Gaming,https://gpop.io/,2026-09-20T12:42:06+00:00,
ground.news,online,B,76.5,Light advertising,4,4,0,0,0,11,0.1,2,0,Misc,https://ground.news/,2026-09-21T07:14:22+00:00,
kinoukr.com,online,B,76.5,Light advertising,2,1,1,0,0,3,22.1,2,0,Non-Eng,https://kinoukr.com/,2026-08-24T14:28:18+00:00,
psl.org.pk,online,B,76.5,Light advertising,3,2,0,0,0,2,24.1,2,0,Non-Eng,https://psl.org.pk/dictionary,2026-09-23T18:01:31+00:00,
pubchem.ncbi.nlm.nih.gov,online,B,76.5,Light advertising,3,1,0,0,0,2,89.2,2,0,Educational,https://pubchem.ncbi.nlm.nih.gov/,2026-09-19T06:40:29+00:00,
pubmed.ncbi.nlm.nih.gov,online,B,76.5,Light advertising,3,1,0,0,0,2,63.9,2,0,Reading,https://pubmed.ncbi.nlm.nih.gov/,2026-09-24T06:47:05+00:00,
temp-sms.org,online,B,76.5,Light advertising,3,1,0,0,0,2,63.1,1,0,Storage,https://temp-sms.org/,2026-09-28T07:40:47+00:00,
webbook.nist.gov,online,B,76.5,Light advertising,3,1,0,0,0,2,70.4,1,0,Educational,https://webbook.nist.gov/chemistry/,2026-09-25T13:02:00+00:00,
www.donotcall.gov,online,B,76.5,Light advertising,3,1,0,0,0,2,77.6,2,0,Mobile,https://www.donotcall.gov/,2026-09-22T06:49:41+00:00,
www.flowoss.com,online,B,76.5,Light advertising,2,1,0,0,0,5,73.1,2,0,Reading,https://www.flowoss.com/,2026-09-23T18:01:31+00:00,
www.ncbi.nlm.nih.gov,online,B,76.5,Light advertising,3,1,0,0,0,2,45.9,1,0,Misc,https://www.ncbi.nlm.nih.gov/pmc/,2026-08-26T22:34:16+00:00,
www.subtitrari-noi.ro,online,B,76.5,Light advertising,3,1,0,0,0,2,76.9,1,0,Non-Eng,https://www.subtitrari-noi.ro/,2026-09-27T17:58:51+00:00,
www.vincenzoscarpa.it,online,B,76.5,Light advertising,3,1,0,0,0,2,47.8,3,0,Gaming,https://www.vincenzoscarpa.it/emuwiki/pmwiki/pmwiki.php?n=OnlineGames.OnlineGames&lng=en,2026-09-18T12:26:05+00:00,
www.websynths.com,online,B,76.6,Light advertising,3,1,0,0,0,2,29.8,2,0,Music,https://www.websynths.com/,2026-09-22T17:49:43+00:00,
zulip.com,online,B,76.6,Light advertising,3,2,0,0,0,2,23.8,2,0,Misc,https://zulip.com/,2026-09-21T14:36:48+00:00,
kindlewalls.tumblr.com,online,B,76.7,Light advertising,9,3,0,0,0,0,1.6,1,0,Reading,https://kindlewalls.tumblr.com/,2026-09-27T17:58:51+00:00,
www.instructables.com,online,B,76.7,Light advertising,3,3,0,0,0,5,14.7,1,0,Educational,https://www.instructables.com/,2026-09-25T13:02:00+00:00,
www.websleuths.com,online,B,76.7,Light advertising,5,4,0,0,0,1,6.7,2,0,Misc,https://www.websleuths.com/,2026-09-21T22:53:03+00:00,
animagraffs.com,online,B,76.8,Light advertising,7,3,0,0,0,3,4.4,2,0,Educational,https://animagraffs.com/,2026-09-18T17:16:20+00:00,
app.f-online.at,online,B,76.8,Light advertising,5,3,0,0,0,0,13.5,2,0,Non-Eng,https://app.f-online.at/,2026-09-22T22:28:30+00:00,
en.boardgamearena.com,online,B,76.8,Light advertising,3,2,0,0,0,1,24.5,2,0,Gaming,https://en.boardgamearena.com/,2026-09-20T07:03:23+00:00,
klipy.com,online,B,76.8,Light advertising,5,2,0,0,0,4,15.4,2,0,Artificial-Intelligence,https://klipy.com/create/gif-maker/,2026-09-18T12:26:05+00:00,
moviescountdown.com,online,B,76.8,Light advertising,5,4,0,0,0,0,7.4,2,2,Streaming,https://moviescountdown.com/,2026-09-13T12:54:24+00:00,
www.thisiswhyimbroke.com,online,B,76.8,Light advertising,3,2,0,0,0,6,19.4,2,0,Misc,https://www.thisiswhyimbroke.com/,2026-09-21T14:36:48+00:00,
www.tracktion.com,online,B,76.8,Light advertising,6,3,0,0,0,3,7.4,1,1,Music,https://www.tracktion.com/products/waveform-free,2026-09-17T17:47:40+00:00,
www.writecream.com,online,B,76.8,Light advertising,5,3,0,0,0,1,12.5,1,0,Misc,https://www.writecream.com/,2026-09-26T12:31:41+00:00,
aboutdiscowithlove.blogspot.com,online,B,76.9,Light advertising,7,2,0,0,0,1,12.2,2,0,Music,https://aboutdiscowithlove.blogspot.com/,2026-08-30T13:18:17+00:00,
songslover.li,online,B,76.9,Light advertising,2,2,0,0,0,1,27.2,2,0,Music,https://songslover.li/,2026-09-22T12:53:35+00:00,
www.mangahere.cc,online,B,76.9,Light advertising,4,4,0,0,0,6,4.2,2,0,Reading,https://www.mangahere.cc/,2026-09-23T22:29:49+00:00,
www.signschool.com,online,B,76.9,Light advertising,8,3,0,0,0,4,0.2,1,0,Educational,https://www.signschool.com/,2026-09-25T13:02:00+00:00,
authenticjobs.com,online,B,77.0,Light advertising,2,1,0,0,0,4,31.8,2,0,Misc,https://authenticjobs.com/,2026-09-21T14:36:48+00:00,
circuitsteps.com,online,B,77.0,Light advertising,3,1,0,0,0,1,99.8,2,0,Educational,https://circuitsteps.com/,2026-09-19T06:40:29+00:00,
clicktheredbutton.com,online,B,77.0,Light advertising,6,3,0,0,0,1,9.1,2,0,Misc,https://clicktheredbutton.com/,2026-09-21T22:53:03+00:00,
crimsonfansubs.com,online,B,77.0,Light advertising,5,4,0,0,0,7,0.1,2,0,Streaming,https://crimsonfansubs.com/,2026-09-24T18:01:53+00:00,
dancemusic.wtf,online,B,77.0,Light advertising,2,1,0,0,0,4,57.6,2,0,Gaming,https://dancemusic.wtf/,2026-09-20T17:01:41+00:00,
geminiwatermarkremover.io,online,B,77.0,Light advertising,1,1,0,0,0,7,63.7,2,2,Artificial-Intelligence,https://geminiwatermarkremover.io/,2026-09-17T17:47:40+00:00,
gyncursos.com.br,online,B,77.0,Light advertising,3,1,0,0,0,1,32.5,2,2,Non-Eng,https://gyncursos.com.br,2026-09-13T12:54:24+00:00,
japanesetest4you.com,online,B,77.0,Light advertising,2,1,0,0,0,4,36.2,1,0,Educational,https://japanesetest4you.com/,2026-09-25T13:02:00+00:00,
kitsunekko.net,online,B,77.0,Light advertising,2,1,0,0,0,4,75.0,2,0,Streaming,https://kitsunekko.net/,2026-09-24T22:46:15+00:00,
library.med.utah.edu,online,B,77.0,Light advertising,2,1,0,0,0,4,68.9,2,0,Educational,https://library.med.utah.edu/kw/pharm/hyperheart/#animation_container,2026-09-19T06:40:29+00:00,
lightnovelheaven.com,online,B,77.0,Light advertising,3,1,1,0,0,1,20.1,2,0,Reading,https://lightnovelheaven.com,2026-09-23T22:29:49+00:00,
m80.pt,online,B,77.0,Light advertising,4,3,0,0,0,8,8.0,2,0,Non-Eng,https://m80.pt,2026-09-23T06:43:24+00:00,
ocremix.org,online,B,77.0,Light advertising,7,3,0,0,0,3,4.0,2,0,Music,https://ocremix.org/,2026-09-22T12:53:35+00:00,
pdfknihy.sk,online,B,77.0,Light advertising,2,1,0,0,0,4,50.5,2,0,Non-Eng,https://pdfknihy.sk/zadarmo/,2026-09-23T13:04:02+00:00,
sevencamels.blogspot.com,online,B,77.0,Light advertising,9,3,0,0,0,0,1.0,2,0,Educational,https://sevencamels.blogspot.com/,2026-09-19T12:07:10+00:00,
squig.link,online,B,77.0,Light advertising,2,1,0,0,0,4,36.0,1,0,Misc,https://squig.link/,2026-09-26T12:31:41+00:00,
swaroopg92.github.io,online,B,77.0,Light advertising,3,1,0,0,0,1,44.1,2,0,Gaming,https://swaroopg92.github.io/penpa-edit/,2026-09-20T07:03:23+00:00,
translatedlabs.com,online,B,77.0,Light advertising,2,1,0,0,0,4,37.6,2,0,Mobile,https://translatedlabs.com/,2026-09-22T06:49:41+00:00,
ultimateelectronicsbook.com,online,B,77.0,Light advertising,2,1,0,0,0,4,58.0,2,0,Reading,https://ultimateelectronicsbook.com/,2026-09-23T22:29:49+00:00,
www.hplovecraft.com,online,B,77.0,Light advertising,2,1,0,0,0,4,70.9,2,0,Reading,https://www.hplovecraft.com/,2026-09-23T18:01:31+00:00,
www.lintcode.com,online,B,77.0,Light advertising,4,4,0,0,0,3,7.0,2,0,Educational,https://www.lintcode.com/,2026-09-19T16:51:07+00:00,
www.mazegenerator.net,online,B,77.0,Light advertising,2,1,0,0,0,4,72.5,2,0,Gaming,https://www.mazegenerator.net/,2026-09-20T07:03:23+00:00,
www.medrxiv.org,online,B,77.0,Light advertising,3,1,0,0,0,1,52.6,2,0,Reading,https://www.medrxiv.org/,2026-09-24T06:47:05+00:00,
www.newsbang.com,online,B,77.0,Light advertising,2,2,0,0,0,2,26.0,2,0,Mobile,https://www.newsbang.com/,2026-08-22T19:57:58+00:00,
www.nih.gov,online,B,77.0,Light advertising,4,1,0,0,0,6,21.9,1,0,Misc,https://www.nih.gov/,2026-09-25T22:52:29+00:00,
www.tmhunt.com,online,B,77.0,Light advertising,2,1,0,0,0,4,46.6,2,0,Misc,http://www.tmhunt.com/,2026-09-20T21:52:34+00:00,
www.ufoevidence.org,online,B,77.0,Light advertising,5,4,0,0,0,7,0.1,1,0,Misc,http://www.ufoevidence.org/,2026-09-26T12:31:41+00:00,
au.ixl.com,online,B,77.1,Light advertising,3,2,0,0,0,4,20.8,2,0,Educational,https://au.ixl.com/math/,2026-08-19T14:24:21+00:00,
www.pdfmagaz.in,online,B,77.1,Light advertising,3,3,0,0,0,1,17.8,2,0,Reading,https://www.pdfmagaz.in/,2026-09-23T22:29:49+00:00,
medialoot.com,online,B,77.2,Light advertising,2,2,0,0,0,3,24.6,1,0,Storage,https://medialoot.com/free-mockups/,2026-08-28T13:26:35+00:00,
retrocatalog.com,online,B,77.2,Light advertising,2,2,0,0,0,1,26.5,4,0,Gaming Misc,https://retrocatalog.com/,2026-09-17T22:29:32+00:00,
www.alexotos.com,online,B,77.2,Light advertising,3,1,2,0,0,2,8.5,1,1,Misc,https://www.alexotos.com/keyboard-vendor-list/,2026-09-17T17:47:40+00:00,
www.copymethat.com,online,B,77.2,Light advertising,3,2,0,0,0,2,22.6,1,1,Misc,https://www.copymethat.com/,2026-09-13T21:45:32+00:00,
www.hackingchinese.com,online,B,77.2,Light advertising,3,1,0,0,0,6,24.6,2,0,Educational,https://www.hackingchinese.com/archive-2/,2026-09-19T16:51:07+00:00,
www.oreilly.com,online,B,77.2,Light advertising,3,2,0,0,0,5,19.6,2,2,Reading,https://www.oreilly.com/,2026-09-13T12:54:24+00:00,
www.undistracted.app,online,B,77.2,Light advertising,2,2,0,0,0,2,25.7,1,0,Misc,https://www.undistracted.app/,2026-09-26T12:31:41+00:00,
dnsperf.com,online,B,77.3,Light advertising,5,4,0,0,0,1,5.4,1,0,Adblock,https://dnsperf.com/dns-speed-benchmark,2026-09-25T06:39:48+00:00,
flowgpt.com,online,B,77.3,Light advertising,5,4,0,0,0,4,2.3,2,2,Artificial-Intelligence,https://flowgpt.com,2026-09-12T21:42:32+00:00,
iep.utm.edu,online,B,77.3,Light advertising,2,2,0,0,0,3,24.4,3,1,Educational,https://iep.utm.edu/fallacy/,2026-09-13T17:06:33+00:00,
nkiri.ink,online,B,77.3,Light advertising,3,1,0,0,0,3,27.4,2,0,Streaming,https://nkiri.ink/,2026-08-25T20:02:11+00:00,
theislam360.com,online,B,77.3,Light advertising,4,2,0,0,0,4,17.3,2,0,Reading,https://theislam360.com/,2026-09-24T06:47:05+00:00,
thenkiri.com,online,B,77.4,Light advertising,3,1,0,0,0,3,27.2,2,0,Streaming,https://thenkiri.com/,2026-09-24T12:57:21+00:00,
www.edx.org,online,B,77.4,Light advertising,4,2,0,0,0,12,9.2,2,2,Educational,https://www.edx.org/,2026-09-12T21:42:32+00:00,
armaell-library.net,online,B,77.5,Light advertising,2,2,0,0,0,3,24.1,2,0,Reading,https://armaell-library.net/,2026-09-23T22:29:49+00:00,
artofmemory.com,online,B,77.5,Light advertising,2,1,0,0,0,3,43.9,2,0,Educational,https://artofmemory.com/,2026-09-18T17:16:20+00:00,
canibinge.com,online,B,77.5,Light advertising,2,1,0,0,0,3,33.4,1,1,Streaming,https://canibinge.com/,2026-09-17T22:29:32+00:00,
crosshare.org,online,B,77.5,Light advertising,2,1,0,0,0,3,34.3,2,2,Gaming,https://crosshare.org/,2026-09-12T21:42:32+00:00,
eyewiki.org,online,B,77.5,Light advertising,2,1,0,0,0,3,39.1,2,0,Educational,https://eyewiki.org/,2026-09-19T06:40:29+00:00,
firstpersontetris.com,online,B,77.5,Light advertising,2,1,0,0,0,3,31.9,2,0,Gaming,https://firstpersontetris.com/,2026-09-20T17:01:41+00:00,
iconshelf.com,online,B,77.5,Light advertising,1,1,0,0,0,6,61.2,1,0,Storage,https://iconshelf.com/,2026-09-28T16:00:57+00:00,
interviews.school,online,B,77.5,Light advertising,2,1,0,0,0,3,83.0,2,0,Misc,https://interviews.school/,2026-09-21T14:36:48+00:00,
lookmovie2.to,online,B,77.5,Light advertising,1,1,2,1,0,1,5.0,2,0,Streaming,https://lookmovie2.to/,2026-09-24T18:01:53+00:00,
merckindex.rsc.org,online,B,77.5,Light advertising,2,1,0,0,0,3,38.7,2,0,Educational,https://merckindex.rsc.org/,2026-09-19T06:40:29+00:00,
mindexpandingbooks.com,online,B,77.5,Light advertising,2,1,0,0,0,3,74.7,2,0,Reading,https://mindexpandingbooks.com,2026-09-24T06:47:05+00:00,
oa.mg,online,B,77.5,Light advertising,2,1,0,0,0,3,47.9,2,0,Reading,https://oa.mg/,2026-09-24T06:47:05+00:00,
ossinsight.io,online,B,77.5,Light advertising,2,1,0,0,0,3,68.6,2,0,Misc,https://ossinsight.io/,2026-09-20T21:52:34+00:00,
pmc.ncbi.nlm.nih.gov,online,B,77.5,Light advertising,3,1,0,0,0,0,46.3,2,0,Reading,https://pmc.ncbi.nlm.nih.gov/,2026-09-24T06:47:05+00:00,
scielo.conicyt.cl,online,B,77.5,Light advertising,2,1,0,0,0,3,93.3,2,0,Non-Eng,https://scielo.conicyt.cl/,2026-09-23T18:01:31+00:00,
spacetelescopelive.org,online,B,77.5,Light advertising,2,1,0,0,0,3,80.4,1,0,Educational,https://spacetelescopelive.org/,2026-09-25T13:02:00+00:00,
talkingdictionary.swarthmore.edu,online,B,77.5,Light advertising,2,1,0,0,0,3,39.6,2,0,Educational,https://talkingdictionary.swarthmore.edu/,2026-09-19T12:07:10+00:00,
www.eurekalert.org,online,B,77.5,Light advertising,4,2,2,0,0,0,1.0,2,0,Misc,https://www.eurekalert.org/,2026-09-21T07:14:22+00:00,
www.firstmenonthemoon.com,online,B,77.5,Light advertising,2,1,0,0,0,3,41.8,1,0,Educational,https://www.firstmenonthemoon.com/,2026-09-25T13:02:00+00:00,
www.fluentwithstories.com,online,B,77.5,Light advertising,2,1,0,0,0,3,31.1,2,0,Educational,https://www.fluentwithstories.com/,2026-09-19T16:51:07+00:00,
www.iconshock.com,online,B,77.5,Light advertising,2,2,0,0,0,3,23.9,1,0,Storage,https://www.iconshock.com/freeicons/,2026-08-29T08:22:00+00:00,
www.nb.no,online,B,77.5,Light advertising,2,1,0,0,0,3,46.4,2,0,Non-Eng,https://www.nb.no/en/digitizing-at-the-national-library/,2026-09-23T18:01:31+00:00,
www.pubmeeple.com,online,B,77.5,Light advertising,2,1,0,0,0,3,57.5,3,1,Gaming Misc,https://www.pubmeeple.com/rankings,2026-09-13T17:06:33+00:00,
www.saltyourmeat.com,online,B,77.5,Light advertising,2,1,0,0,0,3,70.8,2,0,Misc,https://www.saltyourmeat.com/,2026-09-20T21:52:34+00:00,
www.satarchive.com,online,B,77.5,Light advertising,2,1,0,0,0,3,53.7,2,0,Educational,https://www.satarchive.com/,2026-09-19T21:48:19+00:00,
www.seterra.com,,B,77.5,Light advertising,2,1,0,0,0,3,47.0,1,1,Educational,https://www.seterra.com/#quizzes,2026-08-14T14:46:47+00:00,
lofidle.com,online,B,77.6,Light advertising,2,2,0,0,0,1,25.8,1,0,Gaming,https://lofidle.com/,2026-09-25T22:52:29+00:00,
lookmovie2.la,online,B,77.6,Light advertising,1,1,2,1,0,1,4.8,1,0,Streaming,https://lookmovie2.la/,2026-09-28T16:00:57+00:00,
www.moralmachine.net,online,B,77.6,Light advertising,4,3,0,0,0,3,11.8,2,0,Misc,https://www.moralmachine.net/,2026-09-21T22:53:03+00:00,
you.radio,online,B,77.6,Light advertising,2,2,0,0,0,1,25.8,2,0,Music,https://you.radio/,2026-09-10T12:24:16+00:00,
afterplay.io,online,B,77.7,Light advertising,2,2,0,0,0,3,23.6,2,0,Gaming,https://afterplay.io/play/recently-played,2026-09-20T07:03:23+00:00,
avrae.io,online,B,77.7,Light advertising,4,3,0,0,0,2,12.7,2,0,Educational,https://avrae.io/,2026-09-19T12:07:10+00:00,
novelfire.net,online,B,77.7,Light advertising,1,1,1,0,0,1,24.6,2,2,Reading,https://novelfire.net/,2026-09-13T12:54:24+00:00,
veridiansoftware.com,online,B,77.7,Light advertising,6,4,0,0,0,1,1.6,2,0,Reading,https://veridiansoftware.com/collections/,2026-09-23T22:29:49+00:00,
www.jobsfromspace.com,online,B,77.7,Light advertising,2,1,0,0,0,3,29.6,1,0,Misc,https://www.jobsfromspace.com/,2026-09-26T12:31:41+00:00,
culturalatlas.sbs.com.au,online,B,77.8,Light advertising,3,2,0,0,0,1,22.4,4,0,Educational Misc,https://culturalatlas.sbs.com.au/,2026-09-17T22:29:32+00:00,
docchi.pl,online,B,77.8,Light advertising,9,2,0,0,0,2,3.5,2,0,Non-Eng,https://docchi.pl/,2026-09-23T06:43:24+00:00,
mcn.edu,online,B,77.8,Light advertising,3,2,0,0,0,3,20.4,2,0,Educational,https://mcn.edu/a-guide-to-virtual-museum-resources/,2026-09-18T17:16:20+00:00,
webteizle.info,online,B,77.8,Light advertising,2,2,0,0,0,1,25.4,2,0,Non-Eng,https://webteizle.info/,2026-09-24T12:57:21+00:00,
www.podbean.com,online,B,77.8,Light advertising,5,4,0,0,0,1,4.3,2,0,Music,https://www.podbean.com/,2026-09-22T12:53:35+00:00,
www.startmycar.com,online,B,77.8,Light advertising,2,2,0,0,0,1,25.3,2,0,Misc,https://www.startmycar.com,2026-09-20T21:52:34+00:00,
16mag.net,online,B,78.0,Light advertising,1,1,0,0,0,5,99.7,1,0,Torrenting,https://16mag.net/,2026-08-29T17:26:18+00:00,
30secondsofinterviews.org,online,B,78.0,Light advertising,2,1,0,0,0,2,72.7,2,0,Misc,https://30secondsofinterviews.org/,2026-09-21T14:36:48+00:00,
abooklike.foo,online,B,78.0,Light advertising,2,1,0,0,0,2,62.8,2,0,Reading,https://abooklike.foo/escape,2026-09-24T06:47:05+00:00,
accelareader.com,online,B,78.0,Light advertising,1,1,0,0,0,5,37.7,1,0,Reading,https://accelareader.com/,2026-09-27T17:58:51+00:00,
adv-r.hadley.nz,online,B,78.0,Light advertising,2,1,0,0,0,2,49.1,2,0,Educational,https://adv-r.hadley.nz/,2026-09-19T16:51:07+00:00,
andreasbm.github.io,online,B,78.0,Light advertising,2,1,0,0,0,2,36.9,2,0,Educational,https://andreasbm.github.io/web-skills/,2026-09-19T16:51:07+00:00,
aqstream.com,online,B,78.0,Light advertising,2,1,0,0,0,2,60.4,2,0,Non-Eng,https://aqstream.com/,2026-09-23T06:43:24+00:00,
bfro.net,online,B,78.0,Light advertising,2,1,0,0,0,2,41.3,2,0,Misc,https://bfro.net/,2026-09-21T22:53:03+00:00,
blog.matthen.com,online,B,78.0,Light advertising,10,2,0,0,0,0,1.9,2,0,Educational,https://blog.matthen.com/,2026-09-18T17:16:20+00:00,
books-search.typesense.org,online,B,78.0,Light advertising,2,1,0,0,0,2,73.2,2,0,Reading,https://books-search.typesense.org/,2026-09-24T06:47:05+00:00,
cantonese.ca,online,B,78.0,Light advertising,2,1,0,0,0,2,91.9,4,0,Educational,https://cantonese.ca/,2026-09-17T22:29:32+00:00,
cirusdane.github.io,online,B,78.0,Light advertising,2,1,0,0,0,2,43.4,1,0,Gaming,https://cirusdane.github.io/incremancer/,2026-09-25T22:52:29+00:00,
clara.imslp.org,online,B,78.0,Light advertising,1,1,0,0,0,5,35.8,2,0,Storage,https://clara.imslp.org/,2026-08-25T08:25:42+00:00,
classic.dmheroes.com,online,B,78.0,Light advertising,2,1,0,0,0,2,38.4,1,0,Educational,http://classic.dmheroes.com/,2026-09-25T13:02:00+00:00,
dict.variants.moe.edu.tw,online,B,78.0,Light advertising,2,1,0,0,0,2,38.1,2,0,Educational,https://dict.variants.moe.edu.tw/?la=1,2026-09-19T16:51:07+00:00,
dl-zip.com,online,B,78.0,Light advertising,2,1,0,0,0,2,49.5,2,0,Non-Eng,https://dl-zip.com/,2026-09-23T06:43:24+00:00,
esmeraldatorrent.com,online,B,78.0,Light advertising,2,1,0,0,0,2,37.1,2,0,Non-Eng,https://esmeraldatorrent.com/,2026-09-23T13:04:02+00:00,
ezstems.com,online,B,78.0,Light advertising,2,1,0,0,0,2,71.4,2,0,Artificial-Intelligence,https://ezstems.com/,2026-09-18T17:16:20+00:00,
filmifen.com,online,B,78.0,Light advertising,7,3,0,0,0,0,4.9,2,0,Non-Eng,https://filmifen.com/,2026-09-22T17:49:43+00:00,
finurls.com,online,B,78.0,Light advertising,2,1,0,0,0,2,81.7,2,0,Misc,https://finurls.com/,2026-09-21T07:14:22+00:00,
gabgoh.github.io,online,B,78.0,Light advertising,2,1,0,0,0,2,48.7,2,0,Educational,https://gabgoh.github.io/COVID/index.html,2026-09-19T06:40:29+00:00,
gallery.kaeru.world,online,B,78.0,Light advertising,2,1,0,0,0,2,42.7,1,0,Misc,https://gallery.kaeru.world/,2026-09-26T12:31:41+00:00,
getwacup.com,online,B,78.0,Light advertising,2,1,0,0,0,2,52.7,3,3,Music,https://getwacup.com/,2026-09-12T16:31:29+00:00,
ggplot2-book.org,online,B,78.0,Light advertising,2,1,0,0,0,2,39.4,2,0,Educational,https://ggplot2-book.org/index.html,2026-09-19T16:51:07+00:00,
hangul.cool,online,B,78.0,Light advertising,2,1,0,0,0,2,53.3,2,0,Educational,https://hangul.cool/,2026-09-19T16:51:07+00:00,
imisstheoffice.eu,online,B,78.0,Light advertising,2,1,0,0,0,2,30.1,2,0,Music,https://imisstheoffice.eu/,2026-09-22T12:53:35+00:00,
in.bimble.space,online,B,78.0,Light advertising,2,1,0,0,0,2,40.2,2,0,Misc,https://in.bimble.space/toys,2026-09-21T22:53:03+00:00,
incremancer.gti.nz,online,B,78.0,Light advertising,2,1,0,0,0,2,44.3,2,0,Gaming,https://incremancer.gti.nz/,2026-09-20T12:42:06+00:00,
invoiceto.me,online,B,78.0,Light advertising,1,1,0,0,0,5,48.4,1,0,Misc,https://invoiceto.me/,2026-09-26T12:31:41+00:00,
jakevdp.github.io,online,B,78.0,Light advertising,1,1,0,0,0,5,34.1,2,0,Reading,https://jakevdp.github.io/PythonDataScienceHandbook/,2026-09-24T06:47:05+00:00,
lectuepublibre6.com,online,B,78.0,Light advertising,2,1,0,0,0,2,44.7,2,0,Non-Eng,https://lectuepublibre6.com/,2026-09-09T12:30:35+00:00,
legendei.net,online,B,78.0,Light advertising,2,1,0,0,0,2,30.6,1,0,Non-Eng,https://legendei.net/,2026-09-09T12:30:35+00:00,
lothelper.com,online,B,78.0,Light advertising,2,1,0,0,0,2,93.2,1,0,Storage,https://lothelper.com/en/shownumber,2026-08-28T23:15:50+00:00,
lrcmaker.com,online,B,78.0,Light advertising,2,1,0,0,0,2,70.3,1,0,Music,https://lrcmaker.com/,2026-09-27T07:08:34+00:00,
magnetlinkgenerator.com,online,B,78.0,Light advertising,2,1,0,0,0,2,92.6,2,0,Torrenting,https://magnetlinkgenerator.com/,2026-09-25T06:39:48+00:00,
manuscriptminiatures.com,online,B,78.0,Light advertising,2,1,0,0,0,2,45.4,2,0,Educational,https://manuscriptminiatures.com/,2026-09-19T06:40:29+00:00,
mathurls.com,online,B,78.0,Light advertising,2,1,0,0,0,2,59.6,2,0,Misc,https://mathurls.com/,2026-09-21T07:14:22+00:00,
movieplex.online,online,B,78.0,Light advertising,5,4,0,0,0,1,4.1,1,0,Streaming,https://movieplex.online/,2026-09-27T13:18:43+00:00,
mp3semti.com,online,B,78.0,Light advertising,2,1,0,0,0,2,51.0,1,0,Non-Eng,https://mp3semti.com/,2026-09-27T17:58:51+00:00,
nandgame.com,online,B,78.0,Light advertising,2,1,0,0,0,2,63.6,2,2,Educational,https://nandgame.com/,2026-09-12T21:42:32+00:00,
next-episode.net,online,B,78.0,Light advertising,2,2,0,0,0,1,25.1,1,0,Streaming,https://next-episode.net/,2026-09-28T16:00:57+00:00,
noteheads.net,online,B,78.0,Light advertising,2,1,0,0,0,2,31.4,1,0,Educational,https://noteheads.net/,2026-09-25T13:02:00+00:00,
nuit-blanche.ch,online,B,78.0,Light advertising,2,1,0,0,0,2,71.4,2,0,Non-Eng,https://nuit-blanche.ch/,2026-09-22T22:28:30+00:00,
odan.github.io,online,B,78.0,Light advertising,2,1,0,0,0,2,49.1,1,1,Educational,https://odan.github.io/learn-php/,2026-09-13T17:06:33+00:00,
openmtp.ganeshrvel.com,online,B,78.0,Light advertising,2,1,0,0,0,2,41.1,2,0,Linux,https://openmtp.ganeshrvel.com/,2026-09-20T21:52:34+00:00,
picturecards.online,online,B,78.0,Light advertising,2,1,0,0,0,2,58.8,2,0,Gaming,https://picturecards.online/,2026-09-20T12:42:06+00:00,
r74n.com,online,B,78.0,Light advertising,2,1,0,0,0,2,38.7,2,0,Misc,https://r74n.com/,2026-09-21T22:53:03+00:00,
recipe-search.typesense.org,online,B,78.0,Light advertising,2,1,0,0,0,2,76.4,2,0,Misc,https://recipe-search.typesense.org/,2026-09-20T21:52:34+00:00,
redcoats.io,online,B,78.0,Light advertising,2,1,0,0,0,2,98.3,2,0,Gaming,https://redcoats.io/,2026-09-20T12:42:06+00:00,
redsquirrel87.com,online,B,78.0,Light advertising,2,1,0,0,0,2,46.2,2,0,Gaming,https://redsquirrel87.com/doku.php/projects-list,2026-09-20T07:03:23+00:00,
selectstarsql.com,online,B,78.0,Light advertising,2,1,0,0,0,2,55.1,2,2,Educational,https://selectstarsql.com/,2026-09-12T21:42:32+00:00,
smashthewalls.com,online,B,78.0,Light advertising,2,1,0,0,0,2,56.6,2,0,Misc,https://smashthewalls.com/,2026-09-21T22:53:03+00:00,
softgoods.app,online,B,78.0,Light advertising,1,1,0,0,0,5,54.2,2,0,Mobile,https://softgoods.app/,2026-09-22T06:49:41+00:00,
sounter.com,online,B,78.0,Light advertising,1,1,0,0,0,5,32.4,2,0,Educational,https://sounter.com/,2026-09-19T12:07:10+00:00,
subdl.com,online,B,78.0,Light advertising,2,1,0,0,0,2,89.6,2,2,Streaming,https://subdl.com/,2026-09-13T12:54:24+00:00,
techurls.com,online,B,78.0,Light advertising,2,1,0,0,0,2,81.4,2,0,Misc,https://techurls.com/,2026-09-21T07:14:22+00:00,
tetra-cube.com,online,B,78.0,Light advertising,2,1,0,0,0,2,74.6,2,0,Educational,https://tetra-cube.com/dnd/dnd-statblock.html,2026-09-19T12:07:10+00:00,
theculturalatlas.org,online,B,78.0,Light advertising,3,2,0,0,0,1,21.9,4,0,Educational Misc,https://theculturalatlas.org/,2026-09-24T12:57:21+00:00,
thezen.zone,online,B,78.0,Light advertising,2,1,0,0,0,2,71.8,1,0,Misc,https://thezen.zone/,2026-09-26T12:31:41+00:00,
tuxurls.com,online,B,78.0,Light advertising,2,1,0,0,0,2,69.2,2,0,Misc,https://tuxurls.com/,2026-09-21T07:14:22+00:00,
uselesscertifications.com,online,B,78.0,Light advertising,3,2,0,0,0,2,20.9,2,0,Misc,https://uselesscertifications.com/,2026-09-21T22:53:03+00:00,
vertsluisants.fr,online,B,78.0,Light advertising,2,1,0,0,0,2,52.5,1,1,Reading,https://vertsluisants.fr/index.php?article4/where-scihub-libgen-server-down,2026-09-17T17:47:40+00:00,
vknext.net,online,B,78.0,Light advertising,1,1,0,0,0,5,38.7,1,1,Streaming,https://vknext.net/,2026-09-17T22:29:32+00:00,
wumbo.net,online,B,78.0,Light advertising,2,1,0,0,0,2,80.8,2,2,Educational,https://wumbo.net/,2026-09-12T21:42:32+00:00,
www.5movierulz.fitness,online,B,78.0,Light advertising,1,1,0,0,0,5,31.7,2,0,Non-Eng,https://www.5movierulz.fitness/,2026-09-24T12:57:21+00:00,
www.akiba-online.com,online,B,78.0,Light advertising,2,1,0,0,0,2,36.0,2,0,Non-Eng,https://www.akiba-online.com/,2026-09-23T06:43:24+00:00,
www.android-x86.org,online,B,78.0,Light advertising,2,1,0,0,0,2,41.8,2,0,Linux,https://www.android-x86.org/,2026-09-20T17:01:41+00:00,
www.astrumargenteum.org,online,B,78.0,Light advertising,2,1,0,0,0,2,34.8,1,0,Reading,https://www.astrumargenteum.org/library/,2026-09-04T17:05:11+00:00,
www.cram.com,online,B,78.0,Light advertising,1,1,0,0,0,5,49.4,2,0,Educational,https://www.cram.com/medical,2026-08-20T02:46:21+00:00,
www.decisionproblem.com,online,B,78.0,Light advertising,2,1,0,0,0,2,41.8,2,0,Gaming,https://www.decisionproblem.com/paperclips/index2.html,2026-09-20T12:42:06+00:00,
www.deeplearningwizard.com,online,B,78.0,Light advertising,2,1,0,0,0,2,30.2,1,0,Educational,https://www.deeplearningwizard.com/,2026-09-25T18:07:54+00:00,
www.deepspeed.ai,online,B,78.0,Light advertising,2,1,0,0,0,2,55.8,2,0,Artificial-Intelligence,https://www.deepspeed.ai/,2026-08-19T14:24:21+00:00,
www.desi-serials.to,online,B,78.0,Light advertising,2,1,0,0,0,2,30.1,2,0,Non-Eng,https://www.desi-serials.to/,2026-09-23T06:43:24+00:00,
www.duckdns.org,online,B,78.0,Light advertising,2,2,0,0,0,1,25.1,2,0,Storage,https://www.duckdns.org/,2026-09-24T12:57:21+00:00,
www.extremeweatherwatch.com,online,B,78.0,Light advertising,2,1,0,0,0,2,54.9,2,0,Educational,https://www.extremeweatherwatch.com/,2026-09-19T12:07:10+00:00,
www.falcon-bms.com,online,B,78.0,Light advertising,2,1,0,0,0,2,51.9,4,0,Educational Gaming,https://www.falcon-bms.com/,2026-09-17T22:29:32+00:00,
www.gemini.com,online,B,78.0,Light advertising,5,2,0,0,0,0,17.0,2,0,Misc,https://www.gemini.com/cryptopedia,2026-09-21T14:36:48+00:00,
www.glaielgames.com,online,B,78.0,Light advertising,2,1,0,0,0,2,56.6,2,0,Gaming,https://www.glaielgames.com/succubox/,2026-09-20T12:42:06+00:00,
www.globalgreyebooks.com,online,B,78.0,Light advertising,2,1,0,0,0,2,41.9,2,0,Reading,https://www.globalgreyebooks.com/index.html,2026-09-23T18:01:31+00:00,
www.guitarscale.org,online,B,78.0,Light advertising,2,1,0,0,0,2,63.9,1,0,Educational,https://www.guitarscale.org/,2026-09-25T13:02:00+00:00,
www.gunviolencearchive.org,online,B,78.0,Light advertising,2,1,0,0,0,2,33.5,2,0,Educational,https://www.gunviolencearchive.org/,2026-09-19T12:07:10+00:00,
www.itexams.com,online,B,78.0,Light advertising,2,1,0,0,0,2,58.5,2,0,Educational,https://www.itexams.com/,2026-09-19T21:48:19+00:00,
www.jcrocket.com,online,B,78.0,Light advertising,2,1,0,0,0,2,67.2,2,0,Educational,https://www.jcrocket.com,2026-09-19T06:40:29+00:00,
www.jezzamon.com,online,B,78.0,Light advertising,2,1,0,0,0,2,63.8,2,0,Educational,https://www.jezzamon.com/fourier/index.html,2026-09-18T17:16:20+00:00,
www.kagakueizo.org,online,B,78.0,Light advertising,1,1,0,0,0,5,31.4,2,0,Non-Eng,https://www.kagakueizo.org/,2026-09-23T06:43:24+00:00,
www.limetorrents.fun,online,B,78.0,Light advertising,2,1,0,0,0,2,69.9,4,0,Streaming Torrenting,https://www.limetorrents.fun/,2026-09-18T12:26:05+00:00,
www.patterns.dev,online,B,78.0,Light advertising,2,1,0,0,0,2,44.1,1,1,Educational,https://www.patterns.dev/,2026-09-13T17:06:33+00:00,
www.planecrashinfo.com,online,B,78.0,Light advertising,2,1,0,0,0,2,73.0,1,0,Misc,https://www.planecrashinfo.com/,2026-09-25T22:52:29+00:00,
www.protondb.com,online,B,78.0,Light advertising,2,1,0,0,0,2,32.9,2,2,Linux,https://www.protondb.com/,2026-09-13T06:49:25+00:00,
www.qinkan.net,online,B,78.0,Light advertising,2,1,0,0,0,2,47.1,2,0,Non-Eng,https://www.qinkan.net/,2026-09-22T22:28:30+00:00,
www.refseek.com,online,B,78.0,Light advertising,2,1,0,0,0,2,86.9,2,2,Educational,https://www.refseek.com/,2026-09-12T21:42:32+00:00,
www.seedhub.cc,online,B,78.0,Light advertising,2,1,0,0,0,2,41.8,2,0,Non-Eng,https://www.seedhub.cc/,2026-09-22T22:28:30+00:00,
www.thrustcurve.org,online,B,78.0,Light advertising,2,1,0,0,0,2,80.5,2,0,Educational,https://www.thrustcurve.org/,2026-09-19T06:40:29+00:00,
www.videolan.org,online,B,78.0,Light advertising,2,1,0,0,0,2,46.2,5,5,Linux Mobile,https://www.videolan.org/vlc/download-android.html,2026-09-12T16:31:29+00:00,
yeshd.net,online,B,78.0,Light advertising,2,1,0,0,0,2,70.4,2,0,Streaming,https://yeshd.net/,2026-09-24T18:01:53+00:00,
zidoro.github.io,online,B,78.0,Light advertising,2,1,0,0,0,2,35.9,2,0,Misc,https://zidoro.github.io/pomatez/,2026-09-21T14:36:48+00:00,
countdown.tv,online,B,78.1,Light advertising,4,4,0,0,0,0,7.8,1,1,Streaming,https://countdown.tv/,2026-09-17T22:29:32+00:00,
mexicantrain.online,online,B,78.1,Light advertising,2,2,0,0,0,4,21.8,2,0,Gaming,https://mexicantrain.online/,2026-09-20T12:42:06+00:00,
tech2.npm.edu.tw,online,B,78.1,Light advertising,4,4,0,0,0,2,5.8,2,0,Educational,https://tech2.npm.edu.tw/720vr/enHome.html,2026-09-18T17:16:20+00:00,
www.farsroid.com,online,B,78.1,Light advertising,1,1,2,0,0,1,13.8,2,0,Mobile,https://www.farsroid.com/,2026-09-22T06:49:41+00:00,
app.litmaps.com,online,B,78.2,Light advertising,5,3,0,0,0,3,7.7,1,0,Reading,https://app.litmaps.com/,2026-09-27T17:58:51+00:00,
calculusmadeeasy.org,online,B,78.2,Light advertising,2,1,0,0,0,2,29.6,2,0,Educational,https://calculusmadeeasy.org,2026-09-18T17:16:20+00:00,
clonehero.net,online,B,78.2,Light advertising,4,3,0,0,0,1,12.7,2,2,Gaming,https://clonehero.net/,2026-09-12T21:42:32+00:00,
courses.talktomeinkorean.com,online,B,78.2,Light advertising,4,2,0,0,0,13,6.7,2,0,Educational,https://courses.talktomeinkorean.com/,2026-09-19T16:51:07+00:00,
guesswhereyouare.com,online,B,78.2,Light advertising,2,2,0,0,0,7,18.6,2,0,Gaming,https://guesswhereyouare.com/,2026-09-20T17:01:41+00:00,
katworld.net,online,B,78.2,Light advertising,8,1,0,0,0,3,10.6,2,0,Streaming,https://katworld.net/?type=KatmovieHD,2026-09-18T06:42:10+00:00,
readnovelfull.com,online,B,78.2,Light advertising,2,1,0,0,0,2,29.5,2,0,Reading,https://readnovelfull.com,2026-09-23T22:29:49+00:00,
soundscape.world,online,B,78.2,Light advertising,2,1,0,0,0,2,29.6,2,0,Misc,https://soundscape.world/,2026-09-21T22:53:03+00:00,
ss.fitness,online,B,78.2,Light advertising,2,2,0,0,0,1,24.7,2,2,Misc,https://ss.fitness/calculators,2026-09-13T06:49:25+00:00,
www.buildcores.com,online,B,78.2,Light advertising,2,2,0,0,0,5,20.6,1,1,Misc,http://www.buildcores.com/,2026-09-13T21:45:32+00:00,
www.cfr.org,online,B,78.2,Light advertising,3,2,0,0,0,2,20.6,1,1,Misc,https://www.cfr.org/global-conflict-tracker,2026-09-13T21:45:32+00:00,
www.consoleroms.com,online,B,78.2,Light advertising,2,1,0,0,0,2,29.5,2,0,Gaming,https://www.consoleROMs.com/,2026-09-20T07:03:23+00:00,
www.ctrlpaint.com,online,B,78.2,Light advertising,4,3,0,0,0,2,11.6,1,1,Educational,https://www.ctrlpaint.com/,2026-09-13T17:06:33+00:00,
www.eraser.io,online,B,78.2,Light advertising,4,2,0,0,0,3,16.7,1,0,Storage,https://www.eraser.io/diagramgpt,2026-09-28T07:40:47+00:00,
pimpmymoney.net,online,B,78.3,Light advertising,4,2,0,0,0,2,17.4,2,0,Misc,https://pimpmymoney.net/,2026-09-21T07:14:22+00:00,
psiphon.ca,online,B,78.3,Light advertising,2,1,0,0,0,3,28.3,2,0,Adblock,https://psiphon.ca/,2026-09-18T12:26:05+00:00,
screenrec.com,online,B,78.3,Light advertising,4,3,0,0,0,12,1.4,2,0,Misc,https://screenrec.com/,2026-09-21T14:36:48+00:00,
www.chessbase.in,online,B,78.3,Light advertising,3,1,0,0,0,4,24.3,1,0,Educational,https://www.chessbase.in/,2026-09-20T07:03:23+00:00,
www.e-ir.org,online,B,78.3,Light advertising,4,3,0,0,0,2,11.4,2,0,Reading,https://www.e-ir.org/,2026-09-24T12:57:21+00:00,
www.oyez.org,online,B,78.3,Light advertising,2,1,0,0,0,4,27.4,2,0,Reading,https://www.oyez.org/,2026-09-24T06:47:05+00:00,
www.climate.us,online,B,78.4,Light advertising,5,1,0,0,0,2,20.2,1,0,Educational,https://www.climate.us/,2026-09-25T13:02:00+00:00,
www.free-stock-music.com,online,B,78.4,Light advertising,2,2,0,0,0,1,24.2,2,0,Music,https://www.free-stock-music.com/,2026-09-22T12:53:35+00:00,
www.gledajcrtace.rs,online,B,78.4,Light advertising,6,3,0,0,0,2,5.2,2,0,Non-Eng,https://www.gledajcrtace.rs/,2026-09-23T18:01:31+00:00,
www.recraft.ai,online,B,78.4,Light advertising,6,3,0,0,0,6,1.2,2,0,Artificial-Intelligence,https://www.recraft.ai/,2026-09-18T12:26:05+00:00,
acleddata.com,online,B,78.5,Light advertising,2,1,0,0,0,1,65.9,1,1,Misc,https://acleddata.com/data/,2026-09-13T21:45:32+00:00,
afghanistandl.nyu.edu,online,B,78.5,Light advertising,2,1,0,0,0,1,41.2,2,0,Non-Eng,https://afghanistandl.nyu.edu/,2026-09-23T06:43:24+00:00,
afterthetone.com,online,B,78.5,Light advertising,2,1,0,0,0,1,39.0,2,0,Misc,https://afterthetone.com/,2026-09-21T22:53:03+00:00,
altbox.dev,online,B,78.5,Light advertising,2,1,0,0,0,1,84.5,1,0,Linux,https://altbox.dev/,2026-09-25T22:52:29+00:00,
altsource.by.lao.sb,online,B,78.5,Light advertising,2,1,0,0,0,1,99.4,1,0,Mobile,https://altsource.by.lao.sb/browse/,2026-09-27T07:08:34+00:00,
anianimax.dpdns.org,online,B,78.5,Light advertising,2,1,0,0,0,1,36.3,1,0,Streaming,https://anianimax.dpdns.org/,2026-08-29T17:26:18+00:00,
app.accuweather.com,online,B,78.5,Light advertising,1,1,0,0,0,4,32.2,2,0,Mobile,https://app.accuweather.com/app-download,2026-09-22T06:49:41+00:00,
archive.alsharekh.org,online,B,78.5,Light advertising,3,2,0,0,0,2,20.1,2,0,Non-Eng,https://archive.alsharekh.org/,2026-09-22T17:49:43+00:00,
audiobooks4soul.com,online,B,78.5,Light advertising,0,0,4,0,0,3,0.0,2,0,Reading,https://audiobooks4soul.com/,2026-09-23T22:29:49+00:00,
biology.com.pk,online,B,78.5,Light advertising,2,1,0,0,0,1,32.7,2,0,Reading,https://biology.com.pk/,2026-09-23T22:29:49+00:00,
connections.swellgarfo.com,online,B,78.5,Light advertising,2,1,0,0,0,1,39.9,2,0,Gaming,https://connections.swellgarfo.com/,2026-09-20T07:03:23+00:00,
cue.tools,online,B,78.5,Light advertising,1,1,0,0,0,4,43.2,2,0,Music,http://cue.tools/wiki/CUETools,2026-09-22T17:49:43+00:00,
dorime.udany.net,online,B,78.5,Light advertising,2,1,0,0,0,1,40.6,2,0,Gaming,https://dorime.udany.net/,2026-09-20T12:42:06+00:00,
flive.dpdns.org,online,B,78.5,Light advertising,2,1,0,0,0,1,40.5,2,0,Streaming,https://flive.dpdns.org/,2026-09-25T13:02:00+00:00,
getoutline.org,online,B,78.5,Light advertising,2,1,0,0,0,1,72.7,2,0,Adblock,https://getoutline.org/,2026-09-18T12:26:05+00:00,
handbook.vantage.sh,online,B,78.5,Light advertising,2,1,0,0,0,1,55.0,2,0,Educational,https://handbook.vantage.sh/,2026-09-19T16:51:07+00:00,
idoc.pub,online,B,78.5,Light advertising,2,1,0,0,0,1,33.0,2,0,Reading,https://idoc.pub/,2026-09-24T06:47:05+00:00,
ivypanda.com,online,B,78.5,Light advertising,2,1,0,0,0,1,47.5,2,0,Reading,https://ivypanda.com/blog/1000-open-textbooks-and-learning-resources-for-all-subjects/,2026-09-23T22:29:49+00:00,
jazznblues.club,online,B,78.5,Light advertising,1,1,0,0,0,4,33.9,1,0,Music,https://jazznblues.club/,2026-09-27T07:08:34+00:00,
kikivoice.ai,online,B,78.5,Light advertising,1,1,0,0,0,4,94.0,2,0,Artificial-Intelligence,https://kikivoice.ai/,2026-09-18T17:16:20+00:00,
leak-lookup.com,online,B,78.5,Light advertising,2,1,0,0,0,1,29.9,1,0,Adblock,https://leak-lookup.com/,2026-09-25T06:39:48+00:00,
libimobiledevice.org,online,B,78.5,Light advertising,1,1,0,0,0,4,39.1,2,0,Linux,https://libimobiledevice.org,2026-09-20T17:01:41+00:00,
magicbunnyart.gumroad.com,online,B,78.5,Light advertising,2,1,0,0,0,1,55.6,1,0,Educational,https://magicbunnyart.gumroad.com/l/fjvKA,2026-09-25T13:02:00+00:00,
meded.ucsd.edu,online,B,78.5,Light advertising,2,1,0,0,0,1,67.4,1,0,Educational,https://meded.ucsd.edu/clinicalmed/introduction.html,2026-08-26T08:26:47+00:00,
mrfreetools.com,online,B,78.5,Light advertising,2,1,0,0,0,1,38.6,2,0,Misc,https://mrfreetools.com/,2026-09-21T14:36:48+00:00,
nzbget.com,online,B,78.5,Light advertising,2,1,0,0,0,1,82.3,2,0,Downloading,https://nzbget.com/,2026-09-18T17:16:20+00:00,
open.umn.edu,online,B,78.5,Light advertising,2,1,0,0,0,1,59.9,2,0,Reading,https://open.umn.edu/opentextbooks/,2026-09-23T22:29:49+00:00,
openprescribing.net,online,B,78.5,Light advertising,1,1,0,0,0,4,43.4,2,0,Misc,https://openprescribing.net/,2026-09-21T07:14:22+00:00,
osaurus.ai,online,B,78.5,Light advertising,2,1,0,0,0,1,47.1,1,0,Linux,https://osaurus.ai/,2026-09-25T22:52:29+00:00,
pokelike.xyz,online,B,78.5,Light advertising,2,1,0,0,0,1,67.2,2,0,Gaming,https://pokelike.xyz/,2026-09-20T17:01:41+00:00,
privategpt.dev,online,B,78.5,Light advertising,2,1,0,0,0,1,44.1,2,0,Artificial-Intelligence,https://privategpt.dev/,2026-09-18T12:26:05+00:00,
pyx-1.pretendyoure.xyz,online,B,78.5,Light advertising,1,1,0,0,0,4,51.3,1,0,Gaming,https://pyx-1.pretendyoure.xyz/zy/game.jsp,2026-09-25T18:07:54+00:00,
quickdraw.withgoogle.com,online,B,78.5,Light advertising,2,1,0,0,0,1,76.8,2,0,Misc,https://quickdraw.withgoogle.com/,2026-09-21T22:53:03+00:00,
regexcrossword.com,online,B,78.5,Light advertising,1,1,0,0,0,4,46.2,2,0,Gaming,https://regexcrossword.com/,2026-09-20T07:03:23+00:00,
sites.ucsd.edu,online,B,78.5,Light advertising,2,1,0,0,0,1,68.0,1,0,Educational,https://sites.ucsd.edu/clinicalmedguide/,2026-09-24T12:57:21+00:00,
synesthesiagame.com,online,B,78.5,Light advertising,1,1,0,0,0,4,55.7,1,0,Gaming,http://synesthesiagame.com/,2026-09-25T18:07:54+00:00,
technicaldeathmetal.org,online,B,78.5,Light advertising,1,1,0,0,0,4,32.1,2,0,Music,https://technicaldeathmetal.org/,2026-09-22T12:53:35+00:00,
temporarynumber.com,online,B,78.5,Light advertising,2,1,0,0,0,1,99.8,2,0,Storage,https://temporarynumber.com/,2026-09-24T18:01:53+00:00,
textfx.withgoogle.com,online,B,78.5,Light advertising,2,1,0,0,0,1,66.8,2,2,Artificial-Intelligence,https://textfx.withgoogle.com/,2026-09-12T21:42:32+00:00,
theminimalpour.com,online,B,78.5,Light advertising,2,1,0,0,0,1,45.4,2,0,Misc,https://theminimalpour.com/,2026-09-20T21:52:34+00:00,
toggl.com,online,B,78.5,Light advertising,2,1,0,0,0,1,51.4,2,0,Gaming,https://toggl.com/startup-simulator/,2026-09-20T12:42:06+00:00,
www.5movierulz.markets,online,B,78.5,Light advertising,1,1,0,0,0,4,33.0,2,0,Non-Eng,https://www.5movierulz.markets/,2026-09-23T06:43:24+00:00,
www.algodoo.com,online,B,78.5,Light advertising,2,1,0,0,0,1,37.5,2,0,Educational,https://www.algodoo.com/,2026-09-18T17:16:20+00:00,
www.bemyeyes.com,online,B,78.5,Light advertising,5,2,0,0,0,1,14.9,2,0,Misc,https://www.bemyeyes.com/,2026-09-20T21:52:34+00:00,
www.exvagos.org,online,B,78.5,Light advertising,2,1,0,0,0,1,99.8,2,0,Non-Eng,https://www.exvagos.org/,2026-09-23T13:04:02+00:00,
www.firefox.com,online,B,78.5,Light advertising,2,1,0,0,0,1,39.2,5,5,Mobile,https://www.firefox.com/browsers/mobile/android/,2026-09-12T16:31:29+00:00,
www.freecodecamp.org,online,B,78.5,Light advertising,2,1,0,0,0,1,54.2,3,3,Educational,https://www.freecodecamp.org/,2026-09-12T16:31:29+00:00,
www.hvsc.c64.org,online,B,78.5,Light advertising,2,1,0,0,0,1,78.8,2,0,Music,https://www.hvsc.c64.org/,2026-09-22T12:53:35+00:00,
www.makeawordsearch.net,online,B,78.5,Light advertising,1,1,0,0,0,4,62.7,2,0,Gaming,http://www.makeawordsearch.net/,2026-09-20T07:03:23+00:00,
www.nzdf.mil.nz,online,B,78.5,Light advertising,2,1,0,0,0,1,32.5,1,0,Reading,https://www.nzdf.mil.nz/media-centre/search-our-libraries/documents/,2026-09-27T17:58:51+00:00,
www.postsecretvoicemail.com,online,B,78.5,Light advertising,1,1,0,0,0,4,63.1,1,0,Misc,https://www.postsecretvoicemail.com/,2026-09-26T12:31:41+00:00,
www.thetradersden.org,online,B,78.5,Light advertising,1,1,0,0,0,4,44.8,2,0,Music,http://www.thetradersden.org/,2026-09-22T12:53:35+00:00,
www.uniprot.org,online,B,78.5,Light advertising,1,1,0,0,0,4,30.9,2,0,Educational,https://www.uniprot.org/,2026-08-29T17:26:18+00:00,
www.vivatorrents.org,online,B,78.5,Light advertising,2,1,0,0,0,1,78.4,2,0,Non-Eng,https://www.vivatorrents.org/,2026-09-23T13:04:02+00:00,
zxpinstaller.com,online,B,78.5,Light advertising,2,1,0,0,0,1,52.4,2,0,Downloading,https://zxpinstaller.com/,2026-09-18T17:16:20+00:00,
app.zenflowchart.com,online,B,78.6,Light advertising,5,2,0,0,0,7,8.8,1,0,Music,https://app.zenflowchart.com/zen-sounds,2026-09-27T07:08:34+00:00,
readyourflow.com,online,B,78.6,Light advertising,2,2,0,0,0,0,24.8,2,0,Reading,https://readyourflow.com/,2026-09-23T22:29:49+00:00,
textcortex.com,online,B,78.6,Light advertising,5,2,0,0,0,10,5.8,1,0,Misc,https://textcortex.com/,2026-09-26T12:31:41+00:00,
www.blackpast.org,online,B,78.6,Light advertising,5,4,0,0,0,1,2.8,2,0,Educational,https://www.blackpast.org/,2026-09-19T06:40:29+00:00,
lab.learnbin.net,online,B,78.7,Light advertising,9,1,0,0,0,1,8.7,1,0,Educational,https://lab.learnbin.net/,2026-09-25T18:07:54+00:00,
moviepire.org,online,B,78.7,Light advertising,8,3,0,0,0,0,0.7,2,0,Streaming,https://moviepire.org/,2026-09-24T18:01:53+00:00,
saa-recovery.org,online,B,78.7,Light advertising,4,4,0,0,0,2,4.6,2,0,Misc,https://saa-recovery.org/,2026-09-21T07:14:22+00:00,
weavesilk.com,online,B,78.7,Light advertising,2,1,0,0,0,5,25.6,2,0,Misc,http://weavesilk.com/,2026-09-21T22:53:03+00:00,
wikitravel.org,online,B,78.7,Light advertising,4,2,0,0,0,1,17.7,1,1,Misc,https://wikitravel.org/,2026-09-13T21:45:32+00:00,
anonymsms.com,online,B,78.8,Light advertising,8,2,0,0,0,0,6.3,1,0,Storage,https://anonymsms.com/temporary-phone-number/,2026-09-28T07:40:47+00:00,
plumvillage.app,online,B,78.8,Light advertising,5,4,0,0,0,2,1.3,1,1,Misc,https://plumvillage.app/,2026-09-13T21:45:32+00:00,
seriesperu.com,online,B,78.8,Light advertising,3,2,0,0,0,2,19.5,2,0,Non-Eng,https://seriesperu.com/,2026-09-23T13:04:02+00:00,
wordlevs.com,online,B,78.8,Light advertising,1,1,0,0,0,4,29.5,2,0,Gaming,https://wordlevs.com/,2026-09-20T07:03:23+00:00,
www.kavitareader.com,online,B,78.8,Light advertising,2,1,0,0,0,1,29.4,2,0,Storage,https://www.kavitareader.com/,2026-09-28T07:40:47+00:00,
www.opendronemap.org,online,B,78.8,Light advertising,2,1,0,0,0,3,27.4,2,0,Educational,https://www.opendronemap.org/,2026-09-19T06:40:29+00:00,
www.mojevideo.sk,online,B,78.9,Light advertising,2,1,2,0,0,0,10.2,2,0,Non-Eng,https://www.mojevideo.sk/,2026-09-23T13:04:02+00:00,
67movies.nl,,B,79.0,Light advertising,10,2,0,0,0,0,0.0,2,2,Streaming,https://67movies.nl/,2026-08-13T20:28:46+00:00,
adb.arcadeitalia.net,online,B,79.0,Light advertising,1,1,0,0,0,3,39.3,1,0,Gaming,https://adb.arcadeitalia.net/default.php,2026-09-25T18:07:54+00:00,
app.atlasobscura.com,online,B,79.0,Light advertising,2,2,0,0,0,1,22.9,1,1,Misc,https://app.atlasobscura.com/,2026-09-13T21:45:32+00:00,
artsexperiments.withgoogle.com,online,B,79.0,Light advertising,2,1,0,0,0,0,38.0,1,0,Educational,https://artsexperiments.withgoogle.com/periodic-table/,2026-09-25T13:02:00+00:00,
brantsteele.com,online,B,79.0,Light advertising,1,1,0,0,0,3,30.7,2,0,Gaming,https://brantsteele.com/index.php,2026-09-20T12:42:06+00:00,
cah4e3.shedevr.org.ru,online,B,79.0,Light advertising,1,1,0,0,0,3,88.2,2,0,Gaming,https://cah4e3.shedevr.org.ru/,2026-09-20T07:03:23+00:00,
classicalmusiconly.com,online,B,79.0,Light advertising,1,1,0,0,0,3,33.2,2,0,Music,https://classicalmusiconly.com/,2026-09-22T06:49:41+00:00,
cubari.moe,online,B,79.0,Light advertising,1,1,0,0,0,3,69.5,2,0,Reading,https://cubari.moe/,2026-09-23T18:01:31+00:00,
dashy.to,online,B,79.0,Light advertising,2,1,3,0,0,0,0.0,1,1,Linux,https://dashy.to/,2026-09-13T21:45:32+00:00,
david-peter.de,online,B,79.0,Light advertising,1,1,0,0,0,3,33.8,2,0,Gaming,https://david-peter.de/quizzity/,2026-09-20T17:01:41+00:00,
dotepub.com,online,B,79.0,Light advertising,1,1,0,0,0,3,42.5,1,1,Reading,https://dotepub.com/,2026-09-17T17:47:40+00:00,
fakinthefunk.net,online,B,79.0,Light advertising,10,2,0,0,0,0,0.0,2,2,Music,https://fakinthefunk.net/,2026-09-20T07:03:23+00:00,
femurdesign.com,online,B,79.0,Light advertising,1,1,0,0,0,3,37.0,2,0,Music,https://femurdesign.com/theremin/,2026-09-22T17:49:43+00:00,
flukeout.github.io,online,B,79.0,Light advertising,1,1,0,0,0,3,55.2,1,0,Educational,https://flukeout.github.io/,2026-09-25T18:07:54+00:00,
fretastic.com,online,B,79.0,Light advertising,1,1,0,0,0,3,71.3,1,0,Educational,https://fretastic.com/guitar,2026-09-25T13:02:00+00:00,
getintra.org,online,B,79.0,Light advertising,2,1,0,0,0,0,43.9,2,0,Mobile,https://getintra.org,2026-09-22T06:49:41+00:00,
globalnaturewatch.org,online,B,79.0,Light advertising,3,2,0,0,0,20,1.0,2,0,Misc,https://globalnaturewatch.org/map/,2026-09-09T12:30:35+00:00,
gokibitz.com,online,B,79.0,Light advertising,1,1,0,0,0,3,70.1,2,0,Educational,https://gokibitz.com/,2026-09-19T12:07:10+00:00,
gpodder.github.io,online,B,79.0,Light advertising,1,1,0,0,0,3,51.5,1,0,Music,https://gpodder.github.io/,2026-09-27T07:08:34+00:00,
grupahatak.pl,online,B,79.0,Light advertising,1,1,0,0,0,3,32.1,1,0,Non-Eng,https://grupahatak.pl/,2026-09-27T17:58:51+00:00,
haxiomic.github.io,online,B,79.0,Light advertising,1,1,0,0,0,3,63.0,1,0,Educational,https://haxiomic.github.io/GPU-Fluid-Experiments/html5/,2026-09-25T06:39:48+00:00,
ichi.moe,online,B,79.0,Light advertising,1,1,0,0,0,3,61.6,2,0,Storage,https://ichi.moe/,2026-09-24T12:57:21+00:00,
incidecoder.com,online,B,79.0,Light advertising,1,1,0,0,0,3,30.9,4,0,Misc,https://incidecoder.com/,2026-08-18T20:01:14+00:00,
inkeedecoder.com,online,B,79.0,Light advertising,1,1,0,0,0,3,31.7,4,0,Misc,https://inkeedecoder.com/,2026-09-10T12:24:16+00:00,
jimmortensen.gumroad.com,online,B,79.0,Light advertising,2,1,0,0,0,0,47.2,1,0,Educational,https://jimmortensen.gumroad.com/l/JMMStoryboardTips,2026-09-25T13:02:00+00:00,
kanji.koohii.com,online,B,79.0,Light advertising,1,1,0,0,0,3,37.0,1,0,Storage,https://kanji.koohii.com/,2026-09-28T07:40:47+00:00,
letslearnhangul.com,online,B,79.0,Light advertising,1,1,0,0,0,3,47.2,2,0,Educational,http://letslearnhangul.com/,2026-09-19T16:51:07+00:00,
list.hangout.audio,online,B,79.0,Light advertising,1,1,0,0,0,3,53.7,1,0,Misc,https://list.hangout.audio/iem,2026-09-26T12:31:41+00:00,
littlealchemy.com,online,B,79.0,Light advertising,1,1,0,0,0,3,35.0,1,1,Gaming,https://littlealchemy.com/,2026-09-13T21:45:32+00:00,
magcius.github.io,online,B,79.0,Light advertising,1,1,0,0,0,3,76.2,2,0,Reading,https://magcius.github.io/xplain/article/,2026-09-23T22:29:49+00:00,
may.as,online,B,79.0,Light advertising,2,1,0,0,0,0,38.2,4,0,Educational Misc,https://may.as/moat/,2026-09-17T22:29:32+00:00,
musicforprogramming.net,online,B,79.0,Light advertising,1,1,0,0,0,3,50.5,1,1,Music,https://musicforprogramming.net/latest/,2026-09-17T17:47:40+00:00,
musicorumapp.com,online,B,79.0,Light advertising,1,1,0,0,0,3,45.7,1,0,Music,https://musicorumapp.com/generate,2026-09-27T07:08:34+00:00,
muzei.co,online,B,79.0,Light advertising,1,1,0,0,0,3,36.0,2,0,Mobile,https://muzei.co/,2026-09-22T06:49:41+00:00,
nipponcolors.com,online,B,79.0,Light advertising,1,1,0,0,0,3,42.3,2,0,Storage,https://nipponcolors.com/,2026-09-24T12:57:21+00:00,
ntv.cx,online,B,79.0,Light advertising,1,1,0,0,0,3,45.0,2,2,Streaming,http://ntv.cx/,2026-09-12T21:42:32+00:00,
ntv.st,online,B,79.0,Light advertising,1,1,0,0,0,3,44.4,2,2,Streaming,http://ntv.st/,2026-08-29T17:26:18+00:00,
ntvs.cx,online,B,79.0,Light advertising,1,1,0,0,0,3,45.0,2,2,Streaming,https://ntvs.cx/,2026-09-13T12:54:24+00:00,
ocw.mit.edu,online,B,79.0,Light advertising,3,2,0,0,0,4,16.9,2,2,Educational,https://ocw.mit.edu/,2026-09-12T21:42:32+00:00,
omniglot.com,online,B,79.0,Light advertising,2,1,0,0,0,0,66.5,2,2,Educational,https://omniglot.com/,2026-09-12T21:42:32+00:00,
oorboekje.nl,online,B,79.0,Light advertising,1,1,0,0,0,3,56.3,2,0,Non-Eng,https://oorboekje.nl/,2026-09-23T18:01:31+00:00,
osssoftware.org,online,B,79.0,Light advertising,1,1,2,0,0,0,13.1,2,0,Downloading,https://osssoftware.org/,2026-09-18T17:16:20+00:00,
paperswelove.org,online,B,79.0,Light advertising,1,1,0,0,0,3,50.5,2,0,Educational,https://paperswelove.org/,2026-09-19T16:51:07+00:00,
paveldogreat.github.io,online,B,79.0,Light advertising,1,1,0,0,0,3,63.4,1,0,Educational,https://paveldogreat.github.io/WebGL-Fluid-Simulation/,2026-09-25T06:39:48+00:00,
periodictableapp.com,online,B,79.0,Light advertising,1,1,0,0,0,3,85.7,2,0,Educational,https://periodictableapp.com/,2026-08-20T02:46:21+00:00,
random-website.com,online,B,79.0,Light advertising,3,2,0,0,0,2,19.1,2,0,Misc,https://random-website.com/,2026-09-20T21:52:34+00:00,
readspike.com,online,B,79.0,Light advertising,1,1,0,0,0,3,84.1,2,0,Misc,https://readspike.com/,2026-09-21T07:14:22+00:00,
repository.alt.ac.uk,online,B,79.0,Light advertising,1,1,0,0,0,3,59.8,2,0,Reading,https://repository.alt.ac.uk/view/subjects/,2026-09-24T06:47:05+00:00,
sanskritdocuments.org,online,B,79.0,Light advertising,1,1,0,0,0,3,59.6,2,0,Non-Eng,https://sanskritdocuments.org,2026-09-23T06:43:24+00:00,
scenelist.org,online,B,79.0,Light advertising,1,1,0,0,0,3,46.2,1,0,Downloading,https://scenelist.org/,2026-09-25T06:39:48+00:00,
seclists.org,online,B,79.0,Light advertising,1,1,0,0,0,3,36.2,2,0,Adblock,https://seclists.org/,2026-08-29T17:26:18+00:00,
see.stanford.edu,online,B,79.0,Light advertising,1,1,0,0,0,3,38.2,2,0,Educational,https://see.stanford.edu/,2026-09-19T16:51:07+00:00,
shamela.ws,online,B,79.0,Light advertising,1,1,0,0,0,3,37.5,2,0,Non-Eng,https://shamela.ws/,2026-09-22T17:49:43+00:00,
sheetmusicforfree.com,online,B,79.0,Light advertising,1,1,0,0,0,3,52.3,2,0,Storage,https://sheetmusicforfree.com/,2026-08-25T08:25:42+00:00,
siptv.eu,online,B,79.0,Light advertising,1,1,0,0,0,3,74.5,2,0,Streaming,https://siptv.eu/converter/,2026-09-24T22:46:15+00:00,
soundtracktracklist.com,online,B,79.0,Light advertising,2,2,0,0,0,7,17.1,2,0,Music,https://soundtracktracklist.com/,2026-09-22T17:49:43+00:00,
speechling.com,online,B,79.0,Light advertising,2,2,0,0,0,3,21.0,2,0,Educational,https://speechling.com/tools,2026-09-19T12:07:10+00:00,
streamtim.com,online,B,79.0,Light advertising,1,1,0,0,0,3,69.9,1,0,Streaming,https://streamtim.com/,2026-09-28T16:00:57+00:00,
thewhitenoisemachine.com,online,B,79.0,Light advertising,2,1,0,0,0,0,100.0,2,0,Music,https://thewhitenoisemachine.com/,2026-09-22T12:53:35+00:00,
toonily.com,online,B,79.0,Light advertising,2,2,0,0,0,1,23.0,2,0,Reading,https://toonily.com/,2026-09-23T22:29:49+00:00,
tweek.so,online,B,79.0,Light advertising,4,2,0,0,0,4,13.9,2,0,Misc,https://tweek.so/,2026-09-21T14:36:48+00:00,
vgmrips.net,online,B,79.0,Light advertising,1,1,0,0,0,3,32.8,2,0,Music,https://vgmrips.net/packs/,2026-09-22T12:53:35+00:00,
web.getmarks.app,online,B,79.0,Light advertising,1,1,0,0,0,3,30.9,2,0,Educational,https://web.getmarks.app/,2026-09-19T21:48:19+00:00,
wiki-map.com,online,B,79.0,Light advertising,1,1,0,0,0,3,32.4,1,0,Misc,https://wiki-map.com/,2026-09-25T22:52:29+00:00,
wiktenauer.com,online,B,79.0,Light advertising,1,1,0,0,0,3,72.6,2,0,Reading,https://wiktenauer.com/,2026-09-23T22:29:49+00:00,
www.chemistrysteps.com,online,B,79.0,Light advertising,1,1,0,0,0,3,30.3,2,0,Educational,https://www.chemistrysteps.com/,2026-09-19T06:40:29+00:00,
www.chinafirewalltest.com,online,B,79.0,Light advertising,1,1,0,0,0,3,37.6,1,0,Non-Eng,https://www.chinafirewalltest.com/,2026-09-27T07:08:34+00:00,
www.chineseflashcards.io,online,B,79.0,Light advertising,1,1,0,0,0,3,78.7,2,0,Educational,https://www.chineseflashcards.io/,2026-09-19T16:51:07+00:00,
www.climatefiles.com,online,B,79.0,Light advertising,1,1,0,0,0,3,60.7,2,0,Reading,https://www.climatefiles.com/,2026-09-24T06:47:05+00:00,
www.darlinghq.org,online,B,79.0,Light advertising,1,1,0,0,0,3,40.2,2,0,Linux,https://www.darlinghq.org/,2026-09-20T17:01:41+00:00,
www.doshaven.eu,online,B,79.0,Light advertising,1,1,0,0,0,3,74.9,2,0,Gaming,https://www.doshaven.eu/,2026-09-19T21:48:19+00:00,
www.earlymoderntexts.com,online,B,79.0,Light advertising,1,1,0,0,0,3,79.4,4,4,Educational Reading,https://www.earlymoderntexts.com,2026-09-12T16:31:29+00:00,
www.englishbanana.com,online,B,79.0,Light advertising,1,1,0,0,0,3,49.8,2,0,Educational,https://www.englishbanana.com/,2026-09-19T16:51:07+00:00,
www.globalforestwatch.org,online,B,79.0,Light advertising,3,2,0,0,0,23,1.0,2,0,Misc,https://www.globalforestwatch.org/map/,2026-08-22T02:44:23+00:00,
www.haraldjoergens.com,online,B,79.0,Light advertising,1,1,0,0,0,3,31.9,4,0,Educational,https://www.haraldjoergens.com/panoramas.php,2026-09-18T17:16:20+00:00,
www.hermann.is,online,B,79.0,Light advertising,1,1,0,0,0,3,65.7,1,0,Misc,https://www.hermann.is/gravity/,2026-09-26T12:31:41+00:00,
www.kingdomofloathing.com,online,B,79.0,Light advertising,1,1,0,0,0,3,39.8,2,0,Gaming,https://www.kingdomofloathing.com/,2026-09-20T12:42:06+00:00,
www.mobilephonemuseum.com,online,B,79.0,Light advertising,2,1,0,0,0,0,53.1,2,0,Educational,https://www.mobilephonemuseum.com/,2026-09-19T06:40:29+00:00,
www.nomoreransom.org,online,B,79.0,Light advertising,1,1,0,0,0,3,68.6,2,0,Adblock,https://www.nomoreransom.org/en/decryption-tools.html,2026-09-18T06:42:10+00:00,
www.omniglot.com,online,B,79.0,Light advertising,2,1,0,0,0,0,67.3,2,0,Educational,https://www.omniglot.com/index.htm,2026-09-19T21:48:19+00:00,
www.rhcplivearchive.com,online,B,79.0,Light advertising,1,1,0,0,0,3,32.7,2,0,Music,https://www.rhcplivearchive.com/,2026-09-22T12:53:35+00:00,
www.sledujteto.cz,online,B,79.0,Light advertising,1,1,0,0,0,3,37.8,2,0,Non-Eng,https://www.sledujteto.cz/,2026-09-22T22:28:30+00:00,
www.strml.net,online,B,79.0,Light advertising,1,1,0,0,0,3,65.6,1,0,Educational,https://www.strml.net/,2026-09-25T18:07:54+00:00,
www.wireguard.com,online,B,79.0,Light advertising,1,1,0,0,0,3,45.8,4,4,Adblock,https://www.wireguard.com/,2026-09-12T16:31:29+00:00,
www.xdcc.eu,online,B,79.0,Light advertising,1,1,0,0,0,3,64.6,2,0,Downloading,https://www.xdcc.eu/,2026-09-18T17:16:20+00:00,
www.y8.com,online,B,79.0,Light advertising,0,0,4,0,0,2,0.0,2,0,Gaming,https://www.y8.com/,2026-09-20T12:42:06+00:00,
www7.iplusfree.org,online,B,79.0,Light advertising,1,1,0,0,0,3,48.6,2,0,Music,https://www7.iplusfree.org/,2026-09-22T12:53:35+00:00,
youfeellikeshit.com,online,B,79.0,Light advertising,1,1,0,0,0,3,58.2,1,0,Misc,https://youfeellikeshit.com/,2026-09-25T22:52:29+00:00,
leetcode.com,online,B,79.1,Light advertising,4,2,0,0,0,7,10.8,2,2,Educational,https://leetcode.com/,2026-09-12T21:42:32+00:00,
seedfinder.eu,online,B,79.1,Light advertising,3,1,0,0,0,5,21.8,2,0,Misc,https://seedfinder.eu/en,2026-09-20T21:52:34+00:00,
www.kimi.ai,online,B,79.1,Light advertising,4,3,0,0,0,2,9.8,2,0,Artificial-Intelligence,https://www.kimi.ai/,2026-09-19T12:07:10+00:00,
annict.com,online,B,79.2,Light advertising,6,2,0,0,0,0,11.7,2,0,Non-Eng,https://annict.com/,2026-09-23T06:43:24+00:00,
baiscopedownloads.link,online,B,79.2,Light advertising,6,3,0,0,0,2,3.6,2,0,Non-Eng,https://baiscopedownloads.link/,2026-09-23T18:01:31+00:00,
datagifmaker.withgoogle.com,online,B,79.2,Light advertising,2,1,0,0,0,1,28.7,1,0,Storage,https://datagifmaker.withgoogle.com/,2026-08-28T13:26:35+00:00,
dolthpt.vn,online,B,79.2,Light advertising,2,1,0,0,0,4,25.6,2,0,Non-Eng,https://dolthpt.vn/,2026-09-23T18:01:31+00:00,
dynamitejobs.com,online,B,79.2,Light advertising,2,2,0,0,0,5,18.7,2,0,Misc,https://dynamitejobs.com/,2026-09-21T14:36:48+00:00,
guidetojapanese.org,online,B,79.2,Light advertising,5,3,0,0,0,3,5.7,1,0,Storage,https://guidetojapanese.org/,2026-09-28T07:40:47+00:00,
howlongtoread.com,online,B,79.2,Light advertising,2,2,0,0,0,1,22.7,2,0,Reading,https://howlongtoread.com/,2026-09-24T06:47:05+00:00,
iasip.app,online,B,79.2,Light advertising,2,1,0,0,0,2,27.7,2,0,Misc,https://iasip.app/,2026-09-22T06:49:41+00:00,
icon-icons.com,online,B,79.2,Light advertising,2,2,0,0,0,1,22.7,1,0,Storage,https://icon-icons.com/,2026-08-29T08:22:00+00:00,
readdle.com,online,B,79.2,Light advertising,5,3,0,0,0,5,3.7,2,2,Linux,https://readdle.com/documents,2026-09-13T06:49:25+00:00,
rocketgoal.io,online,B,79.2,Light advertising,5,4,0,0,0,1,1.6,2,0,Gaming,https://rocketgoal.io/,2026-09-20T12:42:06+00:00,
techspecs.io,online,B,79.2,Light advertising,1,1,0,0,0,10,22.7,2,0,Misc,https://techspecs.io/,2026-09-17T17:47:40+00:00,
thatguyedd.github.io,online,B,79.2,Light advertising,3,3,0,0,0,2,12.6,2,2,Educational Music,https://thatguyedd.github.io/,2026-09-12T21:42:32+00:00,
tunetank.com,online,B,79.2,Light advertising,4,4,0,0,0,2,3.6,2,0,Music,https://tunetank.com/,2026-09-22T12:53:35+00:00,
verpeliculasultra.com,online,B,79.2,Light advertising,2,1,0,0,0,2,27.5,2,0,Non-Eng,https://verpeliculasultra.com/,2026-09-23T13:04:02+00:00,
www.biomedcentral.com,online,B,79.2,Light advertising,4,2,0,0,0,2,15.7,2,0,Reading,https://www.biomedcentral.com/,2026-08-25T02:47:36+00:00,
www.ccamc.co,online,B,79.2,Light advertising,2,2,0,0,0,4,19.5,2,0,Non-Eng,http://www.ccamc.co/,2026-09-22T22:28:30+00:00,
www.diycraftsguide.com,online,B,79.2,Light advertising,1,1,2,0,0,1,11.5,2,0,Non-Eng,https://www.diycraftsguide.com/safeasli,2026-09-24T12:57:21+00:00,
www.megacartoons.net,online,B,79.2,Light advertising,2,2,1,0,0,1,12.6,2,0,Streaming,https://www.megacartoons.net/,2026-09-24T18:01:53+00:00,
www.movi.pk,online,B,79.2,Light advertising,3,2,1,0,0,2,8.6,2,0,Non-Eng,https://www.movi.pk/,2026-09-23T06:43:24+00:00,
www.progrockvintage.com,online,B,79.2,Light advertising,4,4,0,0,0,3,2.6,2,0,Music,https://www.progrockvintage.com/,2026-08-30T13:18:17+00:00,
www.virustotal.com,online,B,79.2,Light advertising,3,2,0,0,0,3,17.7,5,3,Adblock Downloading,https://www.virustotal.com/,2026-09-12T16:31:29+00:00,
blueskytracker.app,online,B,79.3,Light advertising,3,3,0,0,0,0,14.4,2,0,Mobile,https://blueskytracker.app/,2026-09-22T06:49:41+00:00,
hkchengrex.com,online,B,79.3,Light advertising,5,3,0,0,0,1,7.3,2,0,Artificial-Intelligence,https://hkchengrex.com/MMAudio/,2026-09-18T17:16:20+00:00,
hplus.com.vn,online,B,79.3,Light advertising,4,3,0,0,0,5,6.3,2,0,Non-Eng,https://hplus.com.vn/,2026-09-23T18:01:31+00:00,
kayago.app,online,B,79.3,Light advertising,3,1,0,0,0,2,24.3,2,0,Educational,https://kayago.app/,2026-09-19T12:07:10+00:00,
moonflix.website,online,B,79.3,Light advertising,1,1,0,0,0,13,19.4,2,0,Streaming,https://moonflix.website/,2026-09-24T18:01:53+00:00,
movie-sync-app.web.app,online,B,79.3,Light advertising,2,1,0,0,0,1,28.4,2,0,Streaming,https://movie-sync-app.web.app/,2026-09-24T22:46:15+00:00,
www.ccel.org,online,B,79.3,Light advertising,4,1,0,0,0,4,19.3,2,0,Reading,https://www.ccel.org/,2026-09-24T06:47:05+00:00,
fakeupdate.net,online,B,79.4,Light advertising,3,3,0,0,0,3,11.2,1,0,Misc,https://fakeupdate.net/,2026-09-26T12:31:41+00:00,
minireview.io,online,B,79.4,Light advertising,3,2,0,0,0,12,8.2,2,0,Misc,https://minireview.io/browse?sort=last-added-reviews&monetization=free&monetization-android=free&monetization-ios=free,2026-09-20T21:52:34+00:00,
www.digmandarin.com,online,B,79.4,Light advertising,2,1,0,0,0,1,28.2,1,0,Educational,https://www.digmandarin.com/,2026-09-25T13:02:00+00:00,
www.freereadfeed.com,online,B,79.4,Light advertising,2,1,0,0,0,2,27.2,4,0,Misc Reading,https://www.freereadfeed.com/,2026-09-18T06:42:10+00:00,
50waystogetajob.com,online,B,79.5,Light advertising,2,2,0,0,0,5,18.1,2,0,Misc,https://50waystogetajob.com/,2026-09-21T07:14:22+00:00,
assrt.net,online,B,79.5,Light advertising,1,1,0,0,0,2,100.0,2,0,Non-Eng,https://assrt.net/,2026-09-22T17:49:43+00:00,
azseries.org,online,B,79.5,Light advertising,2,1,0,0,0,2,26.9,2,0,Streaming,https://azseries.org/,2026-09-24T18:01:53+00:00,
banana.ovo.re,,B,79.5,Light advertising,1,1,0,0,0,2,63.1,2,2,Artificial-Intelligence,https://banana.ovo.re/,2026-08-13T17:57:57+00:00,
colnect.com,online,B,79.5,Light advertising,1,1,0,0,0,2,42.7,2,0,Misc,https://colnect.com/en,2026-08-29T22:00:23+00:00,
freeshow.app,online,B,79.5,Light advertising,5,4,0,0,0,1,1.0,1,0,Storage,https://freeshow.app/,2026-09-28T07:40:47+00:00,
gamesrecap.io,online,B,79.5,Light advertising,1,1,0,0,0,2,55.4,2,0,Misc,https://gamesrecap.io/,2026-09-21T07:14:22+00:00,
geektyper.com,online,B,79.5,Light advertising,5,3,0,0,0,3,5.1,1,0,Misc,https://geektyper.com/,2026-09-26T12:31:41+00:00,
kukufm.com,online,B,79.5,Light advertising,4,3,0,0,0,6,5.0,2,0,Non-Eng,https://kukufm.com/,2026-08-23T19:58:11+00:00,
mangakoma01.net,online,B,79.5,Light advertising,3,1,1,0,0,3,13.0,2,0,Non-Eng,https://mangakoma01.net/,2026-09-23T06:43:24+00:00,
microsoftgraveyard.com,online,B,79.5,Light advertising,1,1,0,0,0,2,82.6,1,0,Educational,https://microsoftgraveyard.com/,2026-09-25T13:02:00+00:00,
mkissa.to,online,B,79.5,Light advertising,1,1,0,0,0,2,38.9,3,2,Reading Streaming,https://mkissa.to/,2026-09-12T21:42:32+00:00,
modelscope.ai,online,B,79.5,Light advertising,4,4,0,0,0,1,4.1,4,0,Artificial-Intelligence,https://modelscope.ai/civision/videoGeneration,2026-09-17T22:29:32+00:00,
orion.lukasbach.com,online,B,79.5,Light advertising,1,1,0,0,0,2,41.5,2,0,Gaming,https://orion.lukasbach.com/,2026-09-20T07:03:23+00:00,
packet.school,online,B,79.5,Light advertising,1,1,0,0,0,2,66.2,2,0,Educational,https://packet.school/,2026-09-19T16:51:07+00:00,
pantyflix.com,online,B,79.5,Light advertising,1,1,0,0,0,2,50.7,1,0,Streaming,https://pantyflix.com/,2026-09-04T12:16:28+00:00,
pixelbuddha.net,online,B,79.5,Light advertising,2,1,0,0,0,1,28.1,1,0,Storage,https://pixelbuddha.net/,2026-09-28T07:40:47+00:00,
psvitavpk.com,online,B,79.5,Light advertising,2,1,0,0,0,2,27.0,2,2,Gaming,https://psvitavpk.com/,2026-09-12T21:42:32+00:00,
really.boring.website,online,B,79.5,Light advertising,1,1,0,0,0,2,38.5,2,0,Gaming,https://really.boring.website/,2026-09-20T12:42:06+00:00,
schoolyourself.org,online,B,79.5,Light advertising,3,2,0,0,0,3,17.1,1,0,Educational,https://schoolyourself.org/,2026-08-26T02:55:42+00:00,
shademanga.com,online,B,79.5,Light advertising,1,1,0,0,0,2,73.2,2,0,Non-Eng,https://shademanga.com/,2026-09-26T12:31:41+00:00,
sightread.dev,online,B,79.5,Light advertising,1,1,0,0,0,2,89.4,1,0,Educational,https://sightread.dev/,2026-09-25T13:02:00+00:00,
sonicbit.net,online,B,79.5,Light advertising,1,1,0,0,0,2,33.2,2,0,Torrenting,https://sonicbit.net/,2026-09-25T06:39:48+00:00,
tempboxpro.com,online,B,79.5,Light advertising,1,1,0,0,0,2,64.3,1,0,Storage,https://tempboxpro.com/temp-number,2026-09-28T07:40:47+00:00,
time.graphics,online,B,79.5,Light advertising,1,1,0,0,0,2,39.3,1,0,Misc,https://time.graphics/,2026-09-26T12:31:41+00:00,
toolknit.com,online,B,79.5,Light advertising,1,1,0,0,0,2,59.4,2,0,Misc,https://toolknit.com/,2026-09-21T14:36:48+00:00,
translator.bookfere.com,online,B,79.5,Light advertising,3,3,0,0,0,1,12.9,2,2,Reading,https://translator.bookfere.com,2026-09-13T12:54:24+00:00,
watchtvs.live,online,B,79.5,Light advertising,1,1,0,0,0,2,46.3,2,0,Streaming,https://watchtvs.live/,2026-09-24T18:01:53+00:00,
wikitia.com,online,B,79.5,Light advertising,1,1,0,0,0,2,69.9,2,0,Educational,https://wikitia.com/,2026-09-19T21:48:19+00:00,
www.englishaccentsmap.com,online,B,79.5,Light advertising,2,1,0,0,0,5,24.1,2,0,Educational,https://www.englishaccentsmap.com/,2026-09-19T16:51:07+00:00,
www.flagdle.org,online,B,79.5,Light advertising,1,1,0,0,0,2,96.4,1,0,Educational,https://www.flagdle.org/,2026-09-25T13:02:00+00:00,
www.funniermoments.net,online,B,79.5,Light advertising,1,1,1,0,0,1,21.1,2,0,Streaming,https://www.funniermoments.net/,2026-09-24T18:01:53+00:00,
www.loficafe.net,online,B,79.5,Light advertising,1,1,0,0,0,2,100.0,2,0,Music,https://www.loficafe.net/,2026-09-22T12:53:35+00:00,
www.mealime.com,online,B,79.5,Light advertising,2,2,0,0,0,3,20.1,1,0,Misc,https://www.mealime.com/,2026-09-25T22:52:29+00:00,
www.pocketsign.org,online,B,79.5,Light advertising,1,1,0,0,0,2,39.0,1,0,Educational,https://www.pocketsign.org/,2026-09-25T13:02:00+00:00,
www.sqword.com,online,B,79.5,Light advertising,1,1,0,0,0,2,81.9,2,0,Gaming,https://www.sqword.com/,2026-09-20T07:03:23+00:00,
www.thesantatracker.com,online,B,79.5,Light advertising,2,2,0,0,0,1,22.1,2,0,Misc,https://www.thesantatracker.com/,2026-09-22T06:49:41+00:00,
www2.cifor.org,online,B,79.5,Light advertising,4,2,0,0,0,3,14.1,2,0,Misc,https://www2.cifor.org/global-wetlands/,2026-09-21T07:14:22+00:00,
tas360.au,online,B,79.6,Light advertising,2,2,0,0,0,1,21.8,1,0,Educational,https://tas360.au/explore,2026-09-25T06:39:48+00:00,
tftcentral.co.uk,online,B,79.6,Light advertising,3,2,1,0,0,2,7.8,1,0,Misc,https://tftcentral.co.uk/,2026-09-26T12:31:41+00:00,
utopia.fyi,online,B,79.6,Light advertising,1,1,0,0,0,3,28.8,1,0,Educational,https://utopia.fyi/,2026-09-25T18:07:54+00:00,
www.cubeskills.com,online,B,79.6,Light advertising,3,3,0,0,0,3,10.8,1,1,Educational,https://www.cubeskills.com/,2026-09-13T17:06:33+00:00,
www.tpointtech.com,online,B,79.6,Light advertising,2,2,0,0,0,2,20.8,1,0,Educational,https://www.tpointtech.com/,2026-09-25T13:02:00+00:00,
auslan.org.au,online,B,79.7,Light advertising,1,1,0,0,0,3,28.6,2,0,Educational,https://auslan.org.au/,2026-09-19T16:51:07+00:00,
dizipal1453.com,online,B,79.7,Light advertising,5,3,0,0,0,1,6.6,2,2,Non-Eng,https://dizipal1453.com/,2026-08-30T13:18:17+00:00,
emergencymedicinecases.com,online,B,79.7,Light advertising,5,2,0,0,0,4,9.7,2,0,Educational,https://emergencymedicinecases.com/,2026-09-19T06:40:29+00:00,
freebies.indiegala.com,online,B,79.7,Light advertising,4,2,0,0,0,4,12.6,2,0,Misc,https://freebies.indiegala.com/,2026-09-20T21:52:34+00:00,
goodsnooze.gumroad.com,online,B,79.7,Light advertising,2,1,0,0,0,1,27.6,2,0,Linux,https://goodsnooze.gumroad.com/l/macbing,2026-09-20T17:01:41+00:00,
musescore.org,online,B,79.7,Light advertising,3,3,0,0,0,3,10.7,2,2,Music,https://musescore.org/,2026-09-13T06:49:25+00:00,
openpaymentsdata.cms.gov,online,B,79.7,Light advertising,4,4,0,0,0,1,3.7,2,0,Reading,https://openpaymentsdata.cms.gov/,2026-09-24T06:47:05+00:00,
play.you.radio,online,B,79.7,Light advertising,2,2,0,0,0,1,21.7,2,0,Music,https://play.you.radio/,2026-08-23T02:52:34+00:00,
checkio.org,online,B,79.8,Light advertising,4,3,0,0,0,4,6.3,2,0,Educational,https://checkio.org/,2026-09-19T16:51:07+00:00,
chesslab.me,online,B,79.8,Light advertising,2,1,0,0,0,0,28.3,2,0,Educational,https://chesslab.me/,2026-09-19T12:07:10+00:00,
educationalhub.in,online,B,79.8,Light advertising,7,2,0,0,0,0,7.4,2,0,Educational,https://educationalhub.in/,2026-08-19T14:24:21+00:00,
emcrit.org,online,B,79.8,Light advertising,3,2,0,0,0,6,13.3,2,0,Educational,https://emcrit.org/,2026-09-19T06:40:29+00:00,
en.uncyclopedia.co,online,B,79.8,Light advertising,1,1,0,0,0,3,28.3,2,2,Misc,https://en.uncyclopedia.co/,2026-09-13T06:49:25+00:00,
kusonime.com,online,B,79.8,Light advertising,3,1,0,0,0,6,19.5,2,0,Non-Eng,https://kusonime.com/,2026-09-23T06:43:24+00:00,
player.bfi.org.uk,online,B,79.8,Light advertising,7,2,0,0,0,0,7.4,3,0,Streaming,https://player.bfi.org.uk/free,2026-09-18T12:26:05+00:00,
receivefreesms.co.uk,online,B,79.8,Light advertising,1,1,0,0,0,3,28.4,1,0,Storage,https://receivefreesms.co.uk/,2026-09-28T07:40:47+00:00,
topcinema.io,online,B,79.8,Light advertising,5,1,0,0,0,2,17.5,4,0,Non-Eng,https://topcinema.io/,2026-09-24T12:57:21+00:00,
www.android.com,online,B,79.8,Light advertising,4,3,0,0,0,1,9.3,2,2,Mobile,https://www.android.com/intl/en_au/learn-find-hub/,2026-09-13T06:49:25+00:00,
www.genesismud.org,online,B,79.8,Light advertising,1,1,0,0,0,3,28.5,1,0,Gaming,https://www.genesismud.org/,2026-09-25T18:07:54+00:00,
www.lightningmaps.org,online,B,79.8,Light advertising,2,1,2,0,0,0,8.3,1,0,Misc,https://www.lightningmaps.org/,2026-09-25T22:52:29+00:00,
www.mathplanet.com,online,B,79.8,Light advertising,2,1,0,0,0,1,27.3,1,0,Educational,https://www.mathplanet.com/,2026-09-25T06:39:48+00:00,
www.pulpmags.org,online,B,79.8,Light advertising,2,2,0,0,0,3,19.4,2,0,Reading,https://www.pulpmags.org/,2026-09-23T22:29:49+00:00,
animezid.cam,online,B,79.9,Light advertising,1,1,2,0,0,9,2.2,2,0,Non-Eng,https://animezid.cam/,2026-09-24T12:57:21+00:00,
filter.watch,online,B,79.9,Light advertising,2,2,0,0,0,1,21.2,6,0,Adblock Misc Non-Eng,https://filter.watch/english/,2026-09-17T22:29:32+00:00,
www.ertflix.gr,online,B,79.9,Light advertising,3,3,0,0,0,1,12.2,2,0,Non-Eng,https://www.ertflix.gr/en/,2026-09-22T22:28:30+00:00,
www.shortverse.com,online,B,79.9,Light advertising,4,4,0,0,0,1,3.2,1,1,Streaming,https://www.shortverse.com/explore,2026-09-17T22:29:32+00:00,
www.waze.com,online,B,79.9,Light advertising,6,1,0,0,0,5,11.2,3,0,Misc,https://www.waze.com/,2026-09-18T12:26:05+00:00,
a16zcrypto.com,online,B,80.0,Light advertising,1,1,0,0,0,1,36.5,1,0,Misc,https://a16zcrypto.com/posts/article/crypto-readings-resources/,2026-09-26T12:31:41+00:00,
airfoiltools.com,online,B,80.0,Light advertising,1,1,0,0,0,1,43.5,2,0,Educational,http://airfoiltools.com/,2026-09-19T06:40:29+00:00,
akniga.org,online,B,80.0,Light advertising,1,1,3,0,0,1,0.0,1,0,Non-Eng,https://akniga.org/,2026-09-27T17:58:51+00:00,
allwrestling24.com,online,B,80.0,Light advertising,1,1,0,0,0,1,43.5,2,0,Streaming,https://allwrestling24.com/,2026-09-24T22:46:15+00:00,
alphabeticle.xyz,online,B,80.0,Light advertising,1,1,0,0,0,1,38.1,2,0,Gaming,https://alphabeticle.xyz/,2026-09-20T07:03:23+00:00,
ancientgraffiti.org,online,B,80.0,Light advertising,1,1,0,0,0,1,54.0,2,0,Educational,https://ancientgraffiti.org/,2026-09-19T06:40:29+00:00,
anibase.net,online,B,80.0,Light advertising,1,1,0,0,0,1,100.0,1,0,Streaming,https://anibase.net/,2026-09-28T16:00:57+00:00,
anidoor.me,online,B,80.0,Light advertising,1,1,0,0,0,1,77.5,2,0,Streaming,https://anidoor.me/,2026-09-24T18:01:53+00:00,
anime.plus,online,B,80.0,Light advertising,1,1,0,0,0,1,30.2,2,0,Storage,https://anime.plus/,2026-09-24T12:57:21+00:00,
animesub.info,online,B,80.0,Light advertising,1,1,0,0,0,1,85.9,2,0,Non-Eng,http://animesub.info/,2026-09-23T06:43:24+00:00,
anistream.one,online,B,80.0,Light advertising,1,1,0,0,0,1,49.3,2,2,Streaming,https://anistream.one/,2026-09-17T17:47:40+00:00,
anitrakt.huere.net,online,B,80.0,Light advertising,1,1,0,0,0,1,55.1,1,0,Storage,https://anitrakt.huere.net/,2026-08-28T23:15:50+00:00,
aniwatch.rest,online,B,80.0,Light advertising,1,1,0,0,0,1,35.3,1,0,Streaming,https://aniwatch.rest/,2026-09-25T13:02:00+00:00,
anko.lol,online,B,80.0,Light advertising,1,1,0,0,0,1,79.2,2,0,Gaming,https://anko.lol/,2026-08-21T08:24:23+00:00,
anvaka.github.io,online,B,80.0,Light advertising,1,1,0,0,0,1,65.0,2,0,Misc,https://anvaka.github.io/city-roads/,2026-09-21T07:14:22+00:00,
apkvision.org,online,B,80.0,Light advertising,1,1,0,0,0,1,42.5,2,0,Mobile,https://apkvision.org/,2026-09-22T06:49:41+00:00,
app.dgmjs.dev,online,B,80.0,Light advertising,1,1,0,0,0,1,100.0,3,1,Educational Storage,https://app.dgmjs.dev/,2026-09-24T12:57:21+00:00,
app.readomni.com,online,B,80.0,Light advertising,1,1,0,0,0,1,62.3,1,0,Reading,https://app.readomni.com/,2026-09-27T17:58:51+00:00,
archive.sacred-texts.com,online,B,80.0,Light advertising,1,1,0,0,0,1,47.0,1,1,Reading,https://archive.sacred-texts.com/,2026-09-17T17:47:40+00:00,
atcoder.jp,online,B,80.0,Light advertising,1,1,0,0,0,1,56.7,1,0,Educational,https://atcoder.jp/,2026-09-25T18:07:54+00:00,
awsicons.dev,online,B,80.0,Light advertising,1,1,0,0,0,1,99.1,1,0,Storage,https://awsicons.dev/,2026-09-28T16:00:57+00:00,
bandmusicpdf.org,online,B,80.0,Light advertising,1,1,0,0,0,1,45.4,2,0,Storage,https://bandmusicpdf.org/,2026-09-24T12:57:21+00:00,
baza-knig.ink,online,B,80.0,Light advertising,4,3,0,0,0,8,2.1,2,0,Non-Eng,https://baza-knig.ink/,2026-08-24T08:28:51+00:00,
blindtrainer.com,online,B,80.0,Light advertising,1,1,0,0,0,1,30.2,2,0,Educational,https://blindtrainer.com/,2026-09-19T12:07:10+00:00,
bollymod.forum,online,B,80.0,Light advertising,1,1,0,0,0,1,41.9,2,0,Non-Eng,https://bollymod.forum/,2026-09-22T22:28:30+00:00,
bollymod.study,online,B,80.0,Light advertising,1,1,0,0,0,1,43.8,2,0,Non-Eng,https://bollymod.study/,2026-09-24T12:57:21+00:00,
bookaudiobooks.com,online,B,80.0,Light advertising,1,1,0,0,0,1,36.0,2,0,Reading,https://bookaudiobooks.com/,2026-09-24T12:57:21+00:00,
bstsrs.in,online,B,80.0,Light advertising,1,1,0,0,0,1,54.9,2,2,Streaming,https://bstsrs.in/,2026-09-13T12:54:24+00:00,
bt4gprx.com,online,B,80.0,Light advertising,1,1,0,0,0,1,75.8,2,0,Torrenting,https://bt4gprx.com/,2026-09-25T06:39:48+00:00,
buzzinga.io,online,B,80.0,Light advertising,1,1,0,0,0,1,59.6,2,0,Gaming,https://buzzinga.io/,2026-09-20T12:42:06+00:00,
carto-art.vercel.app,online,B,80.0,Light advertising,1,1,0,0,0,1,33.5,1,0,Misc,https://carto-art.vercel.app/,2026-09-25T22:52:29+00:00,
checkbox.toys,online,B,80.0,Light advertising,1,1,0,0,0,1,98.0,1,0,Misc,https://checkbox.toys/,2026-09-26T12:31:41+00:00,
chesskit.org,online,B,80.0,Light advertising,1,1,0,0,0,1,65.4,1,0,Educational,https://chesskit.org/,2026-09-19T12:07:10+00:00,
chii.in,online,B,80.0,Light advertising,1,1,0,0,0,1,37.5,1,0,Non-Eng,https://chii.in/,2026-09-27T07:08:34+00:00,
chiptune.app,online,B,80.0,Light advertising,1,1,0,0,0,1,79.6,2,0,Music,https://chiptune.app/,2026-09-22T17:49:43+00:00,
cinehd.vc,online,B,80.0,Light advertising,1,1,0,0,0,1,42.5,1,0,Streaming,https://cinehd.vc/,2026-09-24T12:57:21+00:00,
cinestream.kje.us,online,B,80.0,Light advertising,1,1,0,0,0,1,56.5,2,2,Streaming,https://cinestream.kje.us/,2026-09-13T12:54:24+00:00,
class-12-isc.vercel.app,online,B,80.0,Light advertising,1,1,0,0,0,1,68.8,2,0,Educational,https://class-12-isc.vercel.app/,2026-09-19T21:48:19+00:00,
classicgtasites.com,online,B,80.0,Light advertising,1,1,0,0,0,1,73.7,2,0,Misc,https://classicgtasites.com/,2026-09-22T06:49:41+00:00,
clearoutside.com,online,B,80.0,Light advertising,1,1,0,0,0,1,34.9,2,0,Misc,https://clearoutside.com/,2026-09-21T07:14:22+00:00,
clig.dev,online,B,80.0,Light advertising,1,1,0,0,0,1,56.4,2,0,Educational,https://clig.dev/,2026-09-19T16:51:07+00:00,
clipzeal.com,online,B,80.0,Light advertising,1,1,0,0,0,1,85.4,2,0,Misc,https://clipzeal.com/,2026-08-30T13:18:17+00:00,
color-arena.agpallav.com,online,B,80.0,Light advertising,1,1,0,0,0,1,76.1,2,0,Misc,https://color-arena.agpallav.com/,2026-09-21T22:53:03+00:00,
commodore.software,online,B,80.0,Light advertising,1,1,0,0,0,1,34.9,4,0,Downloading Gaming,https://commodore.software/search/,2026-09-17T22:29:32+00:00,
composer.betterlyrics.org,online,B,80.0,Light advertising,1,1,0,0,0,1,63.6,1,0,Music,https://composer.betterlyrics.org/,2026-09-09T12:30:35+00:00,
composer.boidu.dev,online,B,80.0,Light advertising,1,1,0,0,0,1,63.2,1,0,Music,https://composer.boidu.dev/,2026-08-27T23:06:55+00:00,
computer.tldraw.com,online,B,80.0,Light advertising,2,2,0,0,0,2,19.9,2,0,Artificial-Intelligence,https://computer.tldraw.com/,2026-09-18T17:16:20+00:00,
conversations.movember.com,online,B,80.0,Light advertising,2,1,0,0,0,0,28.1,2,0,Misc,https://conversations.movember.com/en/conversations/,2026-09-21T07:14:22+00:00,
coweggs.itch.io,online,B,80.0,Light advertising,1,1,0,0,0,1,33.6,2,2,Gaming,https://coweggs.itch.io/slope-plus,2026-09-13T06:49:25+00:00,
darebee.com,online,B,80.0,Light advertising,1,1,0,0,0,1,37.7,2,2,Misc,https://darebee.com/,2026-09-13T06:49:25+00:00,
debug-survivor.leek.io,online,B,80.0,Light advertising,1,1,0,0,0,1,92.9,2,0,Gaming,https://debug-survivor.leek.io/,2026-09-20T12:42:06+00:00,
desenmascara.me,online,B,80.0,Light advertising,1,1,0,0,0,1,74.3,2,0,Misc,https://desenmascara.me/,2026-09-21T14:36:48+00:00,
dgm.sh,online,B,80.0,Light advertising,1,1,0,0,0,1,100.0,3,1,Educational Storage,https://dgm.sh/,2026-09-13T17:06:33+00:00,
diglib.library.vanderbilt.edu,online,B,80.0,Light advertising,1,1,0,0,0,1,35.7,2,0,Music,https://diglib.library.vanderbilt.edu/ama-browse.pl,2026-09-22T06:49:41+00:00,
discoverpoetry.com,online,B,80.0,Light advertising,1,1,0,0,0,1,58.7,2,0,Reading,https://discoverpoetry.com/,2026-09-24T06:47:05+00:00,
dles.aukspot.com,online,B,80.0,Light advertising,1,1,0,0,0,1,43.2,1,0,Gaming,https://dles.aukspot.com/,2026-09-25T18:07:54+00:00,
dles.gg,online,B,80.0,Light advertising,1,1,0,0,0,1,69.4,2,0,Gaming,https://dles.gg/,2026-09-20T07:03:23+00:00,
dme.mozarteum.at,online,B,80.0,Light advertising,1,1,0,0,0,1,41.6,2,0,Storage,https://dme.mozarteum.at/DME/nma/nmapub_srch.php?l=2,2026-09-24T12:57:21+00:00,
docs.miku.gg,online,B,80.0,Light advertising,1,1,0,0,0,1,32.7,2,0,Artificial-Intelligence,https://docs.miku.gg/,2026-09-18T12:26:05+00:00,
dominioshdfull.com,online,B,80.0,Light advertising,1,1,0,0,0,1,84.2,2,2,Non-Eng,https://dominioshdfull.com/,2026-09-13T12:54:24+00:00,
dubolt.com,online,B,80.0,Light advertising,1,1,0,0,0,1,64.2,1,0,Music,https://dubolt.com/,2026-09-27T07:08:34+00:00,
education.openguessr.com,online,B,80.0,Light advertising,1,1,0,0,0,1,52.1,1,1,Educational,https://education.openguessr.com/,2026-09-13T17:06:33+00:00,
educational-channels.com,online,B,80.0,Light advertising,1,1,0,0,0,1,61.0,2,0,Educational,https://educational-channels.com//,2026-09-10T12:24:16+00:00,
emotestud.io,online,B,80.0,Light advertising,1,1,0,0,0,1,78.5,2,0,Misc,https://emotestud.io/,2026-09-21T22:53:03+00:00,
emulatorjs.org,online,B,80.0,Light advertising,1,1,0,0,0,1,70.1,1,1,Gaming,https://emulatorjs.org/docs/systems,2026-09-13T21:45:32+00:00,
english.grimoar.cz,online,B,80.0,Light advertising,1,1,0,0,0,1,96.6,2,0,Reading,http://english.grimoar.cz/?Loc=key&Lng=2,2026-09-24T06:47:05+00:00,
epub-reader.online,online,B,80.0,Light advertising,1,1,0,0,0,1,40.6,2,0,Reading,https://epub-reader.online/,2026-09-23T18:01:31+00:00,
esimdb.com,online,B,80.0,Light advertising,1,1,0,0,0,1,33.3,2,0,Misc,https://esimdb.com/,2026-09-20T21:52:34+00:00,
eztvx.to,online,B,80.0,Light advertising,1,1,0,0,0,1,55.6,2,2,Streaming,https://eztvx.to/,2026-09-13T12:54:24+00:00,
falconstreams.app,online,B,80.0,Light advertising,1,1,0,0,0,1,56.7,2,0,Streaming,https://falconstreams.app/,2026-09-24T18:01:53+00:00,
family-tree-builder.com,online,B,80.0,Light advertising,1,1,0,0,0,1,94.2,1,0,Misc,https://family-tree-builder.com/,2026-09-26T12:31:41+00:00,
fateful.quest,online,B,80.0,Light advertising,1,1,0,0,0,1,73.6,1,0,Gaming,https://fateful.quest/,2026-09-25T18:07:54+00:00,
fbstream.is,online,B,80.0,Light advertising,1,1,0,0,0,1,71.6,1,0,Streaming,https://fbstream.is/,2026-09-27T13:18:43+00:00,
ffxs8.com,online,B,80.0,Light advertising,1,1,0,0,0,1,99.9,2,0,Non-Eng,https://ffxs8.com/,2026-09-22T22:28:30+00:00,
filmix.gg,online,B,80.0,Light advertising,1,1,0,0,0,1,64.8,2,0,Non-Eng,https://filmix.gg/,2026-09-10T12:24:16+00:00,
filmix.my,online,B,80.0,Light advertising,1,1,0,0,0,1,64.0,2,0,Non-Eng,https://filmix.my/,2026-08-24T08:28:51+00:00,
finnishflashcards.com,online,B,80.0,Light advertising,1,1,0,0,0,1,97.7,3,0,Educational,https://finnishflashcards.com/,2026-09-18T06:42:10+00:00,
fireflix.pages.dev,online,B,80.0,Light advertising,1,1,0,0,0,1,51.9,2,2,Streaming,https://fireflix.pages.dev/,2026-09-13T12:54:24+00:00,
flixvo.fun,online,B,80.0,Light advertising,1,1,0,0,0,1,57.5,1,0,Streaming,https://flixvo.fun/,2026-09-28T16:00:57+00:00,
flixvo.live,online,B,80.0,Light advertising,1,1,0,0,0,1,57.4,2,0,Streaming,https://flixvo.live/,2026-09-24T18:01:53+00:00,
framextv.tech,online,B,80.0,Light advertising,1,1,0,0,0,1,98.9,2,0,Streaming,https://framextv.tech/,2026-09-06T11:45:58+00:00,
freereceivesms.top,online,B,80.0,Light advertising,1,1,0,0,0,1,50.6,1,0,Storage,https://freereceivesms.top/,2026-09-28T07:40:47+00:00,
freewebnovel.com,online,B,80.0,Light advertising,1,1,0,0,0,1,33.6,2,0,Reading,https://freewebnovel.com/,2026-09-23T22:29:49+00:00,
gamemath.com,online,B,80.0,Light advertising,1,1,0,0,0,1,55.0,2,0,Educational,https://gamemath.com/book/intro.html,2026-09-19T21:48:19+00:00,
games-by-will.com,online,B,80.0,Light advertising,1,1,0,0,0,1,38.5,2,0,Gaming,https://games-by-will.com/,2026-09-20T12:42:06+00:00,
games.productartistry.com,online,B,80.0,Light advertising,1,1,0,0,0,1,30.6,2,0,Misc,https://games.productartistry.com/games/dark-patterns,2026-09-21T14:36:48+00:00,
getzbra.com,online,B,80.0,Light advertising,1,1,0,0,0,1,34.1,1,0,Mobile,https://getzbra.com/,2026-09-27T07:08:34+00:00,
gogoanimez.cc,online,B,80.0,Light advertising,1,1,0,0,0,1,55.7,1,0,Streaming,https://gogoanimez.cc/,2026-09-04T12:16:28+00:00,
gopeed.com,online,B,80.0,Light advertising,1,1,0,0,0,1,36.3,3,1,Linux Mobile,https://gopeed.com/,2026-09-13T17:06:33+00:00,
grabfreegames.com,online,B,80.0,Light advertising,1,1,0,0,0,1,87.2,2,0,Misc,https://grabfreegames.com/notifications,2026-09-20T21:52:34+00:00,
guide.tjadataba.se,online,B,80.0,Light advertising,1,1,0,0,0,1,49.2,1,0,Gaming,https://guide.tjadataba.se/,2026-09-25T18:07:54+00:00,
hacker-recommended-books.vercel.app,online,B,80.0,Light advertising,1,1,0,0,0,1,49.0,2,0,Reading,https://hacker-recommended-books.vercel.app/,2026-09-24T06:47:05+00:00,
hdhub4u.ec,online,B,80.0,Light advertising,1,1,0,0,0,1,54.9,2,2,Non-Eng,https://hdhub4u.ec/,2026-08-18T17:22:03+00:00,
hianime.ad,online,B,80.0,Light advertising,1,1,0,0,0,1,46.0,1,0,Streaming,https://hianime.ad/,2026-09-04T12:16:28+00:00,
howdns.works,online,B,80.0,Light advertising,1,1,0,0,0,1,94.8,2,0,Educational,https://howdns.works/,2026-09-19T21:48:19+00:00,
howdnssec.works,online,B,80.0,Light advertising,1,1,0,0,0,1,98.7,2,0,Educational,https://howdnssec.works/,2026-09-19T21:48:19+00:00,
howhttps.works,online,B,80.0,Light advertising,1,1,0,0,0,1,97.9,2,0,Educational,https://howhttps.works/,2026-09-19T21:48:19+00:00,
huedle.com,online,B,80.0,Light advertising,1,1,0,0,0,1,77.6,2,0,Gaming,https://huedle.com/,2026-09-20T17:01:41+00:00,
i78s.org,online,B,80.0,Light advertising,1,1,0,0,0,1,83.3,2,0,Music,https://i78s.org/,2026-09-22T06:49:41+00:00,
ideas.repec.org,online,B,80.0,Light advertising,1,1,0,0,0,1,39.4,2,0,Reading,https://ideas.repec.org/,2026-09-24T06:47:05+00:00,
iosvizor.com,online,B,80.0,Light advertising,1,1,0,0,0,1,30.6,2,0,Mobile,https://iosvizor.com/,2026-09-22T06:49:41+00:00,
iptv.community,online,B,80.0,Light advertising,1,1,0,0,0,1,70.0,2,0,Streaming,https://iptv.community/,2026-09-24T22:46:15+00:00,
javier.xyz,online,B,80.0,Light advertising,1,1,0,0,0,1,92.7,2,0,Misc,https://javier.xyz/emoji-to-scale/,2026-09-21T22:53:03+00:00,
kittensgame.com,online,B,80.0,Light advertising,1,1,0,0,0,1,93.8,2,0,Gaming,https://kittensgame.com/web/,2026-09-20T12:42:06+00:00,
knots3d.com,online,B,80.0,Light advertising,1,1,0,0,0,1,50.5,2,2,Educational,https://knots3d.com/,2026-09-12T21:42:32+00:00,
learngerman.pages.dev,online,B,80.0,Light advertising,1,1,0,0,0,1,45.0,2,0,Educational,https://learngerman.pages.dev/,2026-09-19T16:51:07+00:00,
learnnavi.org,online,B,80.0,Light advertising,1,1,0,0,0,1,33.6,2,0,Educational,https://learnnavi.org/,2026-09-19T16:51:07+00:00,
lectuepub4.com,online,B,80.0,Light advertising,1,1,0,0,0,1,30.4,2,0,Non-Eng,https://lectuepub4.com/,2026-08-24T14:28:18+00:00,
limnology.co,online,B,80.0,Light advertising,1,1,0,0,0,1,60.4,2,0,Educational,https://limnology.co/,2026-08-19T14:24:21+00:00,
livextv.hybrows.workers.dev,online,B,80.0,Light advertising,1,1,0,0,0,1,78.5,2,0,Streaming,https://livextv.hybrows.workers.dev/replays,2026-09-24T18:01:53+00:00,
lowtein.com,online,B,80.0,Light advertising,1,1,0,0,0,1,48.8,4,0,Misc,https://lowtein.com/,2026-09-18T06:42:10+00:00,
lrc.la.utexas.edu,online,B,80.0,Light advertising,1,1,0,0,0,1,36.0,2,0,Educational,https://lrc.la.utexas.edu/,2026-09-27T13:18:43+00:00,
m4uhd.vip,online,B,80.0,Light advertising,1,1,0,0,0,1,41.2,2,0,Streaming,https://m4uhd.vip,2026-09-24T18:01:53+00:00,
macmenubar.com,online,B,80.0,Light advertising,1,1,0,0,0,1,31.1,4,0,Linux,https://macmenubar.com/,2026-09-18T06:42:10+00:00,
magenta.tensorflow.org,online,B,80.0,Light advertising,1,1,0,0,0,1,83.0,2,0,Music,https://magenta.tensorflow.org/lofi-player,2026-09-22T12:53:35+00:00,
mapoftheuniverse.net,online,B,80.0,Light advertising,1,1,0,0,0,1,56.5,1,0,Educational,https://mapoftheuniverse.net/,2026-09-25T13:02:00+00:00,
maze.toys,online,B,80.0,Light advertising,1,1,0,0,0,1,82.8,1,0,Gaming,https://maze.toys/,2026-09-25T18:07:54+00:00,
mboffin.itch.io,online,B,80.0,Light advertising,1,1,0,0,0,1,32.2,2,0,Educational,https://mboffin.itch.io/pico8-educational-toolset,2026-09-19T21:48:19+00:00,
midloop.net,online,B,80.0,Light advertising,0,0,4,0,0,0,0.0,2,1,Music Streaming,https://midloop.net/,2026-09-13T17:06:33+00:00,
mihon.app,online,B,80.0,Light advertising,1,1,0,0,0,1,30.8,4,4,Mobile,https://mihon.app/,2026-09-12T16:31:29+00:00,
minecraftle.zachmanson.com,online,B,80.0,Light advertising,1,1,0,0,0,1,86.9,1,0,Gaming,https://minecraftle.zachmanson.com/,2026-09-25T22:52:29+00:00,
ml-resources.vercel.app,online,B,80.0,Light advertising,1,1,0,0,0,1,55.8,1,0,Artificial-Intelligence,https://ml-resources.vercel.app/,2026-08-26T02:55:42+00:00,
modern-css.com,online,B,80.0,Light advertising,1,1,0,0,0,1,68.4,2,0,Educational,https://modern-css.com/,2026-09-19T16:51:07+00:00,
molview.org,online,B,80.0,Light advertising,1,1,0,0,0,1,31.6,1,0,Educational,https://molview.org/,2026-09-25T06:39:48+00:00,
moviebox.co,online,B,80.0,Light advertising,1,1,0,0,0,1,79.9,1,0,Streaming,https://moviebox.co/,2026-09-28T16:00:57+00:00,
nbacking.com,online,B,80.0,Light advertising,1,1,0,0,0,1,72.6,1,0,Educational,https://nbacking.com/,2026-09-25T06:39:48+00:00,
newreleases.io,online,B,80.0,Light advertising,1,1,0,0,0,1,88.2,2,2,Downloading,https://newreleases.io/,2026-09-12T21:42:32+00:00,
newstel.vercel.app,online,B,80.0,Light advertising,1,1,0,0,0,1,62.3,2,0,Misc,https://newstel.vercel.app/,2026-09-21T07:14:22+00:00,
nginxproxymanager.com,online,B,80.0,Light advertising,1,1,0,0,0,1,70.8,2,0,Adblock,https://nginxproxymanager.com,2026-09-18T12:26:05+00:00,
nopaint.art,online,B,80.0,Light advertising,1,1,0,0,0,1,32.9,2,0,Misc,https://nopaint.art/,2026-09-21T22:53:03+00:00,
olamovies.dad,online,B,80.0,Light advertising,1,1,0,0,0,1,97.5,4,0,Non-Eng Streaming,https://olamovies.dad/,2026-09-18T06:42:10+00:00,
olympicstreams.im,online,B,80.0,Light advertising,1,1,0,0,0,1,70.4,1,0,Streaming,https://olympicstreams.im/,2026-08-29T08:22:00+00:00,
olympicweb.me,online,B,80.0,Light advertising,1,1,0,0,0,1,71.4,1,0,Streaming,https://olympicweb.me/home,2026-09-25T13:02:00+00:00,
opencellid.org,online,B,80.0,Light advertising,1,1,0,0,0,1,49.3,1,0,Misc,https://opencellid.org/,2026-09-25T22:52:29+00:00,
openlm.ai,online,B,80.0,Light advertising,1,1,0,0,0,1,86.7,2,0,Artificial-Intelligence,https://openlm.ai/chatbot-arena/,2026-09-18T17:16:20+00:00,
overthewire.org,online,B,80.0,Light advertising,1,1,0,0,0,1,52.4,2,0,Educational,https://overthewire.org/wargames/,2026-09-19T21:48:19+00:00,
papers.xtremepape.rs,online,B,80.0,Light advertising,1,1,0,0,0,1,86.0,2,0,Educational,https://papers.xtremepape.rs/,2026-09-19T21:48:19+00:00,
partout.io,online,B,80.0,Light advertising,1,1,0,0,0,1,88.6,1,0,Linux,https://partout.io/passepartout/,2026-09-10T12:24:16+00:00,
partsmadefast.com,online,B,80.0,Light advertising,1,1,0,0,0,1,53.1,2,0,Educational Misc,https://partsmadefast.com/,2026-09-19T06:40:29+00:00,
passepartoutvpn.app,online,B,80.0,Light advertising,1,1,0,0,0,1,88.5,1,0,Linux,https://passepartoutvpn.app/,2026-08-26T22:34:16+00:00,
pastebin.com,online,B,80.0,Light advertising,1,1,0,0,0,1,72.1,10,0,Misc Mobile Music Non-Eng Reading Streaming,https://pastebin.com/uRDJVGkL,2026-09-12T16:31:29+00:00,
pawflix.foo.ng,online,B,80.0,Light advertising,1,1,0,0,0,1,77.0,2,0,Streaming,https://pawflix.foo.ng/,2026-09-24T18:01:53+00:00,
pelisforte.se,online,B,80.0,Light advertising,1,1,0,0,0,1,47.5,2,0,Non-Eng,https://pelisforte.se/,2026-09-23T13:04:02+00:00,
personal.math.ubc.ca,online,B,80.0,Light advertising,1,1,0,0,0,1,36.6,4,0,Educational Reading,https://personal.math.ubc.ca/~CLP/,2026-09-17T22:29:32+00:00,
petals.dev,online,B,80.0,Light advertising,1,1,0,0,0,1,57.8,2,0,Artificial-Intelligence,https://petals.dev/,2026-08-19T08:13:26+00:00,
phosphoricons.com,online,B,80.0,Light advertising,1,1,0,0,0,1,79.6,1,0,Storage,https://phosphoricons.com/,2026-09-28T16:00:57+00:00,
pippinbarr.com,online,B,80.0,Light advertising,1,1,0,0,0,1,36.5,2,0,Gaming,https://pippinbarr.com/chesses/,2026-09-20T07:03:23+00:00,
pokemonblazeonline.com,online,B,80.0,Light advertising,1,1,0,0,0,1,50.7,2,0,Gaming,https://pokemonblazeonline.com/,2026-09-20T17:01:41+00:00,
pokepalettes.com,online,B,80.0,Light advertising,1,1,0,0,0,1,67.1,2,0,Misc,https://pokepalettes.com/,2026-09-21T22:53:03+00:00,
polyglotclub.com,online,B,80.0,Light advertising,1,1,0,0,0,1,34.5,2,0,Educational,https://polyglotclub.com/,2026-09-19T12:07:10+00:00,
powanjuan.cc,online,B,80.0,Light advertising,1,1,0,0,0,1,100.0,2,0,Non-Eng,https://powanjuan.cc/,2026-09-22T22:28:30+00:00,
prashantbarahi.com.np,online,B,80.0,Light advertising,1,1,0,0,0,1,65.3,2,0,Educational,https://prashantbarahi.com.np/docs/algorithms/intro,2026-09-19T16:51:07+00:00,
pricepoint.gg,online,B,80.0,Light advertising,1,1,0,0,0,1,97.1,1,0,Gaming,https://pricepoint.gg/,2026-09-25T22:52:29+00:00,
pritunl.com,online,B,80.0,Light advertising,1,1,0,0,0,1,81.7,2,0,Adblock,https://pritunl.com/,2026-09-18T12:26:05+00:00,
projectdxxx.me,online,B,80.0,Light advertising,1,1,0,0,0,1,50.5,2,0,Gaming,https://projectdxxx.me/,2026-09-20T07:03:23+00:00,
protobowl.com,online,B,80.0,Light advertising,1,1,0,0,0,1,39.2,2,0,Gaming,https://protobowl.com/,2026-09-10T12:24:16+00:00,
pufferdle.com,online,B,80.0,Light advertising,1,1,0,0,0,1,54.8,2,0,Gaming,https://pufferdle.com/,2026-09-20T17:01:41+00:00,
questions.examside.com,online,B,80.0,Light advertising,1,1,0,0,0,1,42.4,2,2,Educational,https://questions.examside.com/,2026-09-12T21:42:32+00:00,
radionations.com,online,B,80.0,Light advertising,1,1,0,0,0,1,45.6,2,0,Music,https://radionations.com/,2026-09-22T12:53:35+00:00,
receive-sms.io,online,B,80.0,Light advertising,1,1,0,0,0,1,35.2,1,0,Storage,https://receive-sms.io/,2026-09-28T07:40:47+00:00,
reelzone.icu,online,B,80.0,Light advertising,1,1,0,0,0,1,96.4,2,0,Streaming,https://reelzone.icu/,2026-09-24T12:57:21+00:00,
relatedanime.com,online,B,80.0,Light advertising,1,1,0,0,0,1,36.4,2,0,Streaming,https://relatedanime.com/,2026-09-24T22:46:15+00:00,
rentry.co,online,B,80.0,Light advertising,1,1,0,0,0,1,100.0,286,57,Adblock Artificial-Intelligence Downloading Educational Gaming Linux Misc Mobile Music Non-Eng Reading Storage Streaming Torrenting,https://rentry.co/FMHYB64#iptv-playlists,2026-09-12T16:31:29+00:00,
replay.nontonx.com,online,B,80.0,Light advertising,1,1,0,0,0,1,49.1,2,0,Streaming,https://replay.nontonx.com/,2026-09-24T22:46:15+00:00,
ridomovies.is,online,B,80.0,Light advertising,1,1,0,0,0,1,34.2,2,0,Streaming,https://ridomovies.is/,2026-09-24T18:01:53+00:00,
saasdiscovery.com,online,B,80.0,Light advertising,1,1,0,0,0,1,48.4,1,0,Misc,https://saasdiscovery.com/,2026-09-25T22:52:29+00:00,
sacred-texts.com,online,B,80.0,Light advertising,1,1,0,0,0,1,41.5,2,2,Reading,https://sacred-texts.com/,2026-09-13T12:54:24+00:00,
scans.gg,online,B,80.0,Light advertising,1,1,0,0,0,1,81.8,2,0,Reading,https://scans.gg/changelog,2026-09-23T22:29:49+00:00,
scnlog.me,online,B,80.0,Light advertising,1,1,0,0,0,1,90.8,5,1,Downloading Linux Torrenting,https://scnlog.me/,2026-09-13T17:06:33+00:00,
scribd.vdownloaders.com,online,B,80.0,Light advertising,1,1,0,0,0,1,32.1,1,0,Reading,https://scribd.vdownloaders.com/,2026-09-27T17:58:51+00:00,
search-ace.stream,online,B,80.0,Light advertising,1,1,0,0,0,1,77.1,1,0,Streaming,https://search-ace.stream/,2026-09-28T16:00:57+00:00,
searchthearxiv.com,online,B,80.0,Light advertising,1,1,0,0,0,1,48.4,1,1,Reading,https://searchthearxiv.com/,2026-09-17T17:47:40+00:00,
selfcontrolapp.com,online,B,80.0,Light advertising,1,1,0,0,0,1,36.6,4,0,Linux Misc,https://selfcontrolapp.com/,2026-09-18T06:42:10+00:00,
shadowsocks.org,online,B,80.0,Light advertising,1,1,0,0,0,1,71.0,4,0,Adblock,https://shadowsocks.org/,2026-09-17T22:29:32+00:00,
short-stories.co,online,B,80.0,Light advertising,1,1,0,0,0,1,43.1,2,2,Reading,https://short-stories.co/,2026-09-13T12:54:24+00:00,
sidestore.io,online,B,80.0,Light advertising,1,1,0,0,0,1,43.5,2,2,Mobile,https://sidestore.io/,2026-09-13T06:49:25+00:00,
signlex.framer.website,online,B,80.0,Light advertising,1,1,0,0,0,1,73.1,2,0,Educational,https://signlex.framer.website/,2026-09-19T16:51:07+00:00,
simulator.money,online,B,80.0,Light advertising,1,1,0,0,0,1,74.6,2,0,Gaming,https://simulator.money,2026-09-20T12:42:06+00:00,
smwstuff.net,online,B,80.0,Light advertising,1,1,0,0,0,1,58.8,2,0,Gaming,http://smwstuff.net/,2026-09-20T07:03:23+00:00,
soccerfull.net,online,B,80.0,Light advertising,1,1,0,0,0,1,92.5,2,0,Streaming,https://soccerfull.net/,2026-09-24T22:46:15+00:00,
socialcompare.com,online,B,80.0,Light advertising,1,1,0,0,0,1,73.4,1,0,Misc,https://socialcompare.com/en,2026-09-26T12:31:41+00:00,
spinwheelplus.com,online,B,80.0,Light advertising,1,1,0,0,0,1,55.1,1,0,Misc,https://spinwheelplus.com/,2026-09-27T07:08:34+00:00,
sportsindx.st,online,B,80.0,Light advertising,1,1,0,0,0,1,80.5,2,2,Streaming,https://sportsindx.st/,2026-09-13T17:06:33+00:00,
spys.one,online,B,80.0,Light advertising,1,1,0,0,0,1,100.0,1,0,Storage,https://spys.one/en/free-proxy-list/,2026-09-28T07:40:47+00:00,
streamsports99.website,online,B,80.0,Light advertising,1,1,0,0,0,1,97.3,2,2,Streaming,https://streamsports99.website/,2026-09-13T12:54:24+00:00,
studyhatch.com,online,B,80.0,Light advertising,1,1,0,0,0,1,37.2,1,0,Educational,https://studyhatch.com/,2026-09-25T18:07:54+00:00,
subsource.net,online,B,80.0,Light advertising,1,1,0,0,0,1,39.1,2,2,Streaming,https://subsource.net/,2026-09-13T12:54:24+00:00,
subtitld.org,online,B,80.0,Light advertising,1,1,0,0,0,1,39.8,1,1,Streaming,https://subtitld.org/,2026-09-17T22:29:32+00:00,
subtitlist.com,online,B,80.0,Light advertising,1,1,0,0,0,1,73.3,2,0,Streaming,https://subtitlist.com/,2026-09-24T22:46:15+00:00,
sunnah.com,online,B,80.0,Light advertising,1,1,0,0,0,1,44.4,2,0,Reading,https://sunnah.com/,2026-09-24T06:47:05+00:00,
swellgarfo.com,online,B,80.0,Light advertising,1,1,0,0,0,1,99.7,2,0,Misc,https://swellgarfo.com/scattergories,2026-09-21T22:53:03+00:00,
synapticspiral.nz,online,B,80.0,Light advertising,1,1,0,0,0,1,64.7,2,0,Misc,https://synapticspiral.nz/,2026-09-21T22:53:03+00:00,
tanzil.net,online,B,80.0,Light advertising,1,1,0,0,0,1,66.3,1,0,Reading,https://tanzil.net/,2026-09-27T17:58:51+00:00,
terafetch.com,online,B,80.0,Light advertising,1,1,0,0,0,1,100.0,1,0,Downloading,https://terafetch.com/,2026-09-25T06:39:48+00:00,
textquery.app,online,B,80.0,Light advertising,1,1,0,0,0,1,65.0,1,0,Storage,https://textquery.app/tools/chart-builder/,2026-09-28T07:40:47+00:00,
thegrinder.diabolicalplots.com,online,B,80.0,Light advertising,1,1,0,0,0,1,39.7,2,0,Reading,https://thegrinder.diabolicalplots.com/,2026-09-24T06:47:05+00:00,
thenumberwall.com,online,B,80.0,Light advertising,1,1,0,0,0,1,52.9,2,0,Misc,https://thenumberwall.com/,2026-09-20T21:52:34+00:00,
thetvapp.plus,online,B,80.0,Light advertising,1,1,0,0,0,1,75.5,2,0,Streaming,https://thetvapp.plus/,2026-09-24T12:57:21+00:00,
thewh1teagle.github.io,online,B,80.0,Light advertising,1,1,0,0,0,1,34.7,1,0,Streaming,https://thewh1teagle.github.io/vibe/,2026-08-29T08:22:00+00:00,
tldr.inbrowser.app,online,B,80.0,Light advertising,1,1,0,0,0,1,100.0,1,0,Linux,https://tldr.inbrowser.app/,2026-09-25T22:52:29+00:00,
tmedweb.tulane.edu,online,B,80.0,Light advertising,1,1,0,0,0,1,65.2,2,0,Educational,https://tmedweb.tulane.edu/pharmwiki/doku.php/start,2026-09-19T06:40:29+00:00,
toms.toys,online,B,80.0,Light advertising,1,1,0,0,0,1,97.7,2,0,Misc,https://toms.toys/,2026-09-21T22:53:03+00:00,
toonhub4u.co,online,B,80.0,Light advertising,1,1,0,0,0,1,34.4,2,0,Non-Eng,https://toonhub4u.co/,2026-09-24T12:57:21+00:00,
toonhub4u.me,online,B,80.0,Light advertising,1,1,0,0,0,1,35.0,2,0,Non-Eng,https://toonhub4u.me/,2026-09-23T06:43:24+00:00,
topsters.org,online,B,80.0,Light advertising,1,1,0,0,0,1,71.0,1,1,Misc,https://topsters.org/,2026-09-17T17:47:40+00:00,
torrents.youplex.site,online,B,80.0,Light advertising,1,1,0,0,0,1,76.5,2,0,Streaming,https://torrents.youplex.site/,2026-09-09T06:41:36+00:00,
toybox.toms.toys,online,B,80.0,Light advertising,1,1,0,0,0,1,89.3,2,0,Misc,https://toybox.toms.toys/,2026-09-21T22:53:03+00:00,
turkish123.to,online,B,80.0,Light advertising,1,1,0,0,0,1,50.0,2,0,Non-Eng,https://turkish123.to/,2026-09-23T18:01:31+00:00,
tvapp.ws,online,B,80.0,Light advertising,1,1,0,0,0,1,69.3,2,0,Streaming,https://tvapp.ws/,2026-08-25T14:31:22+00:00,
unsharpen.com,online,B,80.0,Light advertising,3,2,0,0,0,3,15.9,1,0,Misc,https://unsharpen.com/,2026-09-26T12:31:41+00:00,
upjoke.com,online,B,80.0,Light advertising,1,1,0,0,0,1,89.3,2,0,Misc,https://upjoke.com/,2026-09-22T06:49:41+00:00,
urlcleaner.net,online,B,80.0,Light advertising,1,1,0,0,0,1,100.0,1,0,Adblock,https://urlcleaner.net/,2026-09-25T06:39:48+00:00,
vgperson.com,online,B,80.0,Light advertising,1,1,0,0,0,1,95.0,2,0,Gaming,https://vgperson.com/games/,2026-09-19T21:48:19+00:00,
vidbox.dev,online,B,80.0,Light advertising,1,1,0,0,0,1,99.9,2,0,Streaming,https://vidbox.dev/asian-drama,2026-09-18T06:42:10+00:00,
vipleague.me,online,B,80.0,Light advertising,1,1,0,0,0,1,83.2,2,0,Streaming,https://vipleague.me/home,2026-09-25T13:02:00+00:00,
vipleague.vg,online,B,80.0,Light advertising,1,1,0,0,0,1,56.3,2,0,Streaming,https://vipleague.vg/,2026-09-24T18:01:53+00:00,
visitarandomwebsite.com,online,B,80.0,Light advertising,1,1,0,0,0,1,83.3,2,0,Misc,https://visitarandomwebsite.com/,2026-09-20T21:52:34+00:00,
watch-wrestling.eu,online,B,80.0,Light advertising,1,1,0,0,0,1,46.0,2,2,Streaming,https://watch-wrestling.eu/,2026-09-13T12:54:24+00:00,
watchlistroulette.com,online,B,80.0,Light advertising,1,1,0,0,0,1,38.6,1,0,Storage,https://watchlistroulette.com/,2026-09-28T07:40:47+00:00,
watchsports.st,online,B,80.0,Light advertising,1,1,0,0,0,1,83.1,1,1,Streaming,https://watchsports.st/,2026-09-13T12:54:24+00:00,
weatherstar3000.netbymatt.com,online,B,80.0,Light advertising,1,1,0,0,0,1,75.3,1,0,Misc,https://weatherstar3000.netbymatt.com/,2026-09-26T12:31:41+00:00,
webpath.med.utah.edu,online,B,80.0,Light advertising,1,1,0,0,0,1,78.6,2,0,Educational,https://webpath.med.utah.edu/webpath.html,2026-09-19T06:40:29+00:00,
webterm.app,online,B,80.0,Light advertising,1,1,0,0,0,1,52.3,2,0,Linux,https://webterm.app/,2026-09-20T17:01:41+00:00,
wordmaze.click,online,B,80.0,Light advertising,1,1,0,0,0,1,46.0,2,0,Gaming,https://wordmaze.click/,2026-09-20T07:03:23+00:00,
workout.lol,online,B,80.0,Light advertising,1,1,0,0,0,1,75.1,1,0,Misc,https://workout.lol/,2026-09-25T22:52:29+00:00,
world-draw.appspot.com,online,B,80.0,Light advertising,1,1,0,0,0,1,85.9,2,0,Misc,https://world-draw.appspot.com/draw,2026-09-21T22:53:03+00:00,
worldfindr.com,online,B,80.0,Light advertising,1,1,0,0,0,1,31.6,1,1,Educational,https://worldfindr.com/,2026-09-13T17:06:33+00:00,
writeandimprove.com,online,B,80.0,Light advertising,2,1,0,0,0,6,22.1,2,0,Educational,https://writeandimprove.com/,2026-09-19T16:51:07+00:00,
wuxia.click,online,B,80.0,Light advertising,1,1,0,0,0,1,82.0,2,2,Reading,https://wuxia.click/,2026-09-13T12:54:24+00:00,
ww1.wiflix-adresses.fun,online,B,80.0,Light advertising,1,1,0,0,0,1,32.1,1,0,Non-Eng,https://ww1.wiflix-adresses.fun/,2026-09-28T07:40:47+00:00,
ww13.manga-zip.app,online,B,80.0,Light advertising,1,1,0,0,0,1,53.8,1,0,Non-Eng,https://ww13.manga-zip.app/,2026-09-27T17:58:51+00:00,
ww14.kissasian.com.lv,online,B,80.0,Light advertising,1,1,0,0,0,1,68.3,2,0,Streaming,https://ww14.kissasian.com.lv/,2026-08-25T14:31:22+00:00,
ww3.animeonline.ninja,online,B,80.0,Light advertising,1,1,0,0,0,1,100.0,2,0,Non-Eng,https://ww3.animeonline.ninja/,2026-09-23T18:01:31+00:00,
ww3.lectulandia.co,online,B,80.0,Light advertising,2,1,0,0,0,1,27.1,1,0,Non-Eng,https://ww3.lectulandia.co/,2026-09-27T17:58:51+00:00,
www.52shuku.net,online,B,80.0,Light advertising,1,1,0,0,0,1,69.3,2,0,Non-Eng,https://www.52shuku.net/,2026-09-10T12:24:16+00:00,
www.52shuku.vip,online,B,80.0,Light advertising,1,1,0,0,0,1,69.0,2,0,Non-Eng,https://www.52shuku.vip/,2026-08-23T14:02:40+00:00,
www.allfamilycrests.com,online,B,80.0,Light advertising,1,1,0,0,0,1,48.8,2,0,Misc,https://www.allfamilycrests.com/makecoatofarms.htm,2026-09-21T22:53:03+00:00,
www.animesaturn.me,online,B,80.0,Light advertising,1,1,0,0,0,1,50.2,1,0,Non-Eng,https://www.animesaturn.me/,2026-09-27T17:58:51+00:00,
www.animeworlditalia.com,online,B,80.0,Light advertising,1,1,0,0,0,1,89.2,1,0,Non-Eng,https://www.animeworlditalia.com/,2026-09-27T17:58:51+00:00,
www.anysign.app,online,B,80.0,Light advertising,1,1,0,0,0,1,49.3,1,1,Educational,https://www.anysign.app/en/dictionary,2026-09-13T17:06:33+00:00,
www.apkbomb.com,online,B,80.0,Light advertising,1,1,0,0,0,1,38.3,1,0,Mobile,https://www.apkbomb.com/,2026-09-26T12:31:41+00:00,
www.baka-tsuki.org,online,B,80.0,Light advertising,1,1,0,0,0,1,71.8,4,0,Reading,https://www.baka-tsuki.org,2026-09-18T12:26:05+00:00,
www.bevel.health,online,B,80.0,Light advertising,5,3,0,0,0,4,2.9,2,0,Misc,https://www.bevel.health/,2026-09-21T07:14:22+00:00,
www.blackdrago.com,online,B,80.0,Light advertising,1,1,0,0,0,1,37.1,2,0,Misc,https://www.blackdrago.com/,2026-09-21T22:53:03+00:00,
www.braink.it,online,B,80.0,Light advertising,1,1,0,0,0,1,34.9,2,0,Educational,https://www.braink.it/,2026-09-19T12:07:10+00:00,
www.brow.sh,online,B,80.0,Light advertising,4,3,1,0,0,0,0.0,2,0,Linux,https://www.brow.sh/,2026-09-20T17:01:41+00:00,
www.cfdtool.com,online,B,80.0,Light advertising,1,1,0,0,0,1,51.3,1,0,Educational,https://www.cfdtool.com/,2026-08-26T02:55:42+00:00,
www.chemicalaid.com,online,B,80.0,Light advertising,1,1,0,0,0,1,72.2,2,0,Educational,https://www.chemicalaid.com/,2026-09-19T06:40:29+00:00,
www.codeabbey.com,online,B,80.0,Light advertising,1,1,0,0,0,1,41.3,1,0,Educational,https://www.codeabbey.com/,2026-09-25T18:07:54+00:00,
www.colamanga.com,online,B,80.0,Light advertising,1,1,0,0,0,1,100.0,2,0,Non-Eng,https://www.colamanga.com/,2026-08-23T14:02:40+00:00,
www.connectedpapers.com,online,B,80.0,Light advertising,1,1,0,0,0,1,32.1,2,0,Reading,https://www.connectedpapers.com/,2026-09-24T06:47:05+00:00,
www.countle.org,online,B,80.0,Light advertising,1,1,0,0,0,1,61.8,1,0,Gaming,https://www.countle.org/,2026-09-25T22:52:29+00:00,
www.cpuscout.com,online,B,80.0,Light advertising,1,1,0,0,0,1,32.3,2,0,Misc,https://www.cpuscout.com/,2026-09-21T14:36:48+00:00,
www.datenightquestions.com,online,B,80.0,Light advertising,1,1,0,0,0,1,52.2,2,0,Misc,https://www.datenightquestions.com/,2026-09-21T14:36:48+00:00,
www.diffen.com,online,B,80.0,Light advertising,1,1,0,0,0,1,53.1,1,0,Misc,https://www.diffen.com/,2026-09-26T12:31:41+00:00,
www.emu-land.net,online,B,80.0,Light advertising,1,1,0,0,0,1,34.1,2,0,Gaming,https://www.emu-land.net/en,2026-09-20T07:03:23+00:00,
www.filmgo.live,online,B,80.0,Light advertising,1,1,0,0,0,1,59.8,2,0,Streaming,https://www.filmgo.live/,2026-09-24T22:46:15+00:00,
www.flashcarts.net,online,B,80.0,Light advertising,1,1,0,0,0,1,75.3,2,0,Misc,https://www.flashcarts.net/,2026-09-21T14:36:48+00:00,
www.forumdirectory.com,online,B,80.0,Light advertising,1,1,0,0,0,1,47.8,2,0,Misc,https://www.forumdirectory.com/,2026-09-20T21:52:34+00:00,
www.getbodysmart.com,online,B,80.0,Light advertising,1,1,0,0,0,1,60.0,2,0,Educational,https://www.getbodysmart.com/,2026-09-19T06:40:29+00:00,
www.hexcodle.com,online,B,80.0,Light advertising,1,1,0,0,0,1,31.2,1,0,Gaming,https://www.hexcodle.com/,2026-09-25T22:52:29+00:00,
www.hpmuseum.net,online,B,80.0,Light advertising,1,1,0,0,0,1,59.9,2,0,Educational,https://www.hpmuseum.net/,2026-09-19T06:40:29+00:00,
www.jerma.org,online,B,80.0,Light advertising,0,0,4,0,0,0,0.0,1,0,Misc,https://www.jerma.org/,2026-09-03T12:16:01+00:00,
www.libhunt.com,online,B,80.0,Light advertising,1,1,0,0,0,1,61.3,2,0,Misc,https://www.libhunt.com/,2026-09-20T21:52:34+00:00,
www.listofdisks.com,online,B,80.0,Light advertising,1,1,0,0,0,1,100.0,1,0,Misc,https://www.listofdisks.com/,2026-09-26T12:31:41+00:00,
www.lo4d.com,online,B,80.0,Light advertising,1,1,0,0,0,1,50.9,2,0,Downloading,https://www.lo4d.com/,2026-09-18T17:16:20+00:00,
www.macterminal.cc,online,B,80.0,Light advertising,1,1,0,0,0,1,73.7,2,0,Linux,https://www.macterminal.cc/commands,2026-09-20T21:52:34+00:00,
www.mowglii.com,online,B,80.0,Light advertising,1,1,0,0,0,1,40.1,2,0,Linux,https://www.mowglii.com/itsycal/,2026-09-20T21:52:34+00:00,
www.myretrotvs.com,online,B,80.0,Light advertising,1,1,0,0,0,1,53.9,2,0,Misc,https://www.myretrotvs.com/,2026-09-21T22:53:03+00:00,
www.olhosnatv.com.br,online,B,80.0,Light advertising,1,1,0,0,0,1,32.5,2,0,Non-Eng,https://www.olhosnatv.com.br,2026-09-23T06:43:24+00:00,
www.one-tab.com,online,B,80.0,Light advertising,1,1,0,0,0,1,71.4,2,0,Storage,https://www.one-tab.com/,2026-08-25T08:25:42+00:00,
www.opalingo.com,online,B,80.0,Light advertising,1,1,0,0,0,1,72.5,2,0,Educational,https://www.opalingo.com/,2026-09-19T16:51:07+00:00,
www.patatap.com,online,B,80.0,Light advertising,3,3,0,0,0,7,6.1,2,0,Misc,https://www.patatap.com/,2026-09-21T22:53:03+00:00,
www.pdfbooksworld.com,online,B,80.0,Light advertising,1,1,0,0,0,1,54.9,2,0,Reading,https://www.pdfbooksworld.com/,2026-09-23T22:29:49+00:00,
www.perseus.tufts.edu,online,B,80.0,Light advertising,1,1,0,0,0,1,56.4,2,0,Reading,https://www.perseus.tufts.edu/hopper/,2026-09-23T22:29:49+00:00,
www.polltab.com,online,B,80.0,Light advertising,1,1,0,0,0,1,76.9,1,0,Storage,https://www.polltab.com/,2026-09-28T07:40:47+00:00,
www.projectlumen.app,online,B,80.0,Light advertising,1,1,0,0,0,1,43.0,1,1,Educational,https://www.projectlumen.app/,2026-09-13T17:06:33+00:00,
www.raspberrypi.com,online,B,80.0,Light advertising,1,1,0,0,0,1,37.1,2,0,Linux,https://www.raspberrypi.com/software/connect/,2026-09-20T17:01:41+00:00,
www.redditreads.com,online,B,80.0,Light advertising,1,1,0,0,0,1,43.2,2,0,Reading,https://www.redditreads.com/,2026-09-24T06:47:05+00:00,
www.retrostic.com,online,B,80.0,Light advertising,1,1,0,0,0,1,86.5,2,0,Gaming,https://www.retrostic.com/,2026-09-20T07:03:23+00:00,
www.rivestream.app,online,B,80.0,Light advertising,1,1,0,0,0,1,67.2,12,4,Reading Streaming,https://www.rivestream.app/,2026-09-12T21:42:32+00:00,
www.savesubs.com,online,B,80.0,Light advertising,1,1,0,0,0,1,98.0,2,0,Streaming,https://www.savesubs.com/,2026-09-24T22:46:15+00:00,
www.shenouda.nl,online,B,80.0,Light advertising,1,1,0,0,0,1,57.1,2,0,Educational,https://www.shenouda.nl/cti-handbook/,2026-09-27T13:18:43+00:00,
www.simloops.com,online,B,80.0,Light advertising,1,1,0,0,0,1,76.9,3,0,Educational,https://www.simloops.com/communities,2026-09-13T17:06:33+00:00,
www.sixdegreesofwikipedia.com,online,B,80.0,Light advertising,1,1,0,0,0,1,45.9,1,0,Gaming,https://www.sixdegreesofwikipedia.com/,2026-09-25T22:52:29+00:00,
www.skal.es,online,B,80.0,Light advertising,1,1,0,0,0,1,99.2,2,0,Misc,https://www.skal.es/,2026-09-21T14:36:48+00:00,
www.smsonline.cloud,online,B,80.0,Light advertising,1,1,0,0,0,1,41.7,2,2,Storage,https://www.smsonline.cloud/,2026-09-13T12:54:24+00:00,
www.speakerranking.com,online,B,80.0,Light advertising,1,1,0,0,0,1,84.9,2,0,Misc,https://www.speakerranking.com/,2026-09-21T14:36:48+00:00,
www.studyplan.dev,online,B,80.0,Light advertising,1,1,0,0,0,1,99.6,1,0,Educational,https://www.studyplan.dev/,2026-09-25T18:07:54+00:00,
www.tachyo.org,online,B,80.0,Light advertising,1,1,0,0,0,1,69.9,1,0,Educational,https://www.tachyo.org/,2026-09-25T13:02:00+00:00,
www.talpasearch.com,online,B,80.0,Light advertising,1,1,0,0,0,1,48.8,5,0,Music Reading Streaming,https://www.talpasearch.com/,2026-09-17T22:29:32+00:00,
www.tapefear.com,online,B,80.0,Light advertising,1,1,0,0,0,1,57.2,1,0,Music,https://www.tapefear.com/,2026-09-27T07:08:34+00:00,
www.terminal.guide,online,B,80.0,Light advertising,1,1,0,0,0,1,65.5,1,1,Linux,https://www.terminal.guide/,2026-09-13T21:45:32+00:00,
www.thetoptens.com,online,B,80.0,Light advertising,1,1,0,0,0,1,34.2,1,1,Misc,https://www.thetoptens.com/,2026-09-17T17:47:40+00:00,
www.tvguessr.garden,online,B,80.0,Light advertising,1,1,0,0,0,1,78.1,2,0,Gaming,https://www.tvguessr.garden/,2026-09-20T17:01:41+00:00,
www.unifiedremote.com,online,B,80.0,Light advertising,1,1,0,0,0,1,42.7,1,1,Mobile,https://www.unifiedremote.com/,2026-09-17T17:47:40+00:00,
www.voodoopad.com,online,B,80.0,Light advertising,1,1,0,0,0,1,48.6,1,0,Linux,https://www.voodoopad.com/,2026-09-25T22:52:29+00:00,
www.webnovel.com,online,B,80.0,Light advertising,4,2,0,0,0,5,10.9,2,0,Reading,https://www.webnovel.com/,2026-09-23T22:29:49+00:00,
www.yoturkish.com,online,B,80.0,Light advertising,1,1,0,0,0,1,50.1,1,0,Non-Eng,https://www.yoturkish.com,2026-09-27T17:58:51+00:00,
www.yoyomanga.com,online,B,80.0,Light advertising,1,1,0,0,0,1,100.0,2,0,Non-Eng,https://www.yoyomanga.com/,2026-09-10T12:24:16+00:00,
www.yupmanga.com,online,B,80.0,Light advertising,1,1,0,0,0,1,72.7,2,0,Non-Eng,https://www.yupmanga.com/,2026-09-25T13:02:00+00:00,
yopass.se,online,B,80.0,Light advertising,1,1,0,0,0,1,65.2,1,0,Adblock,https://yopass.se/,2026-09-25T06:39:48+00:00,
ytch.tv,online,B,80.0,Light advertising,3,3,0,0,0,1,12.1,2,0,Streaming,https://ytch.tv/,2026-09-24T18:01:53+00:00,
ytdlnis.org,online,B,80.0,Light advertising,1,1,0,0,0,1,57.5,4,4,Mobile,https://ytdlnis.org/,2026-09-12T16:31:29+00:00,
zaneh.itch.io,online,B,80.0,Light advertising,1,1,0,0,0,1,31.3,1,0,Educational,https://zaneh.itch.io/piano-trainer,2026-09-25T13:02:00+00:00,
zincsearch-docs.zinc.dev,online,B,80.0,Light advertising,1,1,0,0,0,1,77.1,1,0,Linux,https://zincsearch-docs.zinc.dev/,2026-09-25T22:52:29+00:00,
dev.to,online,B,80.1,Light advertising,1,1,0,0,0,1,29.8,2,0,Educational,https://dev.to/edge-and-node/the-complete-guide-to-full-stack-solana-development-with-react-anchor-rust-and-phantom-3291,2026-08-20T14:23:07+00:00,
ipalibrary.me,online,B,80.1,Light advertising,1,1,1,0,0,2,18.8,2,0,Mobile,https://ipalibrary.me/,2026-09-22T06:49:41+00:00,
lost-at-sql.therobinlord.com,online,B,80.1,Light advertising,4,2,0,0,0,4,11.8,1,0,Educational,https://lost-at-sql.therobinlord.com/,2026-09-25T13:02:00+00:00,
openstax.org,online,B,80.1,Light advertising,5,2,0,0,0,1,11.8,2,2,Reading,https://openstax.org/,2026-09-13T12:54:24+00:00,
soundimage.org,online,B,80.1,Light advertising,4,4,0,0,0,2,1.8,2,0,Music,https://soundimage.org/,2026-09-10T12:24:16+00:00,
topcinemaa.co,online,B,80.1,Light advertising,5,1,0,0,0,2,16.8,4,0,Non-Eng,https://topcinemaa.co/,2026-09-18T06:42:10+00:00,
aniwaves.ru,online,B,80.2,Light advertising,1,1,0,0,0,1,29.5,2,0,Streaming,https://aniwaves.ru/,2026-09-24T18:01:53+00:00,
ant.design,online,B,80.2,Light advertising,3,2,0,0,0,7,11.7,1,0,Storage,https://ant.design/components/icon/,2026-09-28T16:00:57+00:00,
fanfox.net,online,B,80.2,Light advertising,4,1,0,0,0,8,13.5,1,0,Reading,https://fanfox.net/,2026-09-27T17:58:51+00:00,
firms.modaps.eosdis.nasa.gov,online,B,80.2,Light advertising,5,1,0,0,0,2,16.7,2,0,Misc,https://firms.modaps.eosdis.nasa.gov/map/,2026-09-21T07:14:22+00:00,
mathdf.com,online,B,80.2,Light advertising,2,2,0,0,0,1,20.5,1,0,Educational,https://mathdf.com/,2026-09-25T18:07:54+00:00,
otakuost.net,online,B,80.2,Light advertising,7,3,0,0,0,0,0.5,2,0,Music,https://otakuost.net/,2026-09-22T12:53:35+00:00,
pict.chat,online,B,80.2,Light advertising,6,2,0,0,0,0,9.5,2,0,Gaming,https://pict.chat/,2026-09-20T07:03:23+00:00,
start.litt.ly,online,B,80.2,Light advertising,5,2,0,0,0,7,5.6,2,0,Non-Eng,https://start.litt.ly/,2026-09-24T12:57:21+00:00,
text2diagram.com,online,B,80.2,Light advertising,1,1,0,0,0,1,29.6,1,0,Storage,https://text2diagram.com/,2026-09-28T07:40:47+00:00,
worldofpcgames.com,online,B,80.2,Light advertising,7,3,0,0,0,0,0.7,2,0,Gaming,https://worldofpcgames.com/,2026-09-19T21:48:19+00:00,
www.geogebra.org,online,B,80.2,Light advertising,2,1,0,0,0,2,25.6,2,2,Educational,https://www.geogebra.org/,2026-09-12T21:42:32+00:00,
9mod.com,online,B,80.3,Light advertising,1,1,0,0,0,1,29.3,2,0,Mobile,https://9mod.com/,2026-09-22T06:49:41+00:00,
calgaryguide.ucalgary.ca,online,B,80.3,Light advertising,1,1,0,0,0,3,27.4,2,0,Educational,https://calgaryguide.ucalgary.ca/,2026-09-19T06:40:29+00:00,
comparisontabl.es,online,B,80.3,Light advertising,3,3,0,0,0,1,11.4,4,0,Misc Reading,https://comparisontabl.es/,2026-09-18T06:42:10+00:00,
fliphtml5.com,online,B,80.3,Light advertising,4,4,0,0,0,3,0.4,2,0,Reading,https://fliphtml5.com/exploring,2026-09-23T22:29:49+00:00,
grok.com,online,B,80.3,Light advertising,5,3,0,0,0,0,6.4,2,0,Artificial-Intelligence,https://grok.com/,2026-09-18T12:26:05+00:00,
music.youtube.com,online,B,80.3,Light advertising,4,4,0,0,0,0,3.4,2,2,Music,https://music.youtube.com/,2026-09-13T06:49:25+00:00,
www.kickresume.com,online,B,80.3,Light advertising,4,2,0,0,0,1,14.3,2,2,Misc,https://www.kickresume.com/en/help-center/resume-samples/,2026-09-13T06:49:25+00:00,
www.spamhaus.org,online,B,80.3,Light advertising,3,2,0,0,0,3,15.3,2,0,Adblock,https://www.spamhaus.org/blocklists/,2026-09-18T06:42:10+00:00,
ossia.io,online,B,80.4,Light advertising,4,4,0,0,0,1,2.2,2,0,Music,https://ossia.io/,2026-09-22T17:49:43+00:00,
www.apktoy.com,online,B,80.4,Light advertising,4,3,0,0,0,1,8.2,2,0,Mobile,https://www.apktoy.com/,2026-09-22T06:49:41+00:00,
animaxanime.dpdns.org,online,B,80.5,Light advertising,1,1,0,0,0,0,36.2,2,0,Streaming,https://animaxanime.dpdns.org/,2026-08-25T14:31:22+00:00,
applecensorship.com,online,B,80.5,Light advertising,1,1,0,0,0,0,58.8,2,0,Mobile,https://applecensorship.com/,2026-09-22T06:49:41+00:00,
archives.parliament.uk,online,B,80.5,Light advertising,1,1,0,0,0,0,49.7,2,0,Reading,https://archives.parliament.uk/,2026-08-25T02:47:36+00:00,
buffbook.org,online,B,80.5,Light advertising,1,1,0,0,0,0,76.8,2,0,Misc,https://buffbook.org/,2026-09-21T07:14:22+00:00,
channa.itch.io,online,B,80.5,Light advertising,1,1,0,0,0,0,49.1,1,0,Gaming,https://channa.itch.io/cardlike,2026-09-25T18:07:54+00:00,
characterdesignreferences.com,online,B,80.5,Light advertising,5,4,0,0,0,0,0.0,2,0,Educational,https://characterdesignreferences.com/visual-library,2026-09-26T12:31:41+00:00,
coolmaps.esri.com,online,B,80.5,Light advertising,5,4,0,0,0,0,0.0,2,0,Educational Misc,https://coolmaps.esri.com/,2026-09-19T12:07:10+00:00,
crt-climate-explorer.nemac.org,online,B,80.5,Light advertising,2,1,0,0,0,2,25.0,1,0,Educational,https://crt-climate-explorer.nemac.org/,2026-09-25T13:02:00+00:00,
dramacountdown.com,online,B,80.5,Light advertising,4,3,0,0,0,0,8.9,1,1,Streaming,https://dramacountdown.com/,2026-09-17T22:29:32+00:00,
gitea.com,online,B,80.5,Light advertising,1,1,0,0,0,0,91.8,1,0,Gaming,https://gitea.com/akouzoukos/apotris,2026-09-25T22:52:29+00:00,
helpinghands.gg,online,B,80.5,Light advertising,1,1,0,0,0,0,46.4,2,0,Educational,https://helpinghands.gg/,2026-09-19T16:51:07+00:00,
iask.ai,online,B,80.5,Light advertising,5,2,0,0,0,2,10.0,2,0,Artificial-Intelligence,https://iask.ai/,2026-08-19T08:13:26+00:00,
igcse.net,online,B,80.5,Light advertising,1,1,0,0,0,1,28.9,2,0,Educational,https://igcse.net/igcse-past-papers-download/,2026-09-19T21:48:19+00:00,
kindanice.itch.io,online,B,80.5,Light advertising,1,1,0,0,0,0,31.2,2,0,Gaming,https://kindanice.itch.io/,2026-09-20T12:42:06+00:00,
militera.org,online,B,80.5,Light advertising,2,1,0,0,0,3,24.1,2,0,Non-Eng,http://militera.org/,2026-09-23T13:04:02+00:00,
nap.nationalacademies.org,online,B,80.5,Light advertising,3,2,0,0,0,8,10.1,2,0,Reading,https://nap.nationalacademies.org/,2026-08-25T02:47:36+00:00,
nsarchive.gwu.edu,online,B,80.5,Light advertising,3,1,0,0,0,3,20.9,2,0,Reading,https://nsarchive.gwu.edu/,2026-09-24T06:47:05+00:00,
ntrs.nasa.gov,online,B,80.5,Light advertising,1,1,0,0,0,0,41.6,3,1,Educational Reading,https://ntrs.nasa.gov/collections/pubspace,2026-09-13T17:06:33+00:00,
rate.house,online,B,80.5,Light advertising,3,2,0,0,0,2,16.0,3,0,Music Reading,https://rate.house/,2026-09-18T06:42:10+00:00,
rec.torontocast.stream,online,B,80.5,Light advertising,1,1,0,0,0,0,59.4,2,0,Music,https://rec.torontocast.stream/player/,2026-09-22T12:53:35+00:00,
swelist.com,online,B,80.5,Light advertising,4,4,0,0,0,3,0.1,1,0,Misc,https://swelist.com/,2026-09-26T12:31:41+00:00,
tooldriveproject.net,online,B,80.5,Light advertising,1,1,0,0,0,0,38.7,2,0,Music,https://tooldriveproject.net/,2026-09-22T12:53:35+00:00,
trufflesecurity.com,online,B,80.5,Light advertising,1,1,0,0,0,0,44.6,1,0,Adblock,https://trufflesecurity.com/,2026-09-25T06:39:48+00:00,
understandingwar.org,online,B,80.5,Light advertising,3,2,0,0,0,1,17.0,1,1,Misc,https://understandingwar.org/,2026-09-15T12:53:55+00:00,
www.1tamilcrow.net,online,B,80.5,Light advertising,1,1,0,0,0,2,27.9,2,0,Non-Eng,https://www.1tamilcrow.net/,2026-09-23T06:43:24+00:00,
www.bibguru.com,online,B,80.5,Light advertising,1,1,0,0,0,0,47.6,1,0,Educational,https://www.bibguru.com/,2026-09-25T18:07:54+00:00,
www.burnmynote.link,online,B,80.5,Light advertising,1,1,0,0,0,0,35.4,1,0,Adblock,https://www.burnmynote.link/,2026-09-25T06:39:48+00:00,
www.duplichecker.com,online,B,80.5,Light advertising,3,2,0,0,0,9,9.1,1,0,Educational,https://www.duplichecker.com/,2026-09-25T18:07:54+00:00,
www.edbchinese.hk,online,B,80.5,Light advertising,2,1,0,0,0,3,23.9,5,0,Educational,https://www.edbchinese.hk/lexlist_en/index.jsp,2026-09-17T22:29:32+00:00,
www.gradesfixer.com,online,B,80.5,Light advertising,3,2,0,0,0,4,14.0,2,0,Educational,https://www.gradesfixer.com/,2026-09-19T21:48:19+00:00,
www.joshwoodward.com,online,B,80.5,Light advertising,1,1,0,0,0,0,62.4,2,0,Music,https://www.joshwoodward.com/,2026-09-22T12:53:35+00:00,
www.malacards.org,online,B,80.5,Light advertising,1,1,0,0,0,0,38.7,2,0,Educational,https://www.malacards.org/,2026-09-19T06:40:29+00:00,
www.parliament.uk,online,B,80.5,Light advertising,1,1,0,0,0,0,49.9,2,0,Reading,https://www.parliament.uk/business/publications/archives/,2026-09-10T12:24:16+00:00,
www.rcv123.org,online,B,80.5,Light advertising,1,1,0,0,0,0,30.0,1,0,Storage,https://www.rcv123.org/,2026-09-28T07:40:47+00:00,
www.smartlauncher.net,online,B,80.5,Light advertising,3,2,0,0,0,2,16.1,1,1,Mobile,https://www.smartlauncher.net/,2026-09-17T17:47:40+00:00,
www.toools.design,online,B,80.5,Light advertising,3,1,0,0,0,4,19.9,1,0,Storage,https://www.toools.design/,2026-09-28T07:40:47+00:00,
www.typatone.com,online,B,80.5,Light advertising,3,3,0,0,0,7,5.0,2,0,Misc,https://www.typatone.com/,2026-09-21T22:53:03+00:00,
zulu.zscaler.com,online,B,80.5,Light advertising,1,1,0,0,0,0,98.5,2,0,Adblock,https://zulu.zscaler.com/,2026-09-18T06:42:10+00:00,
apps.irs.gov,online,B,80.6,Light advertising,2,1,0,0,0,1,25.8,2,0,Misc,https://apps.irs.gov/app/freeFile/,2026-09-21T14:36:48+00:00,
ieltsliz.com,online,B,80.6,Light advertising,4,3,0,0,0,1,7.8,2,0,Educational,https://ieltsliz.com/,2026-09-19T16:51:07+00:00,
mariodelvalle.github.io,online,B,80.6,Light advertising,1,1,0,0,0,3,26.8,1,0,Storage,https://mariodelvalle.github.io/CaptainIconWeb/,2026-08-29T08:22:00+00:00,
table-plan.com,online,B,80.6,Light advertising,5,2,0,0,0,1,10.8,2,0,Misc,https://table-plan.com/,2026-09-21T14:36:48+00:00,
cloudy.pk,online,B,80.7,Light advertising,1,1,0,0,0,1,28.6,2,0,Non-Eng,https://cloudy.pk/,2026-09-23T06:43:24+00:00,
cytoid.io,online,B,80.7,Light advertising,3,2,0,0,0,2,15.7,2,0,Gaming,https://cytoid.io/,2026-09-20T07:03:23+00:00,
lens.google,online,B,80.7,Light advertising,3,2,0,0,0,8,9.6,2,2,Mobile,https://lens.google/,2026-09-13T06:49:25+00:00,
litt.ly,online,B,80.7,Light advertising,5,2,0,0,0,6,5.6,2,0,Non-Eng,https://litt.ly/,2026-09-23T06:43:24+00:00,
lojban.io,online,B,80.7,Light advertising,2,1,0,0,0,2,24.7,2,0,Educational,https://lojban.io/,2026-09-19T16:51:07+00:00,
scale.com,online,B,80.7,Light advertising,1,1,0,0,0,4,25.6,2,0,Artificial-Intelligence,https://scale.com/leaderboard,2026-08-19T14:24:21+00:00,
www.adventuregamestudio.co.uk,online,B,80.7,Light advertising,2,2,0,0,0,1,19.7,2,0,Gaming,https://www.adventuregamestudio.co.uk/#play,2026-09-19T21:48:19+00:00,
www.documentaryarea.com,online,B,80.7,Light advertising,2,1,0,0,0,6,20.7,2,2,Educational,https://www.documentaryarea.com/,2026-09-12T21:42:32+00:00,
www.todaytvseries1.com,online,B,80.7,Light advertising,1,1,1,1,0,3,6.6,2,0,Streaming,https://www.todaytvseries1.com/,2026-09-20T12:42:06+00:00,
anidap.lol,online,B,80.8,Light advertising,1,1,0,0,0,1,28.3,2,2,Streaming,https://anidap.lol/,2026-09-13T12:54:24+00:00,
anymex.vercel.app,online,B,80.8,Light advertising,2,2,0,0,0,1,19.4,6,0,Mobile Streaming,https://anymex.vercel.app/,2026-09-13T17:06:33+00:00,
awesome-morphe.vercel.app,online,B,80.8,Light advertising,1,1,0,0,0,2,27.4,3,2,Mobile,https://awesome-morphe.vercel.app/,2026-09-12T16:31:29+00:00,
calameo.com,online,B,80.8,Light advertising,5,3,0,0,0,2,3.5,2,0,Reading,https://calameo.com/,2026-09-23T22:29:49+00:00,
guide.bash.academy,online,B,80.8,Light advertising,2,2,0,0,0,3,17.5,2,0,Linux,https://guide.bash.academy/,2026-09-20T17:01:41+00:00,
htvc.com.vn,online,B,80.8,Light advertising,4,2,0,0,0,5,9.4,1,0,Non-Eng,https://htvc.com.vn/,2026-09-27T17:58:51+00:00,
lendrive.web.id,online,B,80.8,Light advertising,6,2,0,0,0,1,7.4,2,2,Non-Eng,https://lendrive.web.id/,2026-08-29T22:00:23+00:00,
mobile.va.gov,online,B,80.8,Light advertising,4,1,0,0,0,4,16.4,4,0,Misc,https://mobile.va.gov/app/move-coach,2026-09-18T06:42:10+00:00,
muathongminh.vn,online,B,80.8,Light advertising,2,2,1,0,0,7,3.4,2,0,Non-Eng,https://muathongminh.vn/,2026-09-23T18:01:31+00:00,
readermode.io,online,B,80.8,Light advertising,4,4,0,0,0,1,1.4,2,0,Misc Reading,https://readermode.io/,2026-08-29T22:00:23+00:00,
wiki.servarr.com,online,B,80.8,Light advertising,2,1,0,0,0,2,24.3,1,1,Streaming,https://wiki.servarr.com/,2026-09-17T22:29:32+00:00,
www.alloprof.qc.ca,online,B,80.8,Light advertising,4,3,0,0,0,7,1.5,1,0,Educational,https://www.alloprof.qc.ca/en/,2026-09-25T18:07:54+00:00,
www.boostcamp.app,online,B,80.8,Light advertising,3,2,0,0,0,3,14.3,2,2,Misc,https://www.boostcamp.app/,2026-09-13T06:49:25+00:00,
www.cervantesvirtual.com,online,B,80.8,Light advertising,1,1,0,0,0,5,24.5,2,0,Non-Eng,https://www.cervantesvirtual.com/portales/literatura/multimedia_videoteca_signada/,2026-09-23T18:01:31+00:00,
www.uchronia.net,online,B,80.8,Light advertising,1,1,0,0,0,3,26.4,2,0,Reading,https://www.uchronia.net/,2026-09-24T06:47:05+00:00,
www.wowebook.org,online,B,80.8,Light advertising,1,1,0,0,0,1,28.5,2,0,Reading,https://www.wowebook.org/,2026-09-24T06:47:05+00:00,
zoom.lk,online,B,80.8,Light advertising,1,1,0,0,0,0,29.4,2,0,Non-Eng,https://zoom.lk/,2026-09-23T18:01:31+00:00,
datacommons.org,online,B,80.9,Light advertising,4,3,0,0,0,2,6.2,2,0,Educational,https://datacommons.org/,2026-09-19T12:07:10+00:00,
federal.tv,online,B,80.9,Light advertising,2,2,0,0,0,5,15.2,2,0,Non-Eng,https://federal.tv/,2026-09-23T13:04:02+00:00,
iptv-web.app,online,B,80.9,Light advertising,2,2,0,0,0,2,18.2,1,1,Streaming,https://iptv-web.app/,2026-09-17T22:29:32+00:00,
kitsu.io,online,B,80.9,Light advertising,4,2,0,0,0,9,5.2,4,0,Reading Streaming,https://kitsu.io/,2026-08-29T17:26:18+00:00,
legendas.net,online,B,80.9,Light advertising,2,2,0,0,0,1,19.2,2,0,Non-Eng,https://legendas.net,2026-09-23T06:43:24+00:00,
sitinshade.com,online,B,80.9,Light advertising,1,1,0,0,0,2,27.2,2,0,Misc,https://sitinshade.com/,2026-09-20T21:52:34+00:00,
www.cloudskillsboost.google,online,B,80.9,Light advertising,4,3,0,0,0,2,6.2,2,0,Educational,https://www.cloudskillsboost.google/paths,2026-08-20T14:23:07+00:00,
www.skills.google,online,B,80.9,Light advertising,4,3,0,0,0,2,6.2,2,0,Educational,https://www.skills.google/paths,2026-09-10T12:24:16+00:00,
althistory.com,online,B,81.0,Light advertising,1,1,0,0,0,1,28.1,1,1,Misc,https://althistory.com/,2026-09-17T17:47:40+00:00,
animezid.net,online,B,81.0,Light advertising,1,1,2,0,0,7,2.1,2,0,Non-Eng,https://animezid.net/,2026-09-22T17:49:43+00:00,
app.toolbaz.com,online,B,81.0,Light advertising,1,1,0,0,0,1,28.0,1,1,Artificial-Intelligence,https://app.toolbaz.com/ai-tools/list,2026-09-13T17:06:33+00:00,
foro.novenadimension.com,online,B,81.0,Light advertising,4,2,0,0,0,2,12.0,2,0,Non-Eng,https://foro.novenadimension.com/,2026-09-23T18:01:31+00:00,
icecreamapps.com,online,B,81.0,Light advertising,3,3,0,0,0,1,10.0,2,0,Reading,https://icecreamapps.com/Ebook-Reader/,2026-09-23T18:01:31+00:00,
mathematics.isodn.org,online,B,81.0,Light advertising,1,1,0,0,0,1,27.9,2,0,Educational,https://mathematics.isodn.org/,2026-09-18T17:16:20+00:00,
mojza.org,online,B,81.0,Light advertising,1,1,0,0,0,1,28.1,2,0,Educational,https://mojza.org/,2026-09-19T21:48:19+00:00,
ohmyz.sh,online,B,81.0,Light advertising,3,2,0,0,0,5,12.0,1,1,Linux,https://ohmyz.sh/,2026-09-13T21:45:32+00:00,
programasvirtualespc.com,online,B,81.0,Light advertising,2,2,2,0,0,0,0.0,2,0,Non-Eng,https://programasvirtualespc.com/,2026-08-24T08:28:51+00:00,
spaceengine.org,online,B,81.0,Light advertising,5,3,0,0,0,1,3.9,1,0,Educational,https://spaceengine.org/,2026-09-25T13:02:00+00:00,
ukpersonal.finance,online,B,81.0,Light advertising,1,1,0,0,0,1,27.9,1,0,Misc,https://ukpersonal.finance/,2026-09-26T12:31:41+00:00,
voxelbench.ai,online,B,81.0,Light advertising,1,1,0,0,0,3,25.9,2,0,Artificial-Intelligence,https://voxelbench.ai/,2026-09-18T17:16:20+00:00,
www.alfredapp.com,online,B,81.0,Light advertising,2,2,0,0,0,1,19.1,2,2,Linux,https://www.alfredapp.com/,2026-09-13T06:49:25+00:00,
www.dublab.com,online,B,81.0,Light advertising,2,2,0,0,0,4,16.1,2,0,Music,https://www.dublab.com/,2026-09-22T12:53:35+00:00,
www.filmsforaction.org,online,B,81.0,Light advertising,4,4,0,0,0,1,1.0,2,0,Educational,https://www.filmsforaction.org/,2026-09-18T17:16:20+00:00,
www.microsoft.com,online,B,81.0,Light advertising,4,3,0,0,0,0,7.9,6,0,Mobile Music,https://www.microsoft.com/en-us/swiftkey,2026-09-17T22:29:32+00:00,
www.wikisky.org,online,B,81.0,Light advertising,2,2,0,0,0,1,19.1,2,0,Educational,https://www.wikisky.org/,2026-08-20T02:46:21+00:00,
www.modelscope.ai,,B,81.1,Light advertising,4,4,0,0,0,1,0.8,1,1,Artificial-Intelligence,https://www.modelscope.ai/,2026-08-14T14:46:47+00:00,
anilight.live,online,B,81.2,Light advertising,4,4,0,0,0,1,0.5,2,0,Streaming,https://anilight.live/,2026-09-24T18:01:53+00:00,
geph.io,online,B,81.2,Light advertising,3,3,0,0,0,0,10.6,2,0,Adblock,https://geph.io/,2026-09-18T12:26:05+00:00,
git.bradwoods.io,online,B,81.2,Light advertising,1,1,0,0,0,1,27.7,2,0,Educational,https://git.bradwoods.io/,2026-09-19T16:51:07+00:00,
goose-docs.ai,online,B,81.2,Light advertising,3,3,0,0,0,2,8.7,2,0,Artificial-Intelligence,https://goose-docs.ai/,2026-09-18T17:16:20+00:00,
onionhoney.github.io,online,B,81.2,Light advertising,1,1,0,0,0,3,25.6,2,0,Educational,https://onionhoney.github.io/roux-trainers/,2026-09-19T12:07:10+00:00,
thebookofshaders.com,online,B,81.2,Light advertising,1,1,0,0,0,3,25.5,2,0,Educational,https://thebookofshaders.com/,2026-09-19T21:48:19+00:00,
theunarchiver.com,online,B,81.2,Light advertising,2,2,0,0,0,2,17.6,1,1,Linux,https://theunarchiver.com/,2026-09-13T21:45:32+00:00,
vault.fbi.gov,online,B,81.2,Light advertising,1,1,0,0,0,1,27.6,2,0,Reading,https://vault.fbi.gov/,2026-09-24T06:47:05+00:00,
worldview.earthdata.nasa.gov,online,B,81.2,Light advertising,5,1,0,0,0,5,11.7,2,2,Educational,https://worldview.earthdata.nasa.gov/,2026-09-12T21:42:32+00:00,
www.generation-msx.nl,online,B,81.2,Light advertising,1,1,0,0,0,1,27.6,2,0,Gaming,https://www.generation-msx.nl/,2026-09-19T21:48:19+00:00,
www.gplates.org,online,B,81.2,Light advertising,5,3,0,0,0,1,3.6,2,0,Misc,https://www.gplates.org/,2026-09-21T07:14:22+00:00,
www.manualslib.com,online,B,81.2,Light advertising,2,2,0,0,0,1,18.6,1,0,Reading,https://www.manualslib.com/,2026-09-27T17:58:51+00:00,
www.motionmountain.net,online,B,81.2,Light advertising,2,2,0,0,0,1,18.5,1,1,Educational,https://www.motionmountain.net/index.html,2026-09-13T17:06:33+00:00,
www.science.gov,online,B,81.2,Light advertising,1,1,0,0,0,1,27.7,2,0,Reading,https://www.science.gov/,2026-09-24T06:47:05+00:00,
filmezek.com,online,B,81.3,Light advertising,1,1,0,0,0,1,27.4,2,0,Non-Eng,https://filmezek.com/,2026-09-22T22:28:30+00:00,
goodjobsfirst.org,online,B,81.3,Light advertising,3,2,0,0,0,3,13.4,2,0,Misc,https://goodjobsfirst.org/,2026-09-21T07:14:22+00:00,
loficlub.vercel.app,online,B,81.3,Light advertising,3,3,0,0,0,1,9.4,2,0,Music,https://loficlub.vercel.app/,2026-09-22T12:53:35+00:00,
topeaglerservers.com,online,B,81.3,Light advertising,2,2,0,0,0,1,18.3,1,1,Gaming,https://topeaglerservers.com/,2026-09-13T21:45:32+00:00,
www.aldiwan.net,online,B,81.3,Light advertising,3,2,0,0,0,1,15.3,2,0,Non-Eng,https://www.aldiwan.net/,2026-09-22T17:49:43+00:00,
www.cloudns.net,online,B,81.3,Light advertising,1,1,0,0,0,1,27.4,1,0,Storage,https://www.cloudns.net/,2026-09-28T07:40:47+00:00,
www.vipvgm.net,online,B,81.3,Light advertising,3,2,0,0,0,7,9.3,2,0,Music,https://www.vipvgm.net/,2026-09-22T12:53:35+00:00,
africam.com,online,B,81.4,Light advertising,4,4,0,0,0,1,0.2,1,1,Misc,https://africam.com/our-locations/,2026-09-17T17:47:40+00:00,
inboxsms.me,online,B,81.4,Light advertising,3,1,0,0,0,3,19.2,1,0,Storage,https://inboxsms.me/,2026-09-28T07:40:47+00:00,
myrunningman.com,online,B,81.4,Light advertising,1,1,0,0,0,3,25.2,2,0,Streaming,https://myrunningman.com/,2026-09-24T18:01:53+00:00,
www.selezen.club,online,B,81.4,Light advertising,4,2,0,0,0,2,11.2,2,0,Non-Eng,https://www.selezen.club/,2026-09-23T13:04:02+00:00,
app.artificialstudio.ai,online,B,81.5,Light advertising,1,1,0,0,0,1,27.0,2,0,Artificial-Intelligence,https://app.artificialstudio.ai/tools,2026-09-18T17:16:20+00:00,
booksmedicos.org,online,B,81.5,Light advertising,1,1,0,0,0,1,26.9,2,0,Non-Eng,https://booksmedicos.org/,2026-09-23T18:01:31+00:00,
brickhound.com,online,B,81.5,Light advertising,3,3,0,0,0,1,9.1,4,0,Educational Misc,https://brickhound.com/,2026-09-17T22:29:32+00:00,
distrofighter.com,online,B,81.5,Light advertising,1,1,0,0,0,1,26.9,1,1,Linux,https://distrofighter.com/,2026-09-13T21:45:32+00:00,
feudalwars.net,online,B,81.5,Light advertising,5,3,0,0,0,2,2.1,2,0,Gaming,https://feudalwars.net/,2026-09-20T12:42:06+00:00,
latinlucha.es,online,B,81.5,Light advertising,2,1,0,0,0,3,21.9,2,0,Non-Eng,https://latinlucha.es/,2026-09-23T18:01:31+00:00,
retrogamesbot.com,online,B,81.5,Light advertising,2,1,0,0,0,1,23.9,2,0,Gaming,https://retrogamesbot.com/,2026-09-20T07:03:23+00:00,
worldcommunitygrid.org,online,B,81.5,Light advertising,2,1,0,0,0,3,21.9,1,0,Educational,https://worldcommunitygrid.org/,2026-09-25T06:39:48+00:00,
www.auto-manual.com,online,B,81.5,Light advertising,3,2,0,0,0,2,13.9,1,0,Misc,https://www.auto-manual.com/,2026-09-20T21:52:34+00:00,
www.simplifyingtheory.com,online,B,81.5,Light advertising,1,1,0,0,0,1,27.0,1,1,Educational,https://www.simplifyingtheory.com/,2026-09-13T17:06:33+00:00,
www.skycalendar.com,online,B,81.5,Light advertising,1,1,0,0,0,3,25.1,2,0,Educational,https://www.skycalendar.com/skycal/calendar,2026-09-19T06:40:29+00:00,
www.vam.ac.uk,online,B,81.5,Light advertising,3,2,0,0,0,0,15.9,1,0,Storage,https://www.vam.ac.uk/,2026-09-28T07:40:47+00:00,
diffuse.app,online,B,81.6,Light advertising,3,3,0,0,0,1,8.8,2,0,Mobile,https://diffuse.app/,2026-09-22T06:49:41+00:00,
dli.sanskritdictionary.com,online,B,81.6,Light advertising,2,1,0,0,0,2,22.8,2,0,Non-Eng,https://dli.sanskritdictionary.com,2026-09-23T06:43:24+00:00,
thenicestplace.net,online,B,81.6,Light advertising,4,3,0,0,0,2,4.8,2,0,Misc,https://thenicestplace.net/,2026-09-21T22:53:03+00:00,
www.dhammatalks.org,online,B,81.6,Light advertising,1,1,0,0,0,3,24.8,2,0,Reading,https://www.dhammatalks.org/,2026-09-24T06:47:05+00:00,
www.oldmapsonline.org,online,B,81.6,Light advertising,2,1,1,1,0,2,2.8,1,1,Misc,https://www.oldmapsonline.org/,2026-09-13T21:45:32+00:00,
www.web3isgoinggreat.com,online,B,81.6,Light advertising,2,1,0,0,0,3,21.8,2,0,Misc,https://www.web3isgoinggreat.com/,2026-09-21T07:14:22+00:00,
flashmuseum.net,online,B,81.7,Light advertising,1,1,2,0,0,1,6.6,2,2,Gaming,https://flashmuseum.net/,2026-09-27T07:08:34+00:00,
gnula.se,online,B,81.7,Light advertising,3,3,0,0,0,7,2.6,2,0,Non-Eng,https://gnula.se/,2026-08-24T08:28:51+00:00,
knockoff.co,online,B,81.7,Light advertising,1,1,0,0,0,1,26.7,2,0,Misc,https://knockoff.co/,2026-09-21T14:36:48+00:00,
lidarr.audio,online,B,81.7,Light advertising,3,1,0,0,0,2,19.6,2,2,Music,https://lidarr.audio/,2026-09-13T06:49:25+00:00,
manga.in.ua,online,B,81.7,Light advertising,2,1,0,0,0,2,22.6,2,0,Non-Eng,https://manga.in.ua/,2026-09-23T18:01:31+00:00,
romsenespanol.com,online,B,81.7,Light advertising,2,1,1,0,0,1,13.7,2,0,Non-Eng,https://romsenespanol.com/,2026-09-23T13:04:02+00:00,
voir-anime.to,online,B,81.7,Light advertising,1,1,0,0,0,2,25.6,2,0,Non-Eng,https://voir-anime.to/,2026-09-22T22:28:30+00:00,
watchreplay.net,online,B,81.7,Light advertising,5,3,0,0,0,1,2.6,2,0,Streaming,https://watchreplay.net/,2026-09-24T18:01:53+00:00,
wiresock.net,online,B,81.7,Light advertising,2,2,0,0,0,1,17.7,2,0,Adblock,https://wiresock.net/,2026-09-18T12:26:05+00:00,
ww3.lectulandia.com,online,B,81.7,Light advertising,1,1,0,0,0,1,26.6,2,0,Non-Eng,https://ww3.lectulandia.com/,2026-09-23T18:01:31+00:00,
www.dialectsarchive.com,online,B,81.7,Light advertising,1,1,0,0,0,1,26.6,2,0,Educational,https://www.dialectsarchive.com/globalmap,2026-09-19T12:07:10+00:00,
www.retrogames.onl,online,B,81.7,Light advertising,2,2,0,0,0,1,17.7,1,1,Gaming,https://www.retrogames.onl/,2026-09-13T21:45:32+00:00,
www.rtings.com,online,B,81.7,Light advertising,3,3,0,0,0,3,6.7,4,0,Misc,https://www.rtings.com/,2026-09-13T17:06:33+00:00,
angulismotv.pages.dev,online,B,81.8,Light advertising,2,2,0,0,0,1,17.5,2,0,Non-Eng,https://angulismotv.pages.dev,2026-09-23T13:04:02+00:00,
echoctf.red,online,B,81.8,Light advertising,1,1,0,0,0,1,26.4,1,0,Educational,https://echoctf.red/,2026-09-25T18:07:54+00:00,
fantasyanime.com,online,B,81.8,Light advertising,1,1,0,0,0,1,26.3,2,0,Gaming,https://fantasyanime.com/,2026-09-20T07:03:23+00:00,
humanum.arts.cuhk.edu.hk,online,B,81.8,Light advertising,1,1,0,0,0,1,26.4,5,0,Educational,https://humanum.arts.cuhk.edu.hk/Lexis/lexi-mf/,2026-08-29T17:26:18+00:00,
intmusic.net,online,B,81.8,Light advertising,1,1,0,0,0,1,26.3,2,0,Music,https://intmusic.net/,2026-09-22T12:53:35+00:00,
jeopardy.app,online,B,81.8,Light advertising,3,1,0,0,0,2,19.5,2,0,Gaming,https://jeopardy.app,2026-09-20T12:42:06+00:00,
nfl-video.com,online,B,81.8,Light advertising,3,1,0,0,0,3,18.4,2,0,Streaming,https://nfl-video.com/,2026-09-24T18:01:53+00:00,
readwise.io,online,B,81.8,Light advertising,3,2,0,0,0,2,13.3,2,0,Artificial-Intelligence Mobile,https://readwise.io/read,2026-09-18T17:16:20+00:00,
scanlate.io,online,B,81.8,Light advertising,2,1,0,0,0,1,23.4,1,0,Reading,https://scanlate.io/,2026-09-27T17:58:51+00:00,
vedabase.io,online,B,81.8,Light advertising,3,2,0,0,0,1,14.3,2,0,Reading,https://vedabase.io/en/,2026-09-24T06:47:05+00:00,
www.ecalc.ch,online,B,81.8,Light advertising,3,3,0,0,0,3,6.3,2,0,Educational,https://www.ecalc.ch/,2026-09-19T06:40:29+00:00,
www.tandem.net,online,B,81.8,Light advertising,3,2,0,0,0,5,10.3,2,0,Educational,https://www.tandem.net/,2026-09-19T12:07:10+00:00,
www.theosophy.world,online,B,81.8,Light advertising,2,1,0,0,0,3,21.5,1,0,Reading,https://www.theosophy.world/portfolio/term/ebooks,2026-09-27T17:58:51+00:00,
www.viddsee.com,online,B,81.8,Light advertising,4,2,0,0,0,9,3.3,1,1,Streaming,https://www.viddsee.com/,2026-09-17T22:29:32+00:00,
justuseapp.com,online,B,81.9,Light advertising,2,1,0,0,0,6,18.2,2,0,Mobile,https://justuseapp.com/,2026-09-22T06:49:41+00:00,
laoshi.io,online,B,81.9,Light advertising,3,2,0,0,0,2,13.2,1,0,Educational,https://laoshi.io/,2026-09-25T13:02:00+00:00,
www.johnnylucky.org,online,B,81.9,Light advertising,1,1,0,0,0,1,26.2,1,0,Misc,https://www.johnnylucky.org/data-storage/ssd-database.html,2026-09-26T12:31:41+00:00,
1ddl.org,online,B,82.0,Light advertising,1,1,0,0,0,1,25.9,2,0,Downloading,https://1ddl.org/,2026-09-18T17:16:20+00:00,
biblus.org,online,B,82.0,Light advertising,1,1,0,0,0,2,24.9,1,0,Non-Eng,https://biblus.org/,2026-09-10T12:24:16+00:00,
dessinanime.cc,online,B,82.0,Light advertising,8,2,0,0,0,0,0.0,2,0,Non-Eng,https://dessinanime.cc/,2026-09-22T22:28:30+00:00,
forum.effectivealtruism.org,online,B,82.0,Light advertising,4,2,0,0,0,4,7.9,1,0,Educational,https://forum.effectivealtruism.org/,2026-09-25T13:02:00+00:00,
hoc10.vn,online,B,82.0,Light advertising,3,1,0,0,0,4,16.9,2,2,Non-Eng,https://hoc10.vn/,2026-09-13T12:54:24+00:00,
myasiantv.com.bz,online,B,82.0,Light advertising,1,1,0,0,0,1,26.1,2,0,Streaming,https://myasiantv.com.bz/,2026-09-12T11:45:01+00:00,
www.1tamilmv.lease,online,B,82.0,Light advertising,1,1,0,0,0,5,22.1,6,4,Non-Eng,https://www.1tamilmv.lease/,2026-09-24T12:57:21+00:00,
www.asiancrush.com,online,B,82.0,Light advertising,5,2,0,0,0,8,1.0,2,0,Streaming,https://www.asiancrush.com/,2026-09-24T18:01:53+00:00,
www.bazarr.media,online,B,82.0,Light advertising,1,1,0,0,0,1,26.1,4,4,Streaming,https://www.bazarr.media/,2026-09-12T21:42:32+00:00,
www.camscape.com,online,B,82.0,Light advertising,2,2,0,0,0,1,16.9,2,0,Misc,https://www.camscape.com/,2026-09-21T22:53:03+00:00,
www.chem.ucla.edu,online,B,82.0,Light advertising,1,1,0,0,0,3,23.9,2,0,Educational,https://www.chem.ucla.edu/~harding/IGOC/IGOC.html,2026-09-19T06:40:29+00:00,
www.echowalk.com,online,B,82.0,Light advertising,2,2,0,0,0,1,17.0,2,0,Music,https://www.echowalk.com/,2026-09-22T12:53:35+00:00,
www.fakewhats.com,online,B,82.0,Light advertising,1,1,0,0,0,5,21.9,2,0,Mobile,https://www.fakewhats.com/,2026-09-22T06:49:41+00:00,
www.filescan.io,online,B,82.0,Light advertising,2,1,0,0,0,31,4.1,2,0,Adblock,https://www.filescan.io/,2026-09-18T06:42:10+00:00,
www.yishama.com,online,B,82.0,Light advertising,4,2,0,0,0,6,6.0,2,0,Music,https://www.yishama.com/virtual-pantam-playground/,2026-08-30T17:46:30+00:00,
1tamilyogi.ro,online,B,82.1,Light advertising,1,1,0,0,0,4,22.8,1,0,Non-Eng,https://1tamilyogi.ro/,2026-09-27T17:58:51+00:00,
mangakatana.com,online,B,82.1,Light advertising,2,1,0,0,0,2,21.8,2,0,Reading,https://mangakatana.com/,2026-09-23T22:29:49+00:00,
pdfcoffee.com,online,B,82.1,Light advertising,2,1,0,0,0,2,21.8,2,0,Reading,https://pdfcoffee.com,2026-09-23T18:01:31+00:00,
www.alltrails.com,online,B,82.1,Light advertising,3,2,0,0,0,5,9.8,2,0,Misc,https://www.alltrails.com/,2026-09-21T07:14:22+00:00,
abandonwaregames.net,online,B,82.2,Light advertising,3,3,0,0,0,3,5.5,2,2,Gaming,https://abandonwaregames.net/,2026-09-12T21:42:32+00:00,
apk4free.net,online,B,82.2,Light advertising,1,1,0,0,0,1,25.5,2,0,Mobile,https://apk4free.net/,2026-09-22T06:49:41+00:00,
audioaz.com,online,B,82.2,Light advertising,2,2,0,0,0,1,16.5,2,0,Reading,https://audioaz.com/,2026-09-23T22:29:49+00:00,
contempaesthetics.org,online,B,82.2,Light advertising,2,1,0,0,0,2,21.6,2,0,Reading,https://contempaesthetics.org/,2026-09-24T06:47:05+00:00,
donkuri.github.io,online,B,82.2,Light advertising,1,1,0,0,0,1,25.5,2,0,Educational Storage,https://donkuri.github.io/learn-japanese/,2026-09-18T17:16:20+00:00,
graphoverflow.com,online,B,82.2,Light advertising,1,1,0,0,0,5,21.6,1,0,Educational,https://graphoverflow.com/graphs/3d-periodic-table.html,2026-08-26T08:26:47+00:00,
nick-black.com,online,B,82.2,Light advertising,2,2,0,0,0,3,14.5,1,0,Linux,https://nick-black.com/dankwiki/index.php/Notcurses,2026-09-25T22:52:29+00:00,
pacer.uscourts.gov,online,B,82.2,Light advertising,2,1,0,0,0,1,22.6,1,0,Reading,https://pacer.uscourts.gov/,2026-09-27T17:58:51+00:00,
peerlist.io,online,B,82.2,Light advertising,3,2,0,0,0,2,12.7,1,0,Misc,https://peerlist.io/,2026-09-26T12:31:41+00:00,
rytr.me,online,B,82.2,Light advertising,6,2,0,0,0,3,2.6,1,1,Artificial-Intelligence,https://rytr.me/,2026-09-13T17:06:33+00:00,
thefor.xyz,online,B,82.2,Light advertising,2,2,0,0,0,1,16.5,2,0,Mobile,https://thefor.xyz/,2026-09-22T06:49:41+00:00,
theoatmeal.com,online,B,82.2,Light advertising,3,1,0,0,0,2,18.6,2,0,Reading,https://theoatmeal.com/,2026-09-23T22:29:49+00:00,
theweekinchess.com,online,B,82.2,Light advertising,2,2,0,0,0,0,17.5,2,0,Educational,https://theweekinchess.com/,2026-09-02T12:18:10+00:00,
vimeo.com,online,B,82.2,Light advertising,3,2,0,0,0,8,6.5,2,2,Streaming,https://vimeo.com/watch,2026-09-13T12:54:24+00:00,
visibleearth.nasa.gov,,B,82.2,Light advertising,6,1,0,0,0,6,5.5,2,2,Educational,https://visibleearth.nasa.gov/,2026-08-13T17:57:57+00:00,
vorssaint.com,online,B,82.2,Light advertising,1,1,0,0,0,1,25.5,2,2,Linux,https://vorssaint.com/,2026-09-23T13:04:02+00:00,
www.apksum.com,online,B,82.2,Light advertising,4,3,0,0,0,1,4.7,2,0,Mobile,https://www.apksum.com/,2026-09-22T06:49:41+00:00,
www.gardenia.net,online,B,82.2,Light advertising,3,2,0,0,0,5,9.7,2,0,Misc,https://www.gardenia.net/,2026-09-20T21:52:34+00:00,
www.movemap.io,online,B,82.2,Light advertising,2,2,0,0,0,1,16.6,2,0,Educational,https://www.movemap.io/,2026-09-19T12:07:10+00:00,
www.nucleodoconhecimento.com.br,online,B,82.2,Light advertising,3,2,0,0,0,2,12.5,2,0,Non-Eng,https://www.nucleodoconhecimento.com.br,2026-09-23T06:43:24+00:00,
www.orioniconlibrary.com,online,B,82.2,Light advertising,3,3,0,0,0,1,7.7,1,0,Storage,https://www.orioniconlibrary.com/,2026-08-29T08:22:00+00:00,
www.radiodeck.com,online,B,82.2,Light advertising,3,2,0,0,0,2,12.6,2,0,Music,https://www.radiodeck.com/,2026-08-23T02:52:34+00:00,
www.runningreality.org,online,B,82.2,Light advertising,3,2,0,0,0,1,13.5,2,2,Misc,https://www.runningreality.org/,2026-09-13T06:49:25+00:00,
www.scarleteen.com,online,B,82.2,Light advertising,2,1,0,0,0,1,22.7,2,0,Misc,https://www.scarleteen.com/,2026-09-21T07:14:22+00:00,
www.sweethome3d.com,online,B,82.2,Light advertising,6,2,0,0,0,4,1.6,2,0,Misc,https://www.sweethome3d.com/,2026-09-20T21:52:34+00:00,
biblus.in,online,B,82.3,Light advertising,1,1,0,0,0,2,24.3,1,0,Non-Eng,https://biblus.in/,2026-08-28T13:26:35+00:00,
cyadonia.com,online,B,82.3,Light advertising,1,1,0,0,0,1,25.3,2,0,Gaming,https://cyadonia.com/,2026-09-20T07:03:23+00:00,
mini-map-macau.app,online,B,82.3,Light advertising,2,2,0,0,0,2,15.3,2,0,Misc,https://mini-map-macau.app/,2026-09-21T07:14:22+00:00,
ninecirclesdemonlist.com,online,B,82.3,Light advertising,1,1,0,0,0,0,26.4,2,0,Storage,https://ninecirclesdemonlist.com/,2026-09-24T12:57:21+00:00,
ourworldindata.org,online,B,82.3,Light advertising,2,1,0,0,0,2,21.3,2,2,Educational,https://ourworldindata.org/,2026-09-12T21:42:32+00:00,
savefileconverter.com,online,B,82.3,Light advertising,2,1,0,0,0,1,22.3,2,0,Gaming,https://savefileconverter.com/,2026-09-20T07:03:23+00:00,
www.nationalacademies.org,online,B,82.3,Light advertising,3,2,0,0,0,4,10.4,2,0,Reading,https://www.nationalacademies.org/publications/all,2026-09-10T12:24:16+00:00,
www.wisdomlib.org,online,B,82.3,Light advertising,1,1,0,0,0,1,25.3,2,0,Reading,https://www.wisdomlib.org/,2026-09-24T06:47:05+00:00,
fingerspell.net,online,B,82.4,Light advertising,1,1,0,0,0,3,23.2,2,0,Educational,https://fingerspell.net/,2026-09-19T16:51:07+00:00,
huongnghiep.hocmai.vn,online,B,82.4,Light advertising,5,2,0,0,0,2,6.2,2,0,Non-Eng,https://huongnghiep.hocmai.vn/,2026-09-23T18:01:31+00:00,
librosdelanube.blogspot.com,online,B,82.4,Light advertising,3,2,0,0,0,1,13.2,2,0,Non-Eng,https://librosdelanube.blogspot.com/,2026-09-23T18:01:31+00:00,
magnifiedsand.com,online,B,82.4,Light advertising,3,1,0,0,0,3,17.2,4,0,Educational Misc,https://magnifiedsand.com/,2026-09-17T22:29:32+00:00,
pwrestling.com,online,B,82.4,Light advertising,2,2,0,0,0,1,16.2,2,0,Streaming,https://pwrestling.com/,2026-09-24T22:46:15+00:00,
www.cool-etv.net,online,B,82.4,Light advertising,1,1,0,0,0,1,25.2,2,0,Non-Eng,https://www.cool-etv.net/,2026-09-23T13:04:02+00:00,
asl-lex.org,online,B,82.5,Light advertising,6,1,0,0,0,3,8.1,3,0,Educational,https://asl-lex.org/,2026-09-18T06:42:10+00:00,
craft.hira.im,online,B,82.5,Light advertising,1,1,0,0,0,1,25.0,1,1,Gaming,https://craft.hira.im/,2026-09-13T21:45:32+00:00,
ivanceras.github.io,online,B,82.5,Light advertising,2,1,0,0,0,2,21.1,3,0,Storage,https://ivanceras.github.io/svgbob-editor/,2026-09-18T12:26:05+00:00,
mangakoma.net,online,B,82.5,Light advertising,1,1,1,0,0,1,15.0,2,0,Non-Eng,https://mangakoma.net/,2026-09-23T06:43:24+00:00,
open.gridea.dev,online,B,82.5,Light advertising,2,1,0,0,0,2,20.9,2,0,Non-Eng,https://open.gridea.dev/,2026-09-22T17:49:43+00:00,
spotisaver.net,online,B,82.5,Light advertising,5,3,0,0,0,2,0.1,2,0,Music,https://spotisaver.net/,2026-09-22T12:53:35+00:00,
theclassicalstation.org,online,B,82.5,Light advertising,3,1,0,0,0,4,15.9,1,0,Music,https://theclassicalstation.org/,2026-09-27T07:08:34+00:00,
www.musicto.com,online,B,82.5,Light advertising,3,2,0,0,0,10,3.9,2,0,Music,https://www.musicto.com/,2026-09-22T17:49:43+00:00,
www.novelist.app,online,B,82.5,Light advertising,4,3,0,0,0,2,2.9,2,0,Mobile,https://www.novelist.app/,2026-09-22T06:49:41+00:00,
www.reelscary.com,online,B,82.5,Light advertising,2,2,0,0,0,6,10.9,2,0,Streaming,https://www.reelscary.com/,2026-09-24T22:46:15+00:00,
www.secretcanada.com,online,B,82.5,Light advertising,2,1,0,0,0,1,22.1,2,0,Reading,https://www.secretcanada.com/,2026-09-24T06:47:05+00:00,
www.thefoodhistorian.com,online,B,82.5,Light advertising,5,2,0,0,0,6,2.0,4,0,Educational Misc,https://www.thefoodhistorian.com/,2026-09-17T22:29:32+00:00,
whatmodelscanirun.com,online,B,82.6,Light advertising,6,2,0,0,0,0,4.8,1,0,Artificial-Intelligence,https://whatmodelscanirun.com/,2026-09-25T06:39:48+00:00,
www.jstor.org,online,B,82.6,Light advertising,4,2,0,0,0,4,6.8,2,0,Reading,https://www.jstor.org/,2026-09-23T22:29:49+00:00,
apps.obtainium.imranr.dev,online,B,82.7,Light advertising,6,2,0,0,0,0,4.6,1,1,Mobile,https://apps.obtainium.imranr.dev/,2026-09-17T17:47:40+00:00,
bedroomproducersblog.com,online,B,82.7,Light advertising,1,1,0,0,0,1,24.6,2,0,Music,https://bedroomproducersblog.com/free-vst-plugins/,2026-09-22T17:49:43+00:00,
client.eaglercraft.win,online,B,82.7,Light advertising,1,1,0,0,0,0,25.6,1,1,Gaming,https://client.eaglercraft.win/,2026-09-13T21:45:32+00:00,
deviceframes.com,online,B,82.7,Light advertising,3,2,0,0,0,3,10.6,1,0,Storage,https://deviceframes.com/,2026-08-28T13:26:35+00:00,
ktimusic.blogspot.com,online,B,82.7,Light advertising,7,2,0,0,0,0,1.6,2,0,Music,https://ktimusic.blogspot.com/,2026-08-30T13:18:17+00:00,
quartermaester.info,online,B,82.7,Light advertising,2,2,0,0,0,1,15.6,2,0,Misc,https://quartermaester.info/,2026-09-21T22:53:03+00:00,
www.mycast.io,online,B,82.7,Light advertising,3,3,0,0,0,4,3.7,2,0,Misc,https://www.mycast.io/,2026-09-21T14:36:48+00:00,
bks.org.uk,online,B,82.8,Light advertising,1,1,0,0,0,1,24.3,2,0,Educational,https://bks.org.uk/,2026-09-19T16:51:07+00:00,
help.transitapp.com,online,B,82.8,Light advertising,4,1,0,0,0,3,13.3,1,0,Mobile,https://help.transitapp.com/article/362-royale-faq#no-money,2026-09-26T12:31:41+00:00,
heycv.app,online,B,82.8,Light advertising,2,1,0,0,0,3,19.4,1,1,Misc,https://heycv.app/,2026-09-13T21:45:32+00:00,
llamalab.com,online,B,82.8,Light advertising,2,1,0,0,0,2,20.5,1,1,Mobile,https://llamalab.com/automate/,2026-09-17T17:47:40+00:00,
newspapermap.com,online,B,82.8,Light advertising,2,1,0,0,0,2,20.4,2,0,Reading,https://newspapermap.com/,2026-09-23T22:29:49+00:00,
the-circle.app,online,B,82.8,Light advertising,2,1,0,0,0,1,21.3,2,0,Gaming,https://the-circle.app/,2026-09-20T12:42:06+00:00,
tiodonghua.lat,online,B,82.8,Light advertising,7,2,0,0,0,0,1.5,2,0,Non-Eng,https://tiodonghua.lat/,2026-09-10T12:24:16+00:00,
vostfree.ws,online,B,82.8,Light advertising,2,1,1,0,0,2,10.3,2,0,Non-Eng,https://vostfree.ws/,2026-09-22T22:28:30+00:00,
www.bandlab.com,online,B,82.8,Light advertising,3,2,0,0,0,2,11.3,6,2,Artificial-Intelligence Music,https://www.bandlab.com/,2026-09-12T16:31:29+00:00,
www.jpl.nasa.gov,online,B,82.8,Light advertising,3,2,0,0,0,1,12.3,1,1,Educational,https://www.jpl.nasa.gov/images,2026-09-13T17:06:33+00:00,
www.onsites.fyi,online,B,82.8,Light advertising,3,2,0,0,0,2,11.5,2,0,Misc,https://www.onsites.fyi/,2026-09-21T07:14:22+00:00,
www.prompy.me,online,B,82.8,Light advertising,6,2,0,0,0,0,4.5,2,0,Artificial-Intelligence,https://www.prompy.me/,2026-09-18T17:16:20+00:00,
jfc.org.il,online,B,82.9,Light advertising,3,2,0,0,0,3,10.2,2,0,Non-Eng,https://jfc.org.il/,2026-09-22T22:28:30+00:00,
wen-ware.com,online,B,82.9,Light advertising,7,2,0,0,0,0,1.2,2,0,Educational Gaming,https://wen-ware.com/,2026-09-19T06:40:29+00:00,
whc.unesco.org,online,B,82.9,Light advertising,4,1,0,0,0,3,13.2,4,0,Educational Misc,https://whc.unesco.org/en/list/,2026-09-17T22:29:32+00:00,
www.b98.tv,online,B,82.9,Light advertising,1,1,0,0,0,1,24.2,2,0,Streaming,https://www.b98.tv/home/,2026-09-24T18:01:53+00:00,
www.studystream.live,online,B,82.9,Light advertising,3,2,0,0,0,9,4.2,2,0,Educational,https://www.studystream.live/,2026-09-19T21:48:19+00:00,
directory.goodonyou.eco,online,B,83.0,Light advertising,3,2,0,0,0,1,12.0,4,0,Misc,https://directory.goodonyou.eco/,2026-09-18T06:42:10+00:00,
dzierzan.itch.io,online,B,83.0,Light advertising,3,3,0,0,0,0,7.1,1,0,Gaming,https://dzierzan.itch.io/opensa,2026-09-25T18:07:54+00:00,
poloclub.github.io,online,B,83.0,Light advertising,5,3,0,0,0,1,0.1,1,0,Educational,https://poloclub.github.io/transformer-explainer/,2026-09-25T18:07:54+00:00,
presence.mrarich.com,online,B,83.0,Light advertising,1,1,0,0,0,1,24.0,2,0,Misc,https://presence.mrarich.com/,2026-09-21T22:53:03+00:00,
sendpulse.com,online,B,83.0,Light advertising,2,2,1,0,0,6,0.0,1,0,Misc,https://sendpulse.com/,2026-09-26T12:31:41+00:00,
tunnl.to,online,B,83.0,Light advertising,1,1,0,0,0,1,24.0,1,0,Adblock,https://tunnl.to/,2026-09-25T06:39:48+00:00,
windage.online,online,B,83.0,Light advertising,1,1,0,0,0,1,24.0,2,0,Gaming,https://windage.online/,2026-09-20T12:42:06+00:00,
wowroms.com,online,B,83.0,Light advertising,1,1,0,0,0,1,24.0,2,0,Gaming,https://wowroms.com/en,2026-09-20T07:03:23+00:00,
www.1tamilmv.observer,,B,83.0,Light advertising,1,1,0,0,0,4,21.0,6,4,Non-Eng,https://www.1tamilmv.observer/,2026-08-13T16:09:28+00:00,
www.artofmanliness.com,online,B,83.0,Light advertising,4,3,0,0,0,1,3.1,2,0,Educational,https://www.artofmanliness.com/,2026-09-19T12:07:10+00:00,
www.edamam.com,online,B,83.0,Light advertising,3,1,0,0,0,1,18.1,2,0,Misc,https://www.edamam.com/,2026-09-21T07:14:22+00:00,
www.feedbackr.io,online,B,83.0,Light advertising,3,2,0,0,0,1,12.0,1,0,Storage,https://www.feedbackr.io/,2026-09-28T07:40:47+00:00,
www.sampleroulette.io,online,B,83.0,Light advertising,1,1,0,0,0,1,24.0,1,0,Music,https://www.sampleroulette.io/,2026-09-27T07:08:34+00:00,
zperiod.app,online,B,83.0,Light advertising,2,2,0,0,0,6,10.0,2,2,Educational,https://zperiod.app/,2026-09-12T21:42:32+00:00,
juegosdemugen.com,online,B,83.1,Light advertising,1,1,0,0,0,0,24.8,1,0,Gaming,https://juegosdemugen.com/en/,2026-09-25T18:07:54+00:00,
opnsense.org,online,B,83.1,Light advertising,4,3,0,0,0,3,0.8,2,0,Adblock,https://opnsense.org/,2026-09-18T06:42:10+00:00,
taskito.io,online,B,83.1,Light advertising,4,3,0,0,0,1,2.8,1,0,Mobile,https://taskito.io/,2026-09-27T07:08:34+00:00,
www.1tamilmv.meme,online,B,83.1,Light advertising,1,1,0,0,0,3,21.8,6,4,Non-Eng,https://www.1tamilmv.meme/,2026-09-10T12:24:16+00:00,
www.filmepealese.com,online,B,83.1,Light advertising,2,2,0,0,0,3,12.8,2,0,Non-Eng,https://www.filmepealese.com/,2026-09-23T13:04:02+00:00,
www.video-tutor.net,online,B,83.1,Light advertising,1,1,0,0,0,2,22.8,2,0,Educational,https://www.video-tutor.net/,2026-09-19T06:40:29+00:00,
123wrestling.com,online,B,83.2,Light advertising,1,1,0,0,0,1,23.7,2,0,Streaming,https://123wrestling.com/,2026-09-24T22:46:15+00:00,
abhishekbanthia.com,online,B,83.2,Light advertising,8,1,0,0,0,3,0.5,2,0,Linux,https://abhishekbanthia.com/clocker/,2026-09-20T21:52:34+00:00,
aeromatic.app,online,B,83.2,Light advertising,1,1,0,0,0,1,23.5,2,0,Misc,https://aeromatic.app/,2026-09-20T21:52:34+00:00,
asb2m10.github.io,online,B,83.2,Light advertising,4,3,0,0,0,3,0.7,2,2,Music,https://asb2m10.github.io/dexed/,2026-09-13T06:49:25+00:00,
asiaflix.in,online,B,83.2,Light advertising,3,1,0,0,0,3,15.6,1,0,Streaming,https://asiaflix.in/,2026-09-28T16:00:57+00:00,
chessvision.ai,online,B,83.2,Light advertising,2,1,0,0,0,2,19.6,2,0,Educational,https://chessvision.ai/,2026-09-19T12:07:10+00:00,
lyricstranslate.com,online,B,83.2,Light advertising,1,1,0,0,0,1,23.5,3,2,Educational Music,https://lyricstranslate.com/,2026-09-12T16:31:29+00:00,
openmaktaba.com,online,B,83.2,Light advertising,2,2,0,0,0,1,14.7,2,0,Reading,https://openmaktaba.com/,2026-09-24T06:47:05+00:00,
pickvote.web.app,online,B,83.2,Light advertising,1,1,0,0,0,1,23.5,1,0,Storage,https://pickvote.web.app/,2026-08-28T23:15:50+00:00,
platerecognizer.com,online,B,83.2,Light advertising,3,2,0,0,0,3,9.7,2,0,Misc,https://platerecognizer.com/,2026-09-20T21:52:34+00:00,
quran.com,online,B,83.2,Light advertising,1,1,0,0,0,5,19.7,2,0,Reading,https://quran.com/,2026-09-24T06:47:05+00:00,
www.alarabimag.com,online,B,83.2,Light advertising,1,1,0,0,0,4,20.6,2,0,Non-Eng,https://www.alarabimag.com/,2026-09-22T17:49:43+00:00,
www.alexandria.ucsb.edu,online,B,83.2,Light advertising,1,1,0,0,0,1,23.6,2,0,Reading,https://www.alexandria.ucsb.edu/,2026-09-24T06:47:05+00:00,
www.animatedknots.com,online,B,83.2,Light advertising,3,2,0,0,0,3,9.6,1,1,Educational,https://www.animatedknots.com/,2026-09-13T17:06:33+00:00,
www.intelligentcv.app,online,B,83.2,Light advertising,1,1,0,0,0,1,23.6,2,0,Misc,https://www.intelligentcv.app/,2026-09-21T14:36:48+00:00,
www.macscripter.net,online,B,83.2,Light advertising,2,2,0,0,0,1,14.7,2,0,Linux,https://www.macscripter.net/,2026-09-20T17:01:41+00:00,
www.minetegn.no,online,B,83.2,Light advertising,1,1,0,0,0,3,21.7,2,0,Non-Eng,https://www.minetegn.no/Tegnordbok-2016/,2026-09-23T18:01:31+00:00,
blitztactics.com,online,B,83.3,Light advertising,2,1,0,0,0,2,19.3,2,0,Educational,https://blitztactics.com/,2026-09-02T12:18:10+00:00,
creativepark.canon,online,B,83.3,Light advertising,4,3,0,0,0,0,3.3,1,0,Educational,https://creativepark.canon/en/index.html,2026-09-25T13:02:00+00:00,
foony.com,online,B,83.3,Light advertising,2,2,0,0,0,1,14.3,2,0,Gaming,https://foony.com/,2026-09-20T12:42:06+00:00,
freebies.bypeople.com,online,B,83.3,Light advertising,2,2,0,0,0,1,14.3,1,0,Storage,https://freebies.bypeople.com/,2026-09-28T07:40:47+00:00,
infiniteconversation.com,online,B,83.3,Light advertising,1,1,0,0,0,1,23.3,2,2,Misc,https://infiniteconversation.com/,2026-09-13T06:49:25+00:00,
levelsharesquare.com,online,B,83.3,Light advertising,1,1,0,0,0,2,22.4,2,0,Gaming,https://levelsharesquare.com/,2026-09-20T12:42:06+00:00,
nirvanamanga.com,online,B,83.3,Light advertising,1,1,0,0,0,1,23.3,2,0,Non-Eng,https://nirvanamanga.com/,2026-08-24T14:28:18+00:00,
quavergame.com,online,B,83.3,Light advertising,2,1,0,0,0,2,19.3,1,0,Gaming,https://quavergame.com/,2026-09-25T18:07:54+00:00,
www.pokernow.club,online,B,83.3,Light advertising,2,1,0,0,0,3,18.4,2,0,Gaming,https://www.pokernow.club/,2026-09-20T12:42:06+00:00,
www.pokernow.com,online,B,83.3,Light advertising,2,1,0,0,0,3,18.4,2,0,Gaming,https://www.pokernow.com/,2026-09-24T12:57:21+00:00,
www.themoviedb.org,online,B,83.3,Light advertising,2,1,1,0,0,2,9.4,2,0,Streaming,https://www.themoviedb.org/,2026-09-24T22:46:15+00:00,
flnk.fun,online,B,83.4,Light advertising,3,3,0,0,0,2,4.2,2,0,Streaming,https://flnk.fun/,2026-09-24T18:01:53+00:00,
www.haltadefinizione.com,online,B,83.4,Light advertising,4,3,0,0,0,1,2.2,1,0,Storage,https://www.haltadefinizione.com/en/,2026-09-28T07:40:47+00:00,
www.papertoys.com,online,B,83.4,Light advertising,3,2,0,0,0,2,10.2,2,0,Educational,https://www.papertoys.com/,2026-09-19T12:07:10+00:00,
www.promptingguide.ai,online,B,83.4,Light advertising,1,1,0,0,0,1,23.2,2,2,Artificial-Intelligence,https://www.promptingguide.ai,2026-09-12T21:42:32+00:00,
7movies.pro,online,B,83.5,Light advertising,4,3,0,0,0,1,2.0,1,1,Streaming,https://7movies.pro/,2026-09-06T11:45:58+00:00,
anica.jp,online,B,83.5,Light advertising,1,1,0,0,0,1,23.1,1,0,Streaming,https://anica.jp/,2026-08-29T08:22:00+00:00,
anifilm.pro,online,B,83.5,Light advertising,1,1,0,0,0,7,16.9,2,0,Non-Eng,https://anifilm.pro/,2026-09-10T12:24:16+00:00,
anineko.to,online,B,83.5,Light advertising,5,3,0,0,0,0,0.0,2,0,Streaming,https://anineko.to/,2026-09-04T12:16:28+00:00,
anthropic.skilljar.com,online,B,83.5,Light advertising,2,2,0,0,0,3,12.0,1,0,Educational,https://anthropic.skilljar.com/,2026-09-25T18:07:54+00:00,
apps.london.gov.uk,online,B,83.5,Light advertising,2,1,0,0,0,2,19.1,1,0,Misc,https://apps.london.gov.uk/public-realm-trees/,2026-09-25T22:52:29+00:00,
csrankings.org,online,B,83.5,Light advertising,2,2,1,0,0,1,4.1,4,0,Educational,https://csrankings.org/,2026-09-17T22:29:32+00:00,
filmvault.xyz,online,B,83.5,Light advertising,2,2,0,0,0,11,3.9,2,0,Streaming,https://filmvault.xyz/,2026-09-24T22:46:15+00:00,
footagefarm.com,online,B,83.5,Light advertising,4,3,0,0,0,2,1.1,2,0,Streaming,https://footagefarm.com/,2026-09-24T18:01:53+00:00,
metactrl.com,online,B,83.5,Light advertising,1,1,0,0,0,1,23.0,1,0,Mobile,https://metactrl.com/,2026-09-26T12:31:41+00:00,
mkorostoff.github.io,online,B,83.5,Light advertising,2,1,0,0,0,2,18.9,2,0,Educational,https://mkorostoff.github.io/incarceration-in-real-numbers/,2026-09-19T12:07:10+00:00,
previewed.app,online,B,83.5,Light advertising,3,2,0,0,0,5,6.9,1,0,Storage,https://previewed.app/,2026-08-28T13:26:35+00:00,
the-fork.vercel.app,online,B,83.5,Light advertising,6,2,0,0,0,0,3.0,1,0,Music,https://the-fork.vercel.app/,2026-09-27T07:08:34+00:00,
topsrs.day,online,B,83.5,Light advertising,1,1,0,0,0,1,22.9,1,1,Streaming,https://topsrs.day/,2026-09-17T22:29:32+00:00,
vector.game,online,B,83.5,Light advertising,1,1,0,0,0,3,20.9,2,0,Gaming,https://vector.game/,2026-09-18T12:26:05+00:00,
watch.sling.com,online,B,83.5,Light advertising,5,3,0,0,0,0,0.0,2,0,Streaming,https://watch.sling.com/,2026-09-24T18:01:53+00:00,
worldviewstream.com,online,B,83.5,Light advertising,2,2,0,0,0,1,14.1,2,0,Misc,https://worldviewstream.com/,2026-09-21T22:53:03+00:00,
www.anydecentmusic.com,online,B,83.5,Light advertising,1,1,1,0,0,1,12.9,2,2,Music,http://www.anydecentmusic.com/,2026-09-13T06:49:25+00:00,
www.charitywatch.org,online,B,83.5,Light advertising,4,3,0,0,0,1,2.0,1,1,Misc,https://www.charitywatch.org/,2026-09-13T21:45:32+00:00,
www.dctp.tv,online,B,83.5,Light advertising,4,3,0,0,0,2,1.1,1,0,Non-Eng,https://www.dctp.tv/,2026-09-27T17:58:51+00:00,
www.discogc.com,online,B,83.5,Light advertising,1,1,0,0,0,1,22.9,2,0,Music,https://www.discogc.com/,2026-09-22T12:53:35+00:00,
www.history.navy.mil,online,B,83.5,Light advertising,3,1,0,0,0,1,17.0,2,0,Educational,https://www.history.navy.mil/,2026-09-19T06:40:29+00:00,
www.lingotype.app,online,B,83.5,Light advertising,1,1,0,0,0,1,23.1,2,0,Educational,https://www.lingotype.app/,2026-09-19T12:07:10+00:00,
www.mynimeku.com,online,B,83.5,Light advertising,1,1,0,0,0,1,23.1,2,0,Non-Eng,https://www.mynimeku.com/,2026-08-24T02:54:08+00:00,
www.noteknight.com,online,B,83.5,Light advertising,2,2,0,0,0,1,14.0,2,0,Educational,https://www.noteknight.com,2026-09-19T21:48:19+00:00,
www.pitchdeckhunt.com,online,B,83.5,Light advertising,2,1,0,0,0,3,18.1,1,0,Misc,https://www.pitchdeckhunt.com/,2026-09-20T12:42:06+00:00,
yts-subs.com,online,B,83.5,Light advertising,2,1,0,0,0,2,18.9,2,0,Streaming,https://yts-subs.com/,2026-09-24T22:46:15+00:00,
7movies.ac,online,B,83.6,Light advertising,4,3,0,0,0,1,1.8,2,2,Streaming,https://7movies.ac/,2026-09-17T12:47:49+00:00,
gostargazing.co.uk,online,B,83.6,Light advertising,2,2,0,0,0,1,13.8,1,0,Educational,https://gostargazing.co.uk/,2026-09-25T13:02:00+00:00,
mathonline.wikidot.com,online,B,83.6,Light advertising,8,1,0,0,0,0,2.8,2,0,Educational,http://mathonline.wikidot.com/,2026-09-18T17:16:20+00:00,
catclass.net,online,B,83.7,Light advertising,1,1,1,1,0,3,0.7,2,0,Gaming,https://catclass.net/g,2026-08-21T08:24:23+00:00,
contact-card.murtuzaalisurti.com,online,B,83.7,Light advertising,1,1,0,0,0,1,22.7,2,0,Misc,https://contact-card.murtuzaalisurti.com/,2026-09-10T12:24:16+00:00,
jsremotely.com,online,B,83.7,Light advertising,1,1,0,0,0,1,22.7,2,0,Misc,https://jsremotely.com/,2026-08-22T08:03:37+00:00,
jumpstick.app,online,B,83.7,Light advertising,2,2,0,0,0,3,11.6,2,0,Misc,https://jumpstick.app/,2026-09-20T21:52:34+00:00,
learnprompting.org,online,B,83.7,Light advertising,4,2,0,0,0,7,1.7,1,1,Artificial-Intelligence,https://learnprompting.org/docs/introduction,2026-09-13T17:06:33+00:00,
miniblox.io,online,B,83.7,Light advertising,5,2,0,0,0,3,2.6,1,0,Gaming,https://miniblox.io/,2026-09-25T18:07:54+00:00,
movienestbd.best,online,B,83.7,Light advertising,2,2,0,0,0,1,13.7,2,0,Streaming,https://movienestbd.best/,2026-09-24T12:57:21+00:00,
radioyanosik.pl,online,B,83.7,Light advertising,3,1,0,0,0,7,10.7,1,0,Non-Eng,https://radioyanosik.pl/,2026-09-27T17:58:51+00:00,
www.discografias-completas.org,online,B,83.7,Light advertising,1,1,0,0,0,1,22.6,2,0,Music,https://www.discografias-completas.org/,2026-09-10T12:24:16+00:00,
www.mozillafoundation.org,online,B,83.7,Light advertising,2,1,0,0,0,3,17.6,2,0,Adblock,https://www.mozillafoundation.org/en/privacynotincluded/,2026-09-18T06:42:10+00:00,
www.playwordsmyth.com,online,B,83.7,Light advertising,3,3,0,0,0,2,3.7,2,0,Gaming,https://www.playwordsmyth.com/,2026-08-29T22:00:23+00:00,
contact-card.vercel.app,online,B,83.8,Light advertising,1,1,0,0,0,1,22.3,2,0,Misc,https://contact-card.vercel.app/,2026-08-22T02:44:23+00:00,
delicious-fruit.com,online,B,83.8,Light advertising,1,1,0,0,0,3,20.4,1,0,Gaming,https://delicious-fruit.com/,2026-09-25T18:07:54+00:00,
esahubble.org,online,B,83.8,Light advertising,3,3,0,0,0,4,1.5,2,0,Educational,https://esahubble.org/,2026-09-19T06:40:29+00:00,
lazytetris.com,online,B,83.8,Light advertising,1,1,0,0,0,2,21.3,2,0,Gaming,https://lazytetris.com/,2026-09-20T17:01:41+00:00,
lucide.dev,online,B,83.8,Light advertising,2,1,2,0,0,0,0.5,1,0,Storage,https://lucide.dev/,2026-09-28T16:00:57+00:00,
predb.eu,online,B,83.8,Light advertising,2,1,0,0,0,1,19.5,2,0,Music,https://predb.eu,2026-09-22T12:53:35+00:00,
reciprocard.com,online,B,83.8,Light advertising,2,2,0,0,0,2,12.3,2,0,Reading,https://reciprocard.com/,2026-09-24T06:47:05+00:00,
remoteintech.company,online,B,83.8,Light advertising,2,1,1,1,0,0,0.5,2,0,Misc,https://remoteintech.company/,2026-09-21T14:36:48+00:00,
stolendrone.info,online,B,83.8,Light advertising,3,3,0,0,0,2,3.4,4,0,Educational Misc,https://stolendrone.info/,2026-09-17T22:29:32+00:00,
tfpdl.to,online,B,83.8,Light advertising,1,1,0,0,0,2,21.3,1,0,Streaming,https://tfpdl.to/category/movies/,2026-09-28T16:00:57+00:00,
vietjack.com,online,B,83.8,Light advertising,2,2,0,0,0,4,10.4,2,2,Non-Eng,https://vietjack.com/,2026-09-13T12:54:24+00:00,
www.craftyarncouncil.com,online,B,83.8,Light advertising,1,1,0,0,0,3,20.3,4,0,Educational Misc,https://www.craftyarncouncil.com/instructions_kn.php3,2026-09-17T22:29:32+00:00,
www3.fsonline.app,online,B,83.8,Light advertising,2,1,0,0,0,2,18.5,2,0,Non-Eng,https://www3.fsonline.app/,2026-09-23T13:04:02+00:00,
foundation.mozilla.org,online,B,83.9,Light advertising,2,1,0,0,0,3,17.2,2,0,Misc,https://foundation.mozilla.org/privacynotincluded/,2026-08-22T08:03:37+00:00,
ilovemusic.de,online,B,83.9,Light advertising,3,2,0,0,0,2,9.2,2,0,Music,https://ilovemusic.de/,2026-09-22T12:53:35+00:00,
jsoncrack.com,online,B,83.9,Light advertising,2,2,0,0,0,1,13.2,1,0,Storage,https://jsoncrack.com/,2026-09-28T07:40:47+00:00,
showroom-live.com,online,B,83.9,Light advertising,3,2,0,0,0,10,1.2,2,0,Streaming,https://showroom-live.com/,2026-09-24T18:01:53+00:00,
www.404pagefound.com,online,B,83.9,Light advertising,6,1,0,0,0,1,7.2,1,0,Misc,https://www.404pagefound.com/,2026-09-25T22:52:29+00:00,
www.dailymotion.com,online,B,83.9,Light advertising,3,3,0,0,0,2,3.2,2,2,Streaming,https://www.dailymotion.com/,2026-09-13T12:54:24+00:00,
www.deezer.com,online,B,83.9,Light advertising,2,2,0,0,0,5,9.2,2,0,Music,https://www.deezer.com/,2026-09-22T06:49:41+00:00,
www.nonograms.org,online,B,83.9,Light advertising,1,1,0,0,0,3,20.2,1,0,Gaming,https://www.nonograms.org/,2026-09-25T18:07:54+00:00,
dokumen.pub,online,B,84.0,Light advertising,2,1,0,0,0,2,18.0,2,0,Non-Eng,https://dokumen.pub/,2026-09-22T22:28:30+00:00,
earth.nullschool.net,online,B,84.0,Light advertising,1,1,0,0,0,2,21.1,1,1,Misc,https://earth.nullschool.net/,2026-09-13T21:45:32+00:00,
exoplanetexplore.vercel.app,online,B,84.0,Light advertising,2,1,0,0,0,2,18.0,1,0,Educational,https://exoplanetexplore.vercel.app,2026-09-19T06:40:29+00:00,
freedcamp.com,online,B,84.0,Light advertising,2,2,0,0,0,2,12.1,2,0,Misc,https://freedcamp.com/,2026-09-21T14:36:48+00:00,
mahjong4friends.com,online,B,84.0,Light advertising,2,2,0,0,0,1,13.0,1,0,Gaming,https://mahjong4friends.com/,2026-09-25T18:07:54+00:00,
metadefender.com,online,B,84.0,Light advertising,3,2,0,0,0,8,3.1,1,0,Adblock,https://metadefender.com/,2026-09-25T06:39:48+00:00,
navidrome.org,online,B,84.0,Light advertising,1,1,0,0,0,1,21.9,2,2,Music,https://navidrome.org,2026-09-13T06:49:25+00:00,
retrogametalk.com,online,B,84.0,Light advertising,3,3,0,0,0,2,3.0,3,2,Gaming Misc,https://retrogametalk.com/,2026-09-12T16:31:29+00:00,
sheet.host,online,B,84.0,Light advertising,1,1,0,0,0,5,18.0,2,0,Music,https://sheet.host/,2026-09-22T17:49:43+00:00,
theboring.name,online,B,84.0,Light advertising,4,3,0,0,0,1,0.9,2,0,Linux,https://theboring.name/,2026-09-20T21:52:34+00:00,
www.abandonedrails.com,online,B,84.0,Light advertising,2,1,0,0,0,2,18.0,2,0,Misc,https://www.abandonedrails.com/,2026-09-21T07:14:22+00:00,
www.discografiascompletas.com,online,B,84.0,Light advertising,1,1,0,0,0,1,21.9,2,0,Music,https://www.discografiascompletas.com/,2026-08-23T08:03:28+00:00,
www.duchinese.net,online,B,84.0,Light advertising,4,2,0,0,0,3,5.1,1,0,Educational,https://www.duchinese.net/,2026-09-25T13:02:00+00:00,
www.litcharts.com,online,B,84.0,Light advertising,2,2,0,0,0,5,9.0,2,0,Educational,https://www.litcharts.com/,2026-09-18T17:16:20+00:00,
www.relay.fm,online,B,84.0,Light advertising,3,1,0,0,0,1,16.1,2,0,Music,https://www.relay.fm/,2026-09-22T12:53:35+00:00,
www.supercartoons.net,online,B,84.0,Light advertising,1,1,0,0,0,1,21.9,2,0,Streaming,https://www.supercartoons.net/,2026-09-24T18:01:53+00:00,
www.bfi.org.uk,online,B,84.1,Light advertising,3,2,0,0,0,9,1.8,3,0,Streaming,https://www.bfi.org.uk/sight-and-sound/greatest-films-all-time/,2026-09-18T12:26:05+00:00,
www.justice.gov,online,B,84.1,Light advertising,1,1,0,0,0,1,21.8,1,1,Reading,https://www.justice.gov/epstein,2026-09-17T17:47:40+00:00,
academy.omie.com.br,online,B,84.2,Light advertising,3,2,0,0,0,5,5.6,2,0,Non-Eng,https://academy.omie.com.br,2026-09-23T06:43:24+00:00,
descargasdd.org,online,B,84.2,Light advertising,2,1,0,0,0,1,18.6,2,0,Non-Eng,https://descargasdd.org/,2026-09-23T13:04:02+00:00,
getchipdrop.com,online,B,84.2,Light advertising,3,1,0,0,0,2,14.7,2,0,Misc,https://getchipdrop.com/,2026-09-20T21:52:34+00:00,
memoryleague.com,online,B,84.2,Light advertising,1,1,0,0,0,3,19.5,1,0,Educational,https://memoryleague.com/,2026-09-25T06:39:48+00:00,
murdoku.com,online,B,84.2,Light advertising,1,1,0,0,0,1,21.6,2,0,Gaming,https://murdoku.com/play/,2026-09-20T07:03:23+00:00,
pdimagearchive.org,online,B,84.2,Light advertising,2,1,0,0,0,6,13.5,1,0,Storage,https://pdimagearchive.org/,2026-09-28T07:40:47+00:00,
piratexplay.cc,online,B,84.2,Light advertising,3,3,0,0,0,1,3.5,6,2,Non-Eng Streaming,https://piratexplay.cc/home,2026-09-12T16:31:29+00:00,
pixwlk.itch.io,online,B,84.2,Light advertising,1,1,0,0,0,1,21.5,3,0,Music,https://pixwlk.itch.io/petaporon,2026-09-18T12:26:05+00:00,
scoreascore.com,online,B,84.2,Light advertising,3,2,0,0,0,10,0.7,2,0,Music,https://scoreascore.com/homesick,2026-09-22T12:53:35+00:00,
shareses.com,online,B,84.2,Light advertising,3,1,0,0,0,2,14.6,1,0,Non-Eng,https://shareses.com,2026-09-04T17:05:11+00:00,
smash-crusade.itch.io,online,B,84.2,Light advertising,3,3,0,0,0,1,3.6,1,0,Gaming,https://smash-crusade.itch.io/crusade,2026-09-25T18:07:54+00:00,
tsquareplaza.blogspot.com,online,B,84.2,Light advertising,2,2,0,0,0,3,10.7,2,0,Music,https://tsquareplaza.blogspot.com/,2026-09-06T16:26:26+00:00,
volume.com,online,B,84.2,Light advertising,1,1,0,0,0,20,2.5,2,0,Music,https://volume.com/,2026-09-22T12:53:35+00:00,
wiztorrent.com,online,B,84.2,Light advertising,5,2,0,0,0,2,2.6,4,0,Streaming Torrenting,https://wiztorrent.com/,2026-09-18T12:26:05+00:00,
www.rockbasher.com,online,B,84.2,Light advertising,1,1,0,0,0,3,19.5,2,0,Gaming,https://www.rockbasher.com/,2026-09-20T07:03:23+00:00,
www.spaceweather.gov,online,B,84.2,Light advertising,4,2,0,0,0,2,5.7,1,0,Educational,https://www.spaceweather.gov/,2026-09-10T12:24:16+00:00,
www.suppose.tv,online,B,84.2,Light advertising,3,2,0,0,0,3,7.6,2,0,Misc,https://www.suppose.tv/,2026-09-21T14:36:48+00:00,
academica.edu.pl,online,B,84.3,Light advertising,2,2,0,0,0,3,10.3,2,0,Non-Eng,https://academica.edu.pl/,2026-09-23T06:43:24+00:00,
drummy.io,online,B,84.3,Light advertising,2,2,0,0,0,1,12.4,1,1,Music,https://drummy.io/,2026-09-17T17:47:40+00:00,
koalabeast.com,online,B,84.3,Light advertising,2,2,0,0,0,1,12.3,2,0,Gaming,https://koalabeast.com/,2026-08-29T22:00:23+00:00,
semiwiki.com,online,B,84.3,Light advertising,4,2,0,0,0,2,5.4,2,0,Reading,https://semiwiki.com/,2026-09-23T22:29:49+00:00,
tagpro.koalabeast.com,online,B,84.3,Light advertising,2,2,0,0,0,1,12.3,2,0,Gaming,https://tagpro.koalabeast.com/,2026-09-10T12:24:16+00:00,
tfpdl.se,online,B,84.3,Light advertising,1,1,0,0,0,3,19.4,2,0,Streaming,https://tfpdl.se/category/movies/,2026-09-24T22:46:15+00:00,
tight.studio,online,B,84.3,Light advertising,3,3,0,0,0,0,4.3,1,0,Linux,https://tight.studio/,2026-09-25T22:52:29+00:00,
ww1-fmovies.com,online,B,84.3,Light advertising,1,1,0,0,0,1,21.4,1,0,Streaming,https://ww1-fmovies.com/,2026-08-29T08:22:00+00:00,
www.gfxtra31.com,online,B,84.3,Light advertising,3,2,0,0,0,2,8.4,1,0,Storage,https://www.gfxtra31.com/,2026-09-28T07:40:47+00:00,
www.grindhousedatabase.com,online,B,84.3,Light advertising,3,3,0,0,0,3,1.4,2,0,Streaming,https://www.grindhousedatabase.com/,2026-09-24T22:46:15+00:00,
www.ultimedia.com,online,B,84.3,Light advertising,1,1,0,0,0,1,21.3,2,0,Streaming,https://www.ultimedia.com/,2026-09-24T18:01:53+00:00,
aericode.itch.io,online,B,84.4,Light advertising,3,3,0,0,0,1,3.2,2,0,Misc,https://aericode.itch.io/tamajoji,2026-09-21T22:53:03+00:00,
mathnet.mit.edu,online,B,84.4,Light advertising,3,1,0,0,0,2,14.2,1,0,Educational,https://mathnet.mit.edu/,2026-09-25T06:39:48+00:00,
modlist.in,online,B,84.4,Light advertising,1,1,0,0,0,0,22.2,4,2,Non-Eng Streaming,https://modlist.in/?type=uhdmovies,2026-09-12T16:31:29+00:00,
scribd.downloader.tips,online,B,84.4,Light advertising,1,1,0,0,0,1,21.2,1,0,Reading,https://scribd.downloader.tips/,2026-09-27T17:58:51+00:00,
www.paraview.org,online,B,84.4,Light advertising,3,2,0,0,0,3,7.2,1,0,Storage,https://www.paraview.org/,2026-09-28T07:40:47+00:00,
www.revisiondojo.com,online,B,84.4,Light advertising,3,3,0,0,0,2,2.2,2,0,Educational,https://www.revisiondojo.com/,2026-09-19T21:48:19+00:00,
99tools.net,online,B,84.5,Light advertising,1,1,0,0,0,1,21.1,2,0,Misc,https://99tools.net/,2026-09-21T14:36:48+00:00,
candlestream.xyz,online,B,84.5,Light advertising,3,2,1,0,0,0,0.0,2,0,Streaming,https://candlestream.xyz/#home,2026-09-24T18:01:53+00:00,
docdownloader.com,online,B,84.5,Light advertising,1,1,0,0,0,6,16.1,1,0,Reading,https://docdownloader.com/,2026-09-27T17:58:51+00:00,
emkc.org,online,B,84.5,Light advertising,2,1,0,0,0,2,17.1,1,0,Educational,https://emkc.org/challenges,2026-09-25T18:07:54+00:00,
expertfile.com,online,B,84.5,Light advertising,4,2,0,0,0,2,5.1,2,0,Educational,https://expertfile.com/,2026-09-19T21:48:19+00:00,
geotips.net,online,B,84.5,Light advertising,1,1,0,0,0,2,19.9,1,1,Gaming,https://geotips.net/,2026-09-13T21:45:32+00:00,
human.biodigital.com,online,B,84.5,Light advertising,2,1,0,0,0,5,14.0,1,0,Educational,https://human.biodigital.com/index.html,2026-09-25T13:02:00+00:00,
magicnzb.com,online,B,84.5,Light advertising,1,1,0,0,0,0,21.9,2,0,Downloading,https://magicnzb.com/,2026-08-19T14:24:21+00:00,
mopidy.com,online,B,84.5,Light advertising,1,1,0,0,0,1,21.1,2,0,Music,https://mopidy.com/,2026-09-22T17:49:43+00:00,
nightsonearth.com,online,B,84.5,Light advertising,3,3,0,0,0,2,1.9,2,0,Educational,https://nightsonearth.com/,2026-09-19T06:40:29+00:00,
openvibe.social,online,B,84.5,Light advertising,2,1,0,0,0,2,17.0,3,0,Mobile,https://openvibe.social/,2026-09-18T12:26:05+00:00,
pricepertoken.com,online,B,84.5,Light advertising,2,1,0,0,0,1,18.0,1,0,Artificial-Intelligence,https://pricepertoken.com/,2026-09-25T06:39:48+00:00,
sabnzbd.org,online,B,84.5,Light advertising,1,1,0,0,0,3,18.9,2,2,Downloading,https://sabnzbd.org/,2026-09-12T21:42:32+00:00,
socialsci.libretexts.org,online,B,84.5,Light advertising,3,2,0,0,0,5,5.0,4,0,Educational,https://socialsci.libretexts.org/Bookshelves,2026-09-17T22:29:32+00:00,
teleportsite.pages.dev,online,B,84.5,Light advertising,2,1,0,0,0,0,19.1,2,0,Linux,https://teleportsite.pages.dev/,2026-09-20T17:01:41+00:00,
watch-tvseries.net,online,B,84.5,Light advertising,5,2,0,0,0,4,0.0,1,0,Streaming,https://watch-tvseries.net/,2026-09-28T16:00:57+00:00,
www.anime2enjoy.com,online,B,84.5,Light advertising,2,1,1,0,0,2,6.9,2,0,Streaming,https://www.anime2enjoy.com/,2026-09-24T22:46:15+00:00,
www.animesaturn.net,online,B,84.5,Light advertising,1,1,2,0,0,1,1.0,2,0,Non-Eng,https://www.animesaturn.net/,2026-09-24T12:57:21+00:00,
www.swarmsim.com,online,B,84.5,Light advertising,1,1,0,0,0,3,18.9,2,0,Gaming,https://www.swarmsim.com/,2026-09-20T12:42:06+00:00,
www.torrentmac.net,online,B,84.5,Light advertising,1,1,0,0,0,0,22.1,2,0,Linux,https://www.torrentmac.net/,2026-09-20T17:01:41+00:00,
www.worldsrc.net,online,B,84.5,Light advertising,2,1,0,0,0,2,17.1,2,0,Downloading,https://www.worldsrc.net/,2026-09-18T17:16:20+00:00,
jstris.jezevec10.com,online,B,84.6,Light advertising,1,1,0,0,0,3,18.8,2,0,Gaming,https://jstris.jezevec10.com/,2026-09-20T17:01:41+00:00,
radarr.video,online,B,84.6,Light advertising,3,1,0,0,0,2,13.8,2,2,Streaming,https://radarr.video/,2026-09-13T12:54:24+00:00,
www.quiverquant.com,online,B,84.6,Light advertising,4,2,0,0,0,2,4.8,2,0,Misc,https://www.quiverquant.com/,2026-09-21T14:36:48+00:00,
www.thewutangcollection.com,online,B,84.6,Light advertising,6,2,0,0,0,0,0.8,2,0,Streaming,https://www.thewutangcollection.com/,2026-09-24T18:01:53+00:00,
butterchurnviz.com,online,B,84.7,Light advertising,1,1,0,0,0,3,18.7,2,0,Music,https://butterchurnviz.com/,2026-09-22T17:49:43+00:00,
corporate.tubitv.com,online,B,84.7,Light advertising,3,2,0,0,0,2,7.6,1,1,Streaming,https://corporate.tubitv.com/,2026-09-17T22:29:32+00:00,
ht.ac.uk,online,B,84.7,Light advertising,1,1,0,0,0,1,20.6,2,0,Educational,https://ht.ac.uk/,2026-09-19T21:48:19+00:00,
javascript.jobs,online,B,84.7,Light advertising,1,1,0,0,0,1,20.7,2,0,Misc,https://javascript.jobs/,2026-09-09T12:30:35+00:00,
screenscape.me,online,B,84.7,Light advertising,1,1,0,0,0,1,20.7,4,0,Non-Eng Streaming,https://screenscape.me/,2026-09-18T06:42:10+00:00,
www.bollyzone.to,online,B,84.7,Light advertising,2,1,0,0,0,2,16.6,1,0,Non-Eng,https://www.bollyzone.to/,2026-09-27T17:58:51+00:00,
www.euclidea.xyz,online,B,84.7,Light advertising,2,2,0,0,0,3,9.6,2,0,Gaming,https://www.euclidea.xyz/,2026-09-20T07:03:23+00:00,
www.humin.org,online,B,84.7,Light advertising,2,1,0,0,0,11,7.6,4,0,Mobile,https://www.humin.org/wellbeing-tools/app,2026-09-10T12:24:16+00:00,
www.kdice.com,online,B,84.7,Light advertising,1,1,0,0,0,4,17.6,2,0,Gaming,https://www.kdice.com/,2026-09-20T12:42:06+00:00,
www.litteratureaudio.com,online,B,84.7,Light advertising,2,2,0,0,0,1,11.7,2,0,Non-Eng,https://www.litteratureaudio.com/,2026-09-22T22:28:30+00:00,
www.livestream.ad,online,B,84.7,Light advertising,1,1,0,0,0,1,20.7,4,0,Non-Eng,https://www.livestream.ad/,2026-09-18T06:42:10+00:00,
www.sentinel-hub.com,online,B,84.7,Light advertising,3,1,0,0,0,3,12.7,1,1,Educational,https://www.sentinel-hub.com/,2026-09-13T17:06:33+00:00,
www.snipd.com,online,B,84.7,Light advertising,1,1,0,0,0,3,18.6,2,0,Mobile,https://www.snipd.com/,2026-09-22T06:49:41+00:00,
cubedb.net,online,B,84.8,Light advertising,1,1,0,0,0,1,20.4,1,0,Educational,https://cubedb.net/,2026-09-25T13:02:00+00:00,
datoid.cz,online,B,84.8,Light advertising,1,1,0,0,0,5,16.4,2,0,Non-Eng,https://datoid.cz/,2026-09-10T12:24:16+00:00,
dramahood.mom,online,B,84.8,Light advertising,2,1,0,0,0,2,16.5,2,0,Streaming,https://dramahood.mom/,2026-09-24T18:01:53+00:00,
ethw.org,online,B,84.8,Light advertising,2,2,0,0,0,1,11.4,2,0,Educational,https://ethw.org/,2026-09-19T06:40:29+00:00,
inspirobot.me,online,B,84.8,Light advertising,1,1,0,0,0,5,16.5,2,0,Misc,https://inspirobot.me/,2026-09-22T06:49:41+00:00,
mangavault.lat,online,B,84.8,Light advertising,6,2,0,0,0,0,0.4,2,0,Non-Eng,https://mangavault.lat/,2026-09-26T12:31:41+00:00,
sanskritsahitya.org,online,B,84.8,Light advertising,1,1,0,0,0,2,19.5,1,0,Non-Eng,https://sanskritsahitya.org/,2026-09-27T17:58:51+00:00,
sheepandram.itch.io,online,B,84.8,Light advertising,3,3,0,0,0,1,2.5,2,0,Gaming,https://sheepandram.itch.io/pfs2021,2026-09-20T12:42:06+00:00,
smovies.co,online,B,84.8,Light advertising,1,1,0,0,0,1,20.4,1,0,Streaming,https://smovies.co/,2026-09-28T16:00:57+00:00,
tachimanga.app,online,B,84.8,Light advertising,1,1,0,0,0,1,20.4,2,2,Mobile,https://tachimanga.app/,2026-09-13T06:49:25+00:00,
timesoccertv.com,online,B,84.8,Light advertising,2,2,0,0,0,1,11.5,2,0,Streaming,https://timesoccertv.com/,2026-09-24T22:46:15+00:00,
toonstream.vip,online,B,84.8,Light advertising,6,2,0,0,0,0,0.5,2,2,Non-Eng,https://toonstream.vip/,2026-09-13T12:54:24+00:00,
vidflix.live,online,B,84.8,Light advertising,3,3,0,0,0,1,2.4,1,0,Streaming,https://vidflix.live/,2026-09-27T13:18:43+00:00,
war-forum.net,online,B,84.8,Light advertising,3,1,0,0,0,5,10.4,2,0,Non-Eng,https://war-forum.net/,2026-09-22T22:28:30+00:00,
www.commandlinefu.com,online,B,84.8,Light advertising,1,1,0,0,0,2,19.3,2,0,Linux,https://www.commandlinefu.com/,2026-09-20T17:01:41+00:00,
www.drawbackchess.com,online,B,84.8,Light advertising,1,1,0,0,0,1,20.4,2,0,Gaming,https://www.drawbackchess.com/,2026-09-23T13:04:02+00:00,
www.iramanusantara.org,online,B,84.8,Light advertising,1,1,0,0,0,2,19.4,4,0,Music Non-Eng,https://www.iramanusantara.org/en,2026-09-18T06:42:10+00:00,
www.pro-matematica.ro,online,B,84.8,Light advertising,2,1,0,0,0,2,16.5,1,0,Non-Eng,https://www.pro-matematica.ro/,2026-09-28T07:40:47+00:00,
www.snow.day,online,B,84.8,Light advertising,2,2,0,0,0,4,8.5,1,0,Educational,https://www.snow.day/,2026-09-25T18:07:54+00:00,
www.ssc.education.ed.ac.uk,online,B,84.8,Light advertising,2,2,0,0,0,5,7.5,2,0,Educational,https://www.ssc.education.ed.ac.uk/BSL/,2026-09-19T16:51:07+00:00,
www.stremio.com,online,B,84.8,Light advertising,3,2,0,0,0,3,6.3,6,5,Mobile Streaming,https://www.stremio.com/,2026-09-12T16:31:29+00:00,
www.tldraw.com,online,B,84.8,Light advertising,2,2,0,0,0,4,8.4,1,1,Educational,https://www.tldraw.com/,2026-09-13T17:06:33+00:00,
goyabu.io,online,B,84.9,Light advertising,1,1,0,0,0,1,20.2,2,0,Non-Eng,https://goyabu.io/,2026-09-09T12:30:35+00:00,
playtext.app,online,B,84.9,Light advertising,3,2,0,0,0,3,6.2,1,0,Reading,https://playtext.app/,2026-08-28T13:26:35+00:00,
www.playtext.com,online,B,84.9,Light advertising,3,2,0,0,0,3,6.2,1,0,Reading,https://www.playtext.com/,2026-09-10T12:24:16+00:00,
www.riffle.studio,online,B,84.9,Light advertising,3,3,0,0,0,2,1.2,1,1,Music,https://www.riffle.studio/,2026-09-17T17:47:40+00:00,
aws.amazon.com,online,A,85.0,Very clean,4,3,0,0,0,0,0.0,2,0,Misc,https://aws.amazon.com/training/restart/,2026-09-21T14:36:48+00:00,
burningtheground.net,online,A,85.0,Very clean,6,2,0,0,0,0,0.0,2,0,Music,https://burningtheground.net/,2026-09-22T12:53:35+00:00,
chiaki.site,online,A,85.0,Very clean,2,1,0,0,0,2,16.1,1,0,Streaming,https://chiaki.site/,2026-08-29T17:26:18+00:00,
cinefork.net,online,A,85.0,Very clean,1,1,0,0,0,1,20.1,2,0,Streaming,https://cinefork.net/,2026-09-12T11:45:01+00:00,
citizen-dj.labs.loc.gov,online,A,85.0,Very clean,4,3,0,0,0,0,0.0,2,0,Music,https://citizen-dj.labs.loc.gov/,2026-09-22T17:49:43+00:00,
coursevania.com,online,A,85.0,Very clean,2,2,0,0,0,1,10.9,2,2,Storage,https://coursevania.com/,2026-09-13T12:54:24+00:00,
crocheting101.com,online,A,85.0,Very clean,6,2,0,0,0,0,0.0,1,0,Educational,https://crocheting101.com/,2026-09-17T12:47:49+00:00,
datoid.to,online,A,85.0,Very clean,1,1,0,0,0,5,16.1,2,0,Non-Eng,https://datoid.to/,2026-08-23T19:58:11+00:00,
durdraw.org,online,A,85.0,Very clean,6,2,0,0,0,0,0.0,2,0,Linux,https://durdraw.org/,2026-09-20T17:01:41+00:00,
eboox.app,online,A,85.0,Very clean,2,1,0,0,0,3,14.9,4,0,Mobile,https://eboox.app/,2026-09-18T06:42:10+00:00,
ffmovies.org,online,A,85.0,Very clean,1,1,0,0,0,1,20.0,1,0,Streaming,https://ffmovies.org/,2026-09-10T12:24:16+00:00,
fictionlab.ai,online,A,85.0,Very clean,0,0,3,0,0,0,0.0,1,0,Artificial-Intelligence,https://fictionlab.ai/,2026-09-25T06:39:48+00:00,
getutm.app,online,A,85.0,Very clean,6,2,0,0,0,0,0.0,2,0,Mobile,https://getutm.app/,2026-09-22T06:49:41+00:00,
goyabu.to,online,A,85.0,Very clean,1,1,0,0,0,1,20.0,2,0,Non-Eng,https://goyabu.to/,2026-08-24T02:54:08+00:00,
guides.loc.gov,online,A,85.0,Very clean,4,3,0,0,0,0,0.1,2,0,Reading,https://guides.loc.gov/foreign-newspapers/digital-resources,2026-09-23T22:29:49+00:00,
llm-stats.com,online,A,85.0,Very clean,0,0,3,0,0,0,0.0,2,0,Artificial-Intelligence,https://llm-stats.com/,2026-09-18T17:16:20+00:00,
lubelogger.com,online,A,85.0,Very clean,1,1,0,0,0,1,19.9,2,0,Misc,https://lubelogger.com/,2026-09-20T21:52:34+00:00,
multi.tonkacine.watch,online,A,85.0,Very clean,0,0,3,0,0,0,0.0,1,0,Streaming,https://multi.tonkacine.watch/,2026-09-01T12:45:19+00:00,
oimo.io,online,A,85.0,Very clean,1,1,0,0,0,2,19.0,2,0,Misc,https://oimo.io/works,2026-09-21T22:53:03+00:00,
openpuppies.com,online,A,85.0,Very clean,1,1,0,0,0,3,17.9,2,0,Misc,https://openpuppies.com/,2026-09-21T22:53:03+00:00,
overclock3d.net,online,A,85.0,Very clean,3,3,0,0,0,1,1.9,1,0,Misc,https://overclock3d.net/,2026-09-25T22:52:29+00:00,
pessimistsarchive.org,online,A,85.0,Very clean,3,3,0,0,0,0,2.9,2,0,Educational,https://pessimistsarchive.org/,2026-09-19T06:40:29+00:00,
pgun.rilisoft.info,online,A,85.0,Very clean,6,2,0,0,0,0,0.0,2,0,Gaming,https://pgun.rilisoft.info/,2026-09-19T21:48:19+00:00,
planka.app,online,A,85.0,Very clean,0,0,2,1,0,0,0.0,1,0,Misc,https://planka.app/,2026-09-26T12:31:41+00:00,
pudding.cool,online,A,85.0,Very clean,0,0,3,0,0,0,0.0,6,0,Educational Misc,https://pudding.cool/,2026-09-17T22:29:32+00:00,
reallygoodemails.com,online,A,85.0,Very clean,1,1,0,0,0,30,1.0,2,0,Storage,https://reallygoodemails.com/,2026-09-24T12:57:21+00:00,
runestone.academy,online,A,85.0,Very clean,3,3,0,0,0,0,2.9,2,0,Educational,https://runestone.academy/,2026-09-19T16:51:07+00:00,
therealpenaz91.itch.io,online,A,85.0,Very clean,1,1,0,0,0,1,20.0,2,0,Educational,https://therealpenaz91.itch.io/2dgd-f0th,2026-09-19T21:48:19+00:00,
uicoach.io,online,A,85.0,Very clean,2,2,0,0,0,3,9.1,2,0,Educational,https://uicoach.io/,2026-09-19T16:51:07+00:00,
vermanhwa.com,online,A,85.0,Very clean,0,0,3,0,0,0,0.0,2,0,Non-Eng,https://vermanhwa.com/,2026-09-23T18:01:31+00:00,
www.byutv.org,online,A,85.0,Very clean,4,3,0,0,0,0,0.0,2,0,Streaming,https://www.byutv.org/,2026-09-24T18:01:53+00:00,
www.nzonscreen.com,online,A,85.0,Very clean,3,2,0,0,0,4,5.1,1,0,Streaming,https://www.nzonscreen.com/,2026-09-28T16:00:57+00:00,
www.ocearch.org,online,A,85.0,Very clean,6,2,0,0,0,0,0.0,4,0,Educational Misc,https://www.ocearch.org/?list,2026-09-17T22:29:32+00:00,
www.sakuraost.com,online,A,85.0,Very clean,2,2,0,0,0,3,9.1,1,0,Music,https://www.sakuraost.com/,2026-09-11T06:38:30+00:00,
www.seligsim.com,online,A,85.0,Very clean,6,2,0,0,0,0,0.0,2,0,Educational,https://www.seligsim.com/,2026-09-19T06:40:29+00:00,
www.slavefreechocolate.org,online,A,85.0,Very clean,6,2,0,0,0,0,0.0,4,0,Misc,https://www.slavefreechocolate.org/,2026-09-18T06:42:10+00:00,
www.tree.fm,online,A,85.0,Very clean,0,0,3,0,0,0,0.0,1,0,Music,https://www.tree.fm/,2026-09-27T07:08:34+00:00,
www.trl.org,online,A,85.0,Very clean,3,1,1,0,0,3,1.9,1,0,Reading,https://www.trl.org/,2026-09-27T17:58:51+00:00,
www.wuxiabox.com,online,A,85.0,Very clean,2,1,0,0,0,2,15.9,2,0,Reading,https://www.wuxiabox.com/,2026-09-23T22:29:49+00:00,
www.papertag.app,online,A,85.1,Very clean,1,1,0,0,0,1,19.8,2,0,Educational,https://www.papertag.app/,2026-09-19T21:48:19+00:00,
www.symbolab.com,online,A,85.1,Very clean,4,2,0,0,0,1,4.8,1,0,Educational,https://www.symbolab.com/,2026-09-25T18:07:54+00:00,
www.tassomusic.org,online,A,85.1,Very clean,1,1,0,0,0,3,17.8,2,0,Music,https://www.tassomusic.org/,2026-09-22T06:49:41+00:00,
www.versionmuseum.com,online,A,85.1,Very clean,2,2,0,0,0,1,10.8,2,0,Educational,https://www.versionmuseum.com/,2026-09-19T06:40:29+00:00,
anifilm.net,online,A,85.2,Very clean,1,1,0,0,0,4,16.7,2,0,Non-Eng,https://anifilm.net/,2026-08-24T08:28:51+00:00,
anime-odcinki.pl,online,A,85.2,Very clean,3,2,0,0,0,3,5.5,2,0,Non-Eng,https://anime-odcinki.pl/,2026-09-23T06:43:24+00:00,
asilmedia.org,online,A,85.2,Very clean,3,1,0,0,0,3,11.5,4,0,Non-Eng,http://asilmedia.org/,2026-09-18T06:42:10+00:00,
couchmoney.tv,online,A,85.2,Very clean,2,1,0,0,0,2,15.6,1,0,Storage,https://couchmoney.tv/,2026-09-28T07:40:47+00:00,
data.unodc.org,online,A,85.2,Very clean,1,1,0,0,0,2,18.6,2,0,Educational,https://data.unodc.org/,2026-09-10T12:24:16+00:00,
hermes-agent.nousresearch.com,online,A,85.2,Very clean,3,3,0,0,0,2,0.6,3,3,Artificial-Intelligence,https://hermes-agent.nousresearch.com/,2026-09-12T16:31:29+00:00,
inspiral-web.nathanfriend.com,online,A,85.2,Very clean,1,1,0,0,0,3,17.7,2,0,Misc,https://inspiral-web.nathanfriend.com/,2026-09-21T22:53:03+00:00,
nuviosync.com,online,A,85.2,Very clean,1,1,0,0,0,1,19.5,2,1,Streaming,https://nuviosync.com/,2026-09-12T21:42:32+00:00,
www.decentsamples.com,online,A,85.2,Very clean,2,2,0,0,0,3,8.5,3,0,Music,https://www.decentsamples.com/product/decent-sampler-plugin/,2026-09-18T12:26:05+00:00,
dataunodc.un.org,online,A,85.3,Very clean,1,1,0,0,0,2,18.4,2,0,Educational,https://dataunodc.un.org/,2026-08-20T08:21:01+00:00,
fr.downmagaz.net,online,A,85.3,Very clean,1,1,0,0,0,1,19.4,2,0,Non-Eng,https://fr.downmagaz.net/,2026-09-22T22:28:30+00:00,
hiphopa.net,online,A,85.3,Very clean,1,1,0,0,0,1,19.3,1,0,Music,https://hiphopa.net/,2026-09-27T07:08:34+00:00,
random.whatsmyip.org,online,A,85.3,Very clean,1,1,0,0,0,0,20.4,2,0,Misc,http://random.whatsmyip.org/,2026-09-20T21:52:34+00:00,
scorecloud.com,online,A,85.3,Very clean,2,2,0,0,0,6,5.3,2,0,Educational,https://scorecloud.com/,2026-09-19T12:07:10+00:00,
streaming.cineverse.com,online,A,85.3,Very clean,3,1,0,0,0,12,2.4,4,0,Non-Eng Streaming,https://streaming.cineverse.com/,2026-09-15T12:53:55+00:00,
walkie-talkie.io,online,A,85.3,Very clean,3,2,0,0,0,2,6.3,2,0,Mobile,https://walkie-talkie.io/,2026-09-22T06:49:41+00:00,
www.findyourfest.com,online,A,85.3,Very clean,3,3,0,0,0,1,1.3,1,0,Music,https://www.findyourfest.com/,2026-09-27T07:08:34+00:00,
www.hotscots.app,online,A,85.3,Very clean,3,3,0,0,0,0,2.3,2,0,Misc,https://www.hotscots.app/,2026-09-21T14:36:48+00:00,
www.inkitt.com,online,A,85.3,Very clean,3,2,0,0,0,6,2.3,2,0,Reading,https://www.inkitt.com/fanfiction,2026-09-23T22:29:49+00:00,
www.nerdfonts.com,online,A,85.3,Very clean,2,1,0,0,0,4,13.4,1,0,Storage,https://www.nerdfonts.com/,2026-09-28T16:00:57+00:00,
www.ratingraph.com,online,A,85.3,Very clean,1,1,0,0,0,1,19.4,1,1,Streaming,https://www.ratingraph.com/,2026-09-17T22:29:32+00:00,
csdiy.wiki,online,A,85.4,Very clean,1,1,0,0,0,1,19.2,2,0,Educational,https://csdiy.wiki/en/,2026-09-19T16:51:07+00:00,
human.libretexts.org,online,A,85.4,Very clean,2,2,0,0,0,6,5.2,6,0,Educational,https://human.libretexts.org/Bookshelves/Music,2026-09-17T22:29:32+00:00,
www.codewars.com,online,A,85.4,Very clean,3,2,0,0,0,5,3.2,1,0,Educational,https://www.codewars.com/,2026-09-25T18:07:54+00:00,
advanced.name,online,A,85.5,Very clean,2,2,0,0,0,6,5.1,1,0,Storage,https://advanced.name/freeproxy,2026-09-28T07:40:47+00:00,
androidoyun.club,online,A,85.5,Very clean,1,1,1,0,0,1,9.1,2,0,Mobile,https://androidoyun.club/,2026-09-22T06:49:41+00:00,
biz.libretexts.org,online,A,85.5,Very clean,2,2,0,0,0,5,5.9,2,0,Misc,https://biz.libretexts.org/,2026-09-21T07:14:22+00:00,
climate.nasa.gov,,A,85.5,Very clean,6,1,0,0,0,3,1.9,1,1,Misc,https://climate.nasa.gov/earth-now/,2026-08-14T17:12:05+00:00,
de.downmagaz.net,online,A,85.5,Very clean,1,1,0,0,0,1,19.0,2,0,Non-Eng,https://de.downmagaz.net/,2026-09-22T22:28:30+00:00,
downloads.khinsider.com,online,A,85.5,Very clean,2,2,0,0,0,1,10.0,2,2,Music,https://downloads.khinsider.com/,2026-09-13T06:49:25+00:00,
filmo.platfo.es,online,A,85.5,Very clean,3,1,0,0,0,3,11.1,4,0,Non-Eng Streaming,https://filmo.platfo.es/pages/home,2026-09-18T06:42:10+00:00,
hminnovations.org,online,A,85.5,Very clean,2,1,0,0,0,10,7.1,4,0,Mobile,https://hminnovations.org/meditation-app,2026-08-18T20:01:14+00:00,
ihavenotv.com,online,A,85.5,Very clean,3,2,0,0,0,2,5.9,2,2,Educational,https://ihavenotv.com,2026-09-12T21:42:32+00:00,
jezzamon.itch.io,online,A,85.5,Very clean,1,1,0,0,0,0,19.9,2,0,Gaming,https://jezzamon.itch.io/,2026-09-20T12:42:06+00:00,
kits4beats.com,online,A,85.5,Very clean,4,1,0,0,0,3,8.1,2,2,Music,https://kits4beats.com/,2026-09-13T06:49:25+00:00,
oll.libertyfund.org,online,A,85.5,Very clean,3,2,0,0,0,4,3.9,2,0,Reading,https://oll.libertyfund.org/,2026-09-23T22:29:49+00:00,
sktorrent.eu,online,A,85.5,Very clean,2,2,0,0,0,2,9.0,4,0,Non-Eng,https://sktorrent.eu/,2026-09-18T06:42:10+00:00,
stats.libretexts.org,online,A,85.5,Very clean,2,2,0,0,0,5,6.0,2,0,Educational,https://stats.libretexts.org/Bookshelves,2026-09-18T17:16:20+00:00,
streamfree.top,online,A,85.5,Very clean,2,1,0,0,0,0,17.1,2,2,Streaming,https://streamfree.top/,2026-09-13T12:54:24+00:00,
synarchive.com,online,A,85.5,Very clean,1,1,0,0,0,1,19.0,1,0,Educational,https://synarchive.com/,2026-09-25T13:02:00+00:00,
thejaspel.itch.io,online,A,85.5,Very clean,3,3,0,0,0,0,2.0,2,0,Gaming,https://thejaspel.itch.io/backpack-hero,2026-09-20T12:42:06+00:00,
tokipona.org,online,A,85.5,Very clean,3,3,0,0,0,1,1.1,1,0,Educational,https://tokipona.org/,2026-09-25T13:02:00+00:00,
wanderers-library.wikidot.com,online,A,85.5,Very clean,5,2,0,0,0,0,2.1,2,0,Reading,https://wanderers-library.wikidot.com/,2026-09-23T22:29:49+00:00,
www.aurorascreen.org,,A,85.5,Very clean,1,1,0,0,0,0,19.9,2,2,Streaming,https://www.aurorascreen.org/,2026-08-13T20:28:46+00:00,
www.classcentral.com,online,A,85.5,Very clean,1,1,0,0,0,1,18.9,2,2,Educational,https://www.classcentral.com/,2026-09-12T21:42:32+00:00,
www.desitv.to,online,A,85.5,Very clean,1,1,0,0,0,5,14.9,2,0,Non-Eng,https://www.desitv.to/,2026-09-23T06:43:24+00:00,
www.erinsaudiocorner.com,online,A,85.5,Very clean,1,1,0,0,0,3,17.1,2,0,Misc,https://www.erinsaudiocorner.com/,2026-09-21T14:36:48+00:00,
www.halcyonmaps.com,online,A,85.5,Very clean,3,3,0,0,0,0,1.9,1,0,Educational,https://www.halcyonmaps.com/infographics,2026-09-25T06:39:48+00:00,
www.mostrecommendedbooks.com,online,A,85.5,Very clean,1,1,0,0,0,1,19.1,2,0,Reading,https://www.mostrecommendedbooks.com/,2026-09-24T06:47:05+00:00,
www.tracesofwar.com,online,A,85.5,Very clean,3,2,0,0,0,2,6.1,2,0,Educational,https://www.tracesofwar.com/,2026-09-19T06:40:29+00:00,
yurisizov.itch.io,online,A,85.5,Very clean,3,3,0,0,0,0,2.1,2,0,Music,https://yurisizov.itch.io/boscaceoil-blue,2026-09-22T17:49:43+00:00,
chem.libretexts.org,online,A,85.6,Very clean,2,2,0,0,0,5,5.8,2,2,Educational,https://chem.libretexts.org,2026-09-12T21:42:32+00:00,
freerice.com,online,A,85.6,Very clean,3,2,0,0,0,3,4.8,2,0,Misc,https://freerice.com/,2026-09-20T21:52:34+00:00,
ranartblog.com,online,A,85.6,Very clean,2,1,0,0,0,4,12.8,1,0,Educational,https://ranartblog.com/,2026-09-25T13:02:00+00:00,
tinykittens.com,online,A,85.6,Very clean,3,2,0,0,0,6,1.8,2,0,Misc,https://tinykittens.com/,2026-09-20T21:52:34+00:00,
waveapp.pages.dev,online,A,85.6,Very clean,1,1,0,0,0,1,18.8,10,0,Linux Mobile Music Reading,https://waveapp.pages.dev/,2026-09-17T22:29:32+00:00,
www.dogrulukpayi.com,online,A,85.6,Very clean,2,2,0,0,0,1,9.8,2,0,Non-Eng,https://www.dogrulukpayi.com/,2026-09-23T18:01:31+00:00,
www.submarinecablemap.com,online,A,85.6,Very clean,2,2,0,0,0,2,8.8,2,0,Misc,https://www.submarinecablemap.com/,2026-09-21T07:14:22+00:00,
aurorascreen.org,online,A,85.7,Very clean,3,3,0,0,0,1,0.7,2,2,Streaming,https://aurorascreen.org/,2026-09-27T07:08:34+00:00,
downmagaz.net,online,A,85.7,Very clean,1,1,0,0,0,1,18.7,2,2,Reading,https://downmagaz.net/,2026-09-13T12:54:24+00:00,
fallingfruit.org,online,A,85.7,Very clean,2,2,0,0,0,2,8.6,2,0,Misc,https://fallingfruit.org/,2026-08-29T22:00:23+00:00,
librotecarios.blogspot.com,online,A,85.7,Very clean,2,2,0,0,0,5,5.6,2,0,Non-Eng,https://librotecarios.blogspot.com/,2026-09-23T18:01:31+00:00,
minewiki.pl,online,A,85.7,Very clean,2,1,0,0,0,1,15.6,2,0,Non-Eng,https://minewiki.pl/,2026-09-23T06:43:24+00:00,
murdle.com,online,A,85.7,Very clean,1,1,0,0,0,2,17.6,2,0,Gaming,https://murdle.com/,2026-09-20T07:03:23+00:00,
portswigger.net,online,A,85.7,Very clean,2,2,0,0,0,2,8.6,2,2,Educational,https://portswigger.net/web-security,2026-09-12T21:42:32+00:00,
tools.kausalflow.com,online,A,85.7,Very clean,1,1,0,0,0,1,18.6,1,0,Educational,https://tools.kausalflow.com/,2026-09-25T18:07:54+00:00,
www.konserthuset.se,online,A,85.7,Very clean,3,2,0,0,0,2,5.6,2,0,Music,https://www.konserthuset.se/en/play/,2026-09-22T12:53:35+00:00,
www.lpi.usra.edu,online,A,85.7,Very clean,1,1,0,0,0,3,16.6,1,1,Educational,https://www.lpi.usra.edu/resources/apollo/,2026-09-13T17:06:33+00:00,
www.theyshootpictures.com,online,A,85.7,Very clean,1,1,0,0,0,1,18.7,2,2,Streaming,https://www.theyshootpictures.com/,2026-09-13T12:54:24+00:00,
www.toontales.net,online,A,85.7,Very clean,1,1,0,0,0,1,18.6,2,0,Streaming,https://www.toontales.net/,2026-09-24T18:01:53+00:00,
afaik.io,online,A,85.8,Very clean,2,2,0,0,0,9,1.3,2,0,Educational,https://afaik.io/,2026-09-18T17:16:20+00:00,
animetvn.com,online,A,85.8,Very clean,2,1,1,0,0,2,4.5,2,0,Non-Eng,https://animetvn.com/,2026-09-23T18:01:31+00:00,
defensivecss.dev,online,A,85.8,Very clean,1,1,0,0,0,1,18.3,2,0,Educational,https://defensivecss.dev/,2026-09-19T16:51:07+00:00,
freestreams-live1h.pk,online,A,85.8,Very clean,1,1,0,0,0,2,17.5,2,0,Streaming,https://freestreams-live1h.pk/,2026-09-24T12:57:21+00:00,
math.libretexts.org,online,A,85.8,Very clean,2,2,0,0,0,5,5.4,1,1,Educational,https://math.libretexts.org/Bookshelves,2026-09-13T17:06:33+00:00,
shotonwhat.com,online,A,85.8,Very clean,3,2,0,0,0,1,6.5,2,0,Streaming,https://shotonwhat.com/,2026-09-25T06:39:48+00:00,
tycollector.com,online,A,85.8,Very clean,1,1,0,0,0,1,18.3,2,0,Misc,https://tycollector.com/,2026-09-21T14:36:48+00:00,
watchprowrestling.store,online,A,85.8,Very clean,1,1,0,0,0,1,18.3,2,0,Streaming,https://watchprowrestling.store/,2026-09-24T22:46:15+00:00,
worldfree4u.gd,online,A,85.8,Very clean,3,1,0,0,0,2,11.4,2,0,Streaming,https://worldfree4u.gd/,2026-09-10T12:24:16+00:00,
www.doramasyt.com,online,A,85.8,Very clean,1,1,0,0,0,1,18.3,2,0,Non-Eng,https://www.doramasyt.com/,2026-09-23T13:04:02+00:00,
www.globalpenfriends.com,online,A,85.8,Very clean,2,2,0,0,0,3,7.3,1,0,Misc,https://www.globalpenfriends.com/,2026-09-26T12:31:41+00:00,
www.kittysplit.com,online,A,85.8,Very clean,2,2,0,0,0,1,9.5,1,0,Misc,https://www.kittysplit.com/en/,2026-09-26T12:31:41+00:00,
baozimh.org,online,A,85.9,Very clean,2,1,0,0,0,2,14.2,2,0,Non-Eng,https://baozimh.org/,2026-09-22T22:28:30+00:00,
eaulas.usp.br,online,A,85.9,Very clean,1,1,0,0,0,1,18.2,2,0,Non-Eng,https://eaulas.usp.br/portal/home,2026-09-23T06:43:24+00:00,
epdf.pub,online,A,85.9,Very clean,2,1,0,0,0,2,14.2,3,0,Reading,https://epdf.pub/,2026-09-18T12:26:05+00:00,
leomccormack.github.io,online,A,85.9,Very clean,1,1,0,0,0,3,16.2,1,0,Music,https://leomccormack.github.io/sparta-site/,2026-09-27T07:08:34+00:00,
4khdhub.link,online,A,86.0,Very clean,2,2,0,0,0,1,9.1,2,0,Streaming,https://4khdhub.link/,2026-08-25T14:31:22+00:00,
arena.ai4bharat.org,online,A,86.0,Very clean,1,1,0,0,0,2,17.0,2,0,Artificial-Intelligence,https://arena.ai4bharat.org/#/tts,2026-08-19T08:13:26+00:00,
bangyourbuck.com,online,A,86.0,Very clean,2,1,0,0,0,2,13.9,2,0,Misc,https://bangyourbuck.com/,2026-09-21T14:36:48+00:00,
chordi.co,online,A,86.0,Very clean,3,2,0,0,0,1,6.1,1,0,Educational,https://chordi.co/,2026-09-25T13:02:00+00:00,
consolevariations.com,online,A,86.0,Very clean,3,1,0,0,0,1,12.0,2,0,Misc,https://consolevariations.com/,2026-09-21T14:36:48+00:00,
digicamfinder.com,online,A,86.0,Very clean,1,1,0,0,0,1,18.0,1,0,Misc,https://digicamfinder.com/,2026-09-26T12:31:41+00:00,
flowchart.fun,online,A,86.0,Very clean,2,1,0,0,0,3,12.9,2,0,Storage,https://flowchart.fun/,2026-09-24T12:57:21+00:00,
kinokong.li,online,A,86.0,Very clean,1,1,0,0,0,2,16.9,2,0,Non-Eng,https://kinokong.li/,2026-08-24T08:28:51+00:00,
med.libretexts.org,online,A,86.0,Very clean,2,2,0,0,0,5,4.9,2,0,Educational,https://med.libretexts.org/Bookshelves,2026-09-19T06:40:29+00:00,
morse.withgoogle.com,online,A,86.0,Very clean,2,1,0,0,0,1,14.9,1,0,Educational,https://morse.withgoogle.com/learn/,2026-09-25T13:02:00+00:00,
raw1001.net,online,A,86.0,Very clean,1,1,1,0,0,1,7.9,2,0,Non-Eng,https://raw1001.net/,2026-09-23T06:43:24+00:00,
rncalation.online,online,A,86.0,Very clean,2,1,1,0,0,3,3.0,2,0,Non-Eng,https://rncalation.online/,2026-09-23T18:01:31+00:00,
shademap.app,online,A,86.0,Very clean,1,1,0,0,0,1,17.9,1,0,Educational,https://shademap.app/,2026-09-25T13:02:00+00:00,
simple-bench.com,online,A,86.0,Very clean,2,2,1,0,0,0,0.0,2,0,Artificial-Intelligence,https://simple-bench.com/,2026-09-18T17:16:20+00:00,
webslides.tv,online,A,86.0,Very clean,1,1,0,0,0,3,15.9,1,0,Storage,https://webslides.tv/,2026-09-28T07:40:47+00:00,
www.anzmanga25.com,online,A,86.0,Very clean,1,1,1,0,0,1,7.9,2,0,Non-Eng,https://www.anzmanga25.com/,2026-09-24T12:57:21+00:00,
www.anzmangashd.com,online,A,86.0,Very clean,1,1,1,0,0,1,7.9,2,0,Non-Eng,https://www.anzmangashd.com/,2026-09-23T18:01:31+00:00,
www.area-documental.com,online,A,86.0,Very clean,1,1,0,0,0,6,13.0,2,0,Non-Eng,https://www.area-documental.com/,2026-09-23T13:04:02+00:00,
www.audiocite.net,online,A,86.0,Very clean,2,1,0,0,0,1,15.0,2,0,Non-Eng,https://www.audiocite.net/,2026-09-22T22:28:30+00:00,
www.ck12.org,online,A,86.0,Very clean,3,3,0,0,0,1,0.0,2,0,Reading,https://www.ck12.org/browse/,2026-09-23T22:29:49+00:00,
www.freetaxusa.com,online,A,86.0,Very clean,3,3,0,0,0,0,1.1,1,0,Misc,https://www.freetaxusa.com/,2026-09-26T12:31:41+00:00,
www.spaghetti-western.net,online,A,86.0,Very clean,2,2,0,0,0,1,8.9,2,0,Streaming,https://www.spaghetti-western.net/index.php/Main_Page,2026-09-24T22:46:15+00:00,
www.wikiart.org,online,A,86.0,Very clean,2,1,0,0,0,3,13.1,1,0,Storage,https://www.wikiart.org/,2026-09-28T07:40:47+00:00,
ixdzs.tw,online,A,86.1,Very clean,2,2,0,0,0,1,8.8,2,0,Non-Eng,https://ixdzs.tw/,2026-09-22T22:28:30+00:00,
kinokong.es,online,A,86.1,Very clean,1,1,0,0,0,1,17.8,2,0,Non-Eng,https://kinokong.es/,2026-09-09T12:30:35+00:00,
kmmovies.shop,online,A,86.1,Very clean,1,1,0,0,0,1,17.8,2,0,Streaming,https://kmmovies.shop/category/english/,2026-09-24T22:46:15+00:00,
subsl.top,online,A,86.1,Very clean,2,2,0,0,0,2,7.8,6,0,Non-Eng Streaming,https://subsl.top/,2026-09-17T22:29:32+00:00,
thedailyidea.org,online,A,86.1,Very clean,1,1,0,0,0,3,15.8,1,0,Educational,https://thedailyidea.org/,2026-09-25T13:02:00+00:00,
turkishtv.co,online,A,86.1,Very clean,1,1,0,0,0,2,16.8,2,0,Non-Eng,https://turkishtv.co/,2026-09-23T13:04:02+00:00,
chords.yottanami.com,online,A,86.2,Very clean,1,1,0,0,0,1,17.6,1,0,Educational,https://chords.yottanami.com/,2026-09-25T13:02:00+00:00,
edward-la-barbera.itch.io,online,A,86.2,Very clean,3,3,0,0,0,0,0.6,2,0,Gaming,https://edward-la-barbera.itch.io/frasier-fantasy,2026-09-20T12:42:06+00:00,
eng.libretexts.org,online,A,86.2,Very clean,2,2,0,0,0,5,4.6,2,0,Educational,https://eng.libretexts.org/Bookshelves,2026-09-18T17:16:20+00:00,
leeapk.com,online,A,86.2,Very clean,3,2,0,0,0,1,5.6,2,0,Mobile,https://leeapk.com/,2026-09-22T06:49:41+00:00,
mandala-app.com,online,A,86.2,Very clean,1,1,0,0,0,5,13.6,1,0,Misc,https://mandala-app.com/,2026-09-26T12:31:41+00:00,
nihongo-e-na.com,online,A,86.2,Very clean,2,2,0,0,0,1,8.5,1,0,Educational,https://nihongo-e-na.com/eng/,2026-09-25T13:02:00+00:00,
streamwatch.online,online,A,86.2,Very clean,1,1,0,0,0,1,17.7,2,0,Streaming,https://streamwatch.online/,2026-09-24T18:01:53+00:00,
wordleverse.net,online,A,86.2,Very clean,2,1,0,0,0,1,14.7,2,0,Gaming,https://wordleverse.net/,2026-09-20T07:03:23+00:00,
www.cg-gamespc.net,online,A,86.2,Very clean,2,1,0,0,0,3,12.6,2,0,Gaming,https://www.cg-gamespc.net/,2026-09-10T12:24:16+00:00,
www.coursicle.com,online,A,86.2,Very clean,4,2,0,0,0,3,0.5,2,2,Educational,https://www.coursicle.com/,2026-09-12T21:42:32+00:00,
kupdf.net,online,A,86.3,Very clean,1,1,0,0,0,5,13.3,2,0,Reading,https://kupdf.net/,2026-09-23T18:01:31+00:00,
phys.libretexts.org,online,A,86.3,Very clean,2,2,0,0,0,5,4.3,2,0,Educational,https://phys.libretexts.org/Bookshelves,2026-09-18T17:16:20+00:00,
scribd.vpdfs.com,online,A,86.3,Very clean,1,1,0,0,0,1,17.4,1,0,Reading,https://scribd.vpdfs.com/,2026-09-27T17:58:51+00:00,
bio.libretexts.org,online,A,86.4,Very clean,2,2,0,0,0,5,4.2,2,0,Educational,https://bio.libretexts.org/Bookshelves,2026-09-19T06:40:29+00:00,
haitouch.itch.io,online,A,86.4,Very clean,1,1,0,0,0,0,18.2,2,0,Gaming,https://haitouch.itch.io/salty-trivia,2026-09-20T12:42:06+00:00,
whiskit.ai,online,A,86.4,Very clean,1,1,0,0,0,1,17.2,1,0,Misc,https://whiskit.ai/,2026-09-25T22:52:29+00:00,
www.bolidesoft.com,online,A,86.4,Very clean,1,1,0,0,0,2,16.2,1,0,Reading,https://www.bolidesoft.com/allmybooks.html,2026-09-27T17:58:51+00:00,
www.dbpedia.org,online,A,86.4,Very clean,1,1,0,0,0,1,17.2,2,0,Reading,https://www.dbpedia.org/,2026-09-24T06:47:05+00:00,
www.soundhound.com,online,A,86.4,Very clean,2,2,0,0,0,0,9.2,2,0,Music,https://www.soundhound.com/soundhound,2026-09-22T17:49:43+00:00,
1000flights.blogspot.com,online,A,86.5,Very clean,3,3,0,0,0,0,0.0,2,0,Music,https://1000flights.blogspot.com/,2026-09-12T11:45:01+00:00,
bitmagnet.io,online,A,86.5,Very clean,1,1,0,0,0,1,17.1,1,0,Torrenting,https://bitmagnet.io/,2026-08-29T17:26:18+00:00,
boomy.com,online,A,86.5,Very clean,2,2,0,0,0,3,6.1,2,0,Artificial-Intelligence,https://boomy.com/,2026-09-18T17:16:20+00:00,
cdromance.org,online,A,86.5,Very clean,1,1,0,0,0,1,17.0,1,1,Gaming,https://cdromance.org/,2026-08-29T22:00:23+00:00,
deseneledublate.com,online,A,86.5,Very clean,2,1,0,0,0,2,13.0,2,0,Non-Eng,https://deseneledublate.com/,2026-09-23T13:04:02+00:00,
pdalife.com,online,A,86.5,Very clean,2,2,0,0,0,1,8.0,6,6,Mobile,https://pdalife.com/,2026-09-12T16:31:29+00:00,
sonarr.tv,online,A,86.5,Very clean,1,1,0,0,0,3,15.0,2,2,Streaming,https://sonarr.tv/,2026-09-13T12:54:24+00:00,
statista.com,online,A,86.5,Very clean,1,1,0,0,0,0,17.9,2,0,Misc,https://statista.com/,2026-09-21T07:14:22+00:00,
toneandwave.blogspot.com,online,A,86.5,Very clean,3,3,0,0,0,0,0.0,2,0,Music,https://toneandwave.blogspot.com/,2026-09-12T11:45:01+00:00,
uzmax.net,online,A,86.5,Very clean,1,1,0,0,0,1,17.0,2,0,Non-Eng,https://uzmax.net/,2026-09-23T18:01:31+00:00,
vidbox.vc,online,A,86.5,Very clean,1,1,0,0,0,1,16.9,4,0,Streaming,https://vidbox.vc/,2026-09-24T18:01:53+00:00,
whereismyram.com,online,A,86.5,Very clean,1,1,0,0,0,1,17.0,2,0,Misc,https://whereismyram.com/,2026-09-21T14:36:48+00:00,
www.elitetorrent.com,online,A,86.5,Very clean,2,1,0,0,0,2,13.0,2,0,Non-Eng,https://www.elitetorrent.com/,2026-09-23T13:04:02+00:00,
www.faneo.es,online,A,86.5,Very clean,2,1,0,0,0,2,12.9,2,0,Non-Eng,https://www.faneo.es/,2026-09-23T18:01:31+00:00,
www.flatblackandclassical.com,online,A,86.5,Very clean,3,3,0,0,0,0,0.0,2,0,Music,https://www.flatblackandclassical.com/,2026-08-30T13:18:17+00:00,
www.hoopladigital.com,online,A,86.5,Very clean,3,1,0,0,0,3,9.0,3,0,Reading Streaming,https://www.hoopladigital.com/,2026-09-18T12:26:05+00:00,
www.mecabricks.com,online,A,86.5,Very clean,2,2,0,0,0,3,6.0,2,0,Educational,https://www.mecabricks.com/en/workshop,2026-09-19T12:07:10+00:00,
www.recipeeper.com,online,A,86.5,Very clean,1,1,0,0,0,1,17.0,2,0,Misc,https://www.recipeeper.com/,2026-09-20T21:52:34+00:00,
www.remnote.com,online,A,86.5,Very clean,2,2,0,0,0,3,5.9,2,0,Educational,https://www.remnote.com/,2026-09-19T21:48:19+00:00,
www.wcoanimesub.tv,online,A,86.5,Very clean,2,1,0,0,0,2,13.0,1,1,Streaming,https://www.wcoanimesub.tv/,2026-09-17T22:29:32+00:00,
rubikverse.com,online,A,86.6,Very clean,2,2,0,0,0,8,0.8,1,1,Gaming,https://rubikverse.com/,2026-09-13T21:45:32+00:00,
spacefromspace.com,online,A,86.6,Very clean,3,2,0,0,0,3,2.8,1,1,Educational,https://spacefromspace.com/,2026-09-13T17:06:33+00:00,
www.ddizi.im,online,A,86.6,Very clean,1,1,0,0,0,1,16.8,2,0,Non-Eng,https://www.ddizi.im/,2026-09-10T12:24:16+00:00,
www.statista.com,online,A,86.6,Very clean,1,1,0,0,0,0,17.8,2,0,Educational,https://www.statista.com/,2026-09-19T12:07:10+00:00,
coderadio.freecodecamp.org,online,A,86.7,Very clean,2,1,0,0,0,2,12.7,2,0,Music,https://coderadio.freecodecamp.org/,2026-09-22T12:53:35+00:00,
cssgridgarden.com,online,A,86.7,Very clean,1,1,0,0,0,3,14.6,1,0,Educational,https://cssgridgarden.com/,2026-09-25T18:07:54+00:00,
dw-anime.net,online,A,86.7,Very clean,1,1,0,0,0,1,16.7,2,0,Non-Eng,https://dw-anime.net/,2026-09-23T13:04:02+00:00,
flashmuseum.org,,A,86.7,Very clean,1,1,1,0,0,1,6.6,2,2,Gaming,https://flashmuseum.org/,2026-08-13T17:57:57+00:00,
globaledge.msu.edu,online,A,86.7,Very clean,1,1,0,0,0,1,16.7,1,0,Educational,https://globaledge.msu.edu/,2026-09-25T13:02:00+00:00,
mangadex.org,online,A,86.7,Very clean,3,2,0,0,0,3,2.7,3,2,Reading,https://mangadex.org/,2026-09-12T16:31:29+00:00,
messagetothefutu.re,online,A,86.7,Very clean,1,1,0,0,0,1,16.6,2,0,Misc,https://messagetothefutu.re/,2026-09-21T22:53:03+00:00,
new2.moviesdrive.christmas,online,A,86.7,Very clean,2,1,0,0,0,2,12.6,2,0,Non-Eng,https://new2.moviesdrive.christmas/,2026-09-23T06:43:24+00:00,
pstream.site,online,A,86.7,Very clean,1,1,0,0,0,1,16.7,1,0,Streaming,https://pstream.site/,2026-09-28T16:00:57+00:00,
survivalmanual.github.io,online,A,86.7,Very clean,1,1,0,0,0,3,14.6,1,0,Educational,https://survivalmanual.github.io/,2026-09-28T07:40:47+00:00,
versedb.com,online,A,86.7,Very clean,2,2,0,0,0,3,5.6,2,0,Reading,https://versedb.com/,2026-09-27T13:18:43+00:00,
www.atarimania.com,online,A,86.7,Very clean,1,1,0,0,0,1,16.7,2,0,Gaming,https://www.atarimania.com/,2026-09-20T07:03:23+00:00,
www.crookcatcher.app,online,A,86.7,Very clean,1,1,0,0,0,1,16.7,1,0,Mobile,https://www.crookcatcher.app/,2026-09-27T07:08:34+00:00,
www.nhaccuatui.com,online,A,86.7,Very clean,2,2,0,0,0,5,3.7,1,0,Non-Eng,https://www.nhaccuatui.com/,2026-09-17T17:47:40+00:00,
www.redzidzirdilatviju.lv,online,A,86.7,Very clean,3,1,0,0,0,2,9.6,2,0,Non-Eng,https://www.redzidzirdilatviju.lv/,2026-09-23T18:01:31+00:00,
www.worldcat.org,online,A,86.7,Very clean,2,1,0,0,0,2,12.6,2,0,Reading,https://www.worldcat.org/,2026-09-01T06:46:52+00:00,
zcal.co,online,A,86.7,Very clean,2,2,0,0,0,1,7.7,2,0,Misc,https://zcal.co/,2026-09-21T14:36:48+00:00,
1940s.nyc,online,A,86.8,Very clean,2,1,0,0,0,9,5.4,2,0,Misc,https://1940s.nyc/,2026-09-21T07:14:22+00:00,
aptransit.co,online,A,86.8,Very clean,2,2,0,0,0,2,6.5,2,0,Misc,https://aptransit.co/,2026-09-21T07:14:22+00:00,
code.org,online,A,86.8,Very clean,2,2,0,0,0,2,6.4,2,0,Educational,https://code.org/,2026-09-19T16:51:07+00:00,
itaigi.tw,online,A,86.8,Very clean,3,1,0,0,0,3,8.5,2,0,Non-Eng,https://itaigi.tw/,2026-09-22T17:49:43+00:00,
kisskh.fr,online,A,86.8,Very clean,3,1,0,0,0,1,10.5,1,0,Streaming,https://kisskh.fr/,2026-09-28T16:00:57+00:00,
poetryarchive.org,online,A,86.8,Very clean,3,1,0,0,0,0,11.5,2,0,Reading,https://poetryarchive.org/,2026-09-24T06:47:05+00:00,
redditrecs.com,online,A,86.8,Very clean,2,1,0,0,0,1,13.5,1,0,Misc,https://redditrecs.com/,2026-09-26T12:31:41+00:00,
schatkamer.beeldengeluid.nl,online,A,86.8,Very clean,3,2,0,0,0,1,4.5,2,0,Non-Eng,https://schatkamer.beeldengeluid.nl/,2026-09-23T18:01:31+00:00,
science.nasa.gov,online,A,86.8,Very clean,5,1,0,0,0,5,0.3,15,6,Educational Misc,https://science.nasa.gov/eyes/,2026-09-17T22:29:32+00:00,
visualgo.net,online,A,86.8,Very clean,1,1,0,0,0,0,17.4,2,0,Educational,https://visualgo.net/,2026-09-19T16:51:07+00:00,
whopayswriters.com,online,A,86.8,Very clean,1,1,0,0,0,5,12.4,2,0,Misc,http://whopayswriters.com/,2026-09-21T07:14:22+00:00,
www.cleanpng.com,online,A,86.8,Very clean,3,1,0,0,0,4,7.5,2,0,Storage,https://www.cleanpng.com/,2026-09-24T12:57:21+00:00,
www.rpgamers.net,online,A,86.8,Very clean,1,1,0,0,0,1,16.3,2,0,Music,https://www.rpgamers.net/radio/,2026-09-22T17:49:43+00:00,
www.sinosplice.com,online,A,86.8,Very clean,1,1,0,0,0,5,12.4,1,0,Educational,https://www.sinosplice.com/,2026-09-25T13:02:00+00:00,
mangataro.org,online,A,86.9,Very clean,1,1,0,0,0,1,16.2,2,0,Reading,https://mangataro.org/,2026-09-23T22:29:49+00:00,
signalmidi.app,online,A,86.9,Very clean,3,2,0,0,0,2,3.2,2,0,Music,https://signalmidi.app/edit,2026-09-22T17:49:43+00:00,
teachyourselfcs.com,online,A,86.9,Very clean,1,1,0,0,0,3,14.2,2,2,Educational,https://teachyourselfcs.com/,2026-09-12T21:42:32+00:00,
aapathshala.com,online,A,87.0,Very clean,1,1,0,0,0,1,16.1,2,0,Non-Eng,https://aapathshala.com/library/,2026-09-22T17:49:43+00:00,
bookscafe.net,online,A,87.0,Very clean,4,2,0,0,0,2,0.0,2,0,Non-Eng,https://bookscafe.net/,2026-09-23T13:04:02+00:00,
flickmetrix.com,online,A,87.0,Very clean,1,1,0,0,0,6,10.9,1,1,Streaming,https://flickmetrix.com/,2026-09-17T22:29:32+00:00,
fullmatchshows.com,online,A,87.0,Very clean,1,1,0,0,0,1,16.0,2,0,Streaming,https://fullmatchshows.com,2026-09-24T22:46:15+00:00,
infotorrent.tnl.one,online,A,87.0,Very clean,1,1,0,0,0,1,16.0,2,0,Torrenting,https://infotorrent.tnl.one/,2026-09-25T06:39:48+00:00,
native-land.ca,online,A,87.0,Very clean,2,1,0,0,0,2,11.9,2,0,Misc,https://native-land.ca/,2026-09-21T07:14:22+00:00,
netnaija.film,online,A,87.0,Very clean,2,1,0,0,0,12,2.0,1,0,Streaming,https://netnaija.film,2026-09-28T16:00:57+00:00,
prehraj.to,online,A,87.0,Very clean,2,1,0,0,0,3,11.1,2,0,Non-Eng,https://prehraj.to/,2026-09-22T22:28:30+00:00,
refold.la,online,A,87.0,Very clean,4,2,0,0,0,2,0.0,2,0,Educational,https://refold.la/,2026-09-19T12:07:10+00:00,
typedrummer.com,online,A,87.0,Very clean,1,1,0,0,0,4,12.9,2,0,Misc,http://typedrummer.com/,2026-09-21T22:53:03+00:00,
web-rewind.com,online,A,87.0,Very clean,3,2,0,0,0,3,2.1,4,0,Educational Misc,https://web-rewind.com/,2026-09-17T22:29:32+00:00,
www.redrecs.com,online,A,87.0,Very clean,2,2,0,0,0,1,7.0,2,0,Misc,https://www.redrecs.com/,2026-09-21T14:36:48+00:00,
audius.co,online,A,87.1,Very clean,2,2,0,0,0,3,4.8,2,0,Music,https://audius.co/,2026-09-22T06:49:41+00:00,
detodopeliculas.nu,online,A,87.1,Very clean,3,2,0,0,0,2,2.8,2,0,Non-Eng,https://detodopeliculas.nu/,2026-09-23T13:04:02+00:00,
kinkeadtech.com,online,A,87.1,Very clean,1,1,0,0,0,1,15.8,2,2,Mobile,https://kinkeadtech.com/best-kodi-streaming-addons/,2026-09-13T06:49:25+00:00,
www.is-a.dev,online,A,87.1,Very clean,4,1,0,0,0,0,7.8,1,0,Storage,https://www.is-a.dev/,2026-09-28T07:40:47+00:00,
zenius-i-vanisher.com,online,A,87.1,Very clean,2,1,0,0,0,2,11.8,2,0,Misc,https://zenius-i-vanisher.com/v5.2/arcades.php,2026-09-20T21:52:34+00:00,
chat.qwen.ai,online,A,87.2,Very clean,3,2,0,0,0,0,4.5,6,2,Artificial-Intelligence,https://chat.qwen.ai/,2026-09-12T16:31:29+00:00,
doku.pub,online,A,87.2,Very clean,2,1,0,0,0,2,11.5,2,0,Reading,https://doku.pub/,2026-09-24T06:47:05+00:00,
granpirata.com,online,A,87.2,Very clean,1,1,0,0,0,1,15.6,2,0,Non-Eng,https://granpirata.com/,2026-08-24T08:28:51+00:00,
ivark.github.io,online,A,87.2,Very clean,2,1,1,0,0,2,1.6,2,0,Gaming,https://ivark.github.io/,2026-09-20T12:42:06+00:00,
kurdsubtitle.net,online,A,87.2,Very clean,3,1,0,0,0,6,4.5,2,0,Non-Eng,https://kurdsubtitle.net,2026-09-23T18:01:31+00:00,
potustracker.us,online,A,87.2,Very clean,1,1,0,0,0,1,15.6,2,0,Misc,https://potustracker.us/,2026-09-21T07:14:22+00:00,
r4ds.had.co.nz,online,A,87.2,Very clean,1,1,0,0,0,1,15.7,2,0,Educational,https://r4ds.had.co.nz/,2026-09-19T16:51:07+00:00,
ta.kirmalk.com,online,A,87.2,Very clean,1,1,0,0,0,1,15.6,2,0,Non-Eng,https://ta.kirmalk.com/,2026-09-22T17:49:43+00:00,
tailspark.co,online,A,87.2,Very clean,2,1,0,0,0,2,11.6,1,0,Storage,https://tailspark.co/,2026-08-28T13:26:35+00:00,
teamwood.itch.io,online,A,87.2,Very clean,1,1,0,0,0,0,16.7,2,2,Gaming,https://teamwood.itch.io/super-auto-pets,2026-09-13T06:49:25+00:00,
wlext.is,online,A,87.2,Very clean,3,1,0,0,0,3,7.5,2,0,Non-Eng,https://wlext.is/,2026-09-23T18:01:31+00:00,
www.cameronsworld.net,online,A,87.2,Very clean,1,1,1,0,0,4,2.7,2,0,Misc,https://www.cameronsworld.net/,2026-09-22T06:49:41+00:00,
www.filmmusicsite.com,online,A,87.2,Very clean,2,2,0,0,0,1,6.5,1,0,Music,https://www.filmmusicsite.com/en/,2026-09-27T07:08:34+00:00,
www.romsgames.net,online,A,87.2,Very clean,2,2,0,0,0,5,2.6,2,0,Gaming,https://www.romsgames.net/roms/,2026-09-20T07:03:23+00:00,
www.swebench.com,online,A,87.2,Very clean,1,1,1,0,0,1,5.5,2,2,Artificial-Intelligence,https://www.swebench.com/,2026-09-12T21:42:32+00:00,
www.unconsentingmedia.org,online,A,87.2,Very clean,1,1,0,0,0,3,13.7,3,0,Misc Streaming,https://www.unconsentingmedia.org,2026-09-18T12:26:05+00:00,
bots.miku.gg,online,A,87.3,Very clean,2,1,1,0,0,1,2.4,1,0,Artificial-Intelligence,https://bots.miku.gg/,2026-09-25T06:39:48+00:00,
centrum-dramy.pl,online,A,87.3,Very clean,2,1,0,0,0,2,11.3,2,0,Non-Eng,https://centrum-dramy.pl/,2026-09-23T06:43:24+00:00,
dlpsgame.com,online,A,87.3,Very clean,1,1,0,0,0,3,13.4,2,0,Gaming,https://dlpsgame.com/,2026-09-20T07:03:23+00:00,
oldcomicsworld.blogspot.com,online,A,87.3,Very clean,2,2,0,0,0,3,4.4,2,0,Reading,https://oldcomicsworld.blogspot.com/,2026-09-23T22:29:49+00:00,
playgames.onl,online,A,87.3,Very clean,1,1,0,0,0,1,15.3,2,0,Gaming,https://playgames.onl/,2026-09-20T07:03:23+00:00,
tvnow247.today,online,A,87.3,Very clean,3,2,0,0,0,0,4.3,2,0,Streaming,https://tvnow247.today/,2026-08-25T14:31:22+00:00,
www.amberflix.xyz,online,A,87.3,Very clean,2,2,0,0,0,0,7.4,2,0,Streaming,https://www.amberflix.xyz/,2026-09-24T18:01:53+00:00,
www.artchive.com,online,A,87.3,Very clean,3,2,0,0,0,2,2.3,1,0,Storage,https://www.artchive.com/,2026-09-28T07:40:47+00:00,
www.kiboanime.app,online,A,87.3,Very clean,2,2,0,0,0,1,6.4,2,0,Non-Eng,https://www.kiboanime.app/,2026-09-22T22:28:30+00:00,
www.wcoforever.net,online,A,87.3,Very clean,2,1,0,0,0,2,11.4,1,1,Streaming,https://www.wcoforever.net/,2026-09-17T22:29:32+00:00,
library.mondecast.com,online,A,87.4,Very clean,1,1,0,0,0,2,14.2,1,0,Educational,https://library.mondecast.com/?price=free,2026-09-25T13:02:00+00:00,
mmodlist.org,online,A,87.4,Very clean,1,1,0,0,0,1,15.2,2,2,Non-Eng,https://mmodlist.org/?type=hollywood,2026-09-20T17:01:41+00:00,
music.ishkur.com,online,A,87.4,Very clean,1,1,0,0,0,3,13.2,2,0,Music,https://music.ishkur.com/,2026-09-22T17:49:43+00:00,
sheets.works,online,A,87.4,Very clean,1,1,0,0,0,2,14.2,1,0,Educational,https://sheets.works/data-viz/,2026-09-25T06:39:48+00:00,
www.hevyapp.com,online,A,87.4,Very clean,2,1,0,0,0,2,11.2,1,1,Misc,https://www.hevyapp.com/,2026-09-13T21:45:32+00:00,
www.romspedia.com,online,A,87.4,Very clean,1,1,0,0,0,1,15.2,2,0,Gaming,https://www.romspedia.com/,2026-09-20T07:03:23+00:00,
chaaklau.github.io,online,A,87.5,Very clean,1,1,0,0,0,1,15.0,1,0,Educational,https://chaaklau.github.io/LearnDuck/,2026-09-25T13:02:00+00:00,
fireflix4.pages.dev,online,A,87.5,Very clean,1,1,0,0,0,1,15.0,2,2,Streaming,https://fireflix4.pages.dev/,2026-09-24T12:57:21+00:00,
freestreams-live1a.pk,online,A,87.5,Very clean,1,1,0,0,0,2,14.1,2,0,Streaming,https://freestreams-live1a.pk/,2026-08-25T14:31:22+00:00,
knowt.com,online,A,87.5,Very clean,2,2,0,0,0,4,3.0,1,1,Educational,https://knowt.com/,2026-09-13T21:45:32+00:00,
objective-see.org,online,A,87.5,Very clean,1,1,0,0,0,3,13.0,16,2,Linux,https://objective-see.org/products/dhs.html,2026-09-12T16:31:29+00:00,
openwebui.com,online,A,87.5,Very clean,3,2,0,0,0,1,3.1,2,2,Artificial-Intelligence,https://openwebui.com/,2026-09-12T21:42:32+00:00,
pahe.ink,online,A,87.5,Very clean,1,1,0,0,0,1,15.1,2,0,Streaming,https://pahe.ink/,2026-09-13T12:54:24+00:00,
phish.report,online,A,87.5,Very clean,1,1,0,0,0,1,15.0,2,0,Adblock,https://phish.report/,2026-09-18T06:42:10+00:00,
playlin.io,online,A,87.5,Very clean,0,0,1,1,0,5,0.0,2,0,Gaming,https://playlin.io/,2026-09-20T12:42:06+00:00,
politicaltests.github.io,online,A,87.5,Very clean,2,2,0,0,0,1,6.1,2,0,Misc,https://politicaltests.github.io/,2026-09-21T22:53:03+00:00,
srstop.link,online,A,87.5,Very clean,1,1,0,0,0,1,14.9,1,1,Streaming,https://srstop.link/,2026-09-17T22:29:32+00:00,
substital.com,online,A,87.5,Very clean,1,1,0,0,0,1,15.1,2,2,Streaming,https://substital.com/,2026-09-13T12:54:24+00:00,
theofficestaremachine.com,online,A,87.5,Very clean,2,2,0,0,0,7,0.0,2,0,Misc,http://theofficestaremachine.com/,2026-09-21T22:53:03+00:00,
worldfree4u.expert,online,A,87.5,Very clean,3,1,0,0,0,2,7.9,2,0,Streaming,https://worldfree4u.expert/,2026-09-24T12:57:21+00:00,
www.amv101.com,online,A,87.5,Very clean,1,1,0,0,0,1,15.0,2,0,Educational,https://www.amv101.com/,2026-09-19T12:07:10+00:00,
www.firsttimersonly.com,online,A,87.5,Very clean,1,1,0,0,0,3,12.9,2,0,Educational,https://www.firsttimersonly.com/,2026-09-19T16:51:07+00:00,
www.firstweek.de,online,A,87.5,Very clean,2,2,0,0,0,1,5.9,2,0,Non-Eng,https://www.firstweek.de/,2026-09-23T13:04:02+00:00,
www.lingodeer.com,online,A,87.5,Very clean,1,1,0,0,0,5,11.1,2,0,Educational,https://www.lingodeer.com/,2026-09-19T12:07:10+00:00,
www.penaddict.com,online,A,87.5,Very clean,2,1,0,0,0,4,8.9,2,0,Misc,https://www.penaddict.com/,2026-09-21T14:36:48+00:00,
www.vanshnookenraggen.com,online,A,87.5,Very clean,1,1,0,0,0,1,14.9,2,0,Misc,https://www.vanshnookenraggen.com/_index/category/maps/track-maps/,2026-09-21T07:14:22+00:00,
ztonnetz.com,online,A,87.5,Very clean,1,1,0,0,0,1,14.9,2,0,Educational,https://ztonnetz.com/,2026-09-19T12:07:10+00:00,
bear.app,online,A,87.6,Very clean,1,1,0,0,0,1,14.8,1,0,Mobile,https://bear.app/,2026-09-27T07:08:34+00:00,
diziyo.so,online,A,87.6,Very clean,1,1,0,0,0,3,12.8,2,0,Non-Eng,https://diziyo.so/,2026-08-24T14:28:18+00:00,
labs.scale.com,online,A,87.6,Very clean,1,1,0,0,0,4,11.8,2,0,Artificial-Intelligence,https://labs.scale.com/leaderboard,2026-09-10T12:24:16+00:00,
odysee.com,online,A,87.6,Very clean,2,2,0,0,0,5,1.8,2,0,Streaming,https://odysee.com/,2026-09-24T18:01:53+00:00,
www.cbeta.org,online,A,87.6,Very clean,1,1,1,0,0,1,4.8,2,0,Non-Eng,https://www.cbeta.org/,2026-09-22T22:28:30+00:00,
www.mangadraft.com,online,A,87.6,Very clean,3,2,0,0,0,1,2.8,2,0,Non-Eng,https://www.mangadraft.com/,2026-09-22T22:28:30+00:00,
allmangasreader.com,online,A,87.7,Very clean,2,1,0,0,0,1,11.6,2,0,Storage,https://allmangasreader.com/,2026-09-24T12:57:21+00:00,
cancerfactfinder.org,online,A,87.7,Very clean,1,1,0,0,0,1,14.6,2,0,Misc,https://cancerfactfinder.org/,2026-09-21T07:14:22+00:00,
data.im-ldi.com,online,A,87.7,Very clean,2,2,0,0,0,4,2.6,2,0,Educational,https://data.im-ldi.com/lunaserv.html,2026-09-19T06:40:29+00:00,
dreamina.capcut.com,online,A,87.7,Very clean,3,2,0,0,0,2,1.6,4,2,Artificial-Intelligence,https://dreamina.capcut.com/ai-tool/home?type=video&workspace=0,2026-09-13T17:06:33+00:00,
en.metal-tracker.com,online,A,87.7,Very clean,2,2,0,0,0,5,1.6,2,0,Music,https://en.metal-tracker.com/,2026-08-30T13:18:17+00:00,
nutritionsource.hsph.harvard.edu,online,A,87.7,Very clean,1,1,0,0,0,3,12.6,2,0,Misc,https://nutritionsource.hsph.harvard.edu/,2026-09-21T07:14:22+00:00,
paintingdemos.com,online,A,87.7,Very clean,2,2,0,0,0,1,5.7,2,0,Educational,https://paintingdemos.com/,2026-09-19T12:07:10+00:00,
rebang.today,online,A,87.7,Very clean,1,1,0,0,0,1,14.6,1,0,Non-Eng,https://rebang.today/,2026-09-27T07:08:34+00:00,
redflix.club,online,A,87.7,Very clean,1,1,0,0,0,2,13.6,1,0,Streaming,https://redflix.club/,2026-09-28T16:00:57+00:00,
snapcraft.io,online,A,87.7,Very clean,1,1,0,0,0,0,15.7,2,0,Linux,https://snapcraft.io/store,2026-09-20T17:01:41+00:00,
yezi.itch.io,online,A,87.7,Very clean,1,1,0,0,0,0,15.6,2,0,Misc,https://yezi.itch.io/,2026-09-21T22:53:03+00:00,
alfred-spotify-mini-player.com,online,A,87.8,Very clean,1,1,0,0,0,3,12.3,2,0,Linux,https://alfred-spotify-mini-player.com/,2026-09-20T21:52:34+00:00,
animekarmalist.com,online,A,87.8,Very clean,3,2,0,0,0,2,1.4,1,0,Streaming,https://animekarmalist.com/,2026-09-28T16:00:57+00:00,
chillflix.lol,online,A,87.8,Very clean,1,1,0,0,0,1,14.4,2,0,Streaming,https://chillflix.lol/,2026-09-24T18:01:53+00:00,
classics.nascar.com,online,A,87.8,Very clean,3,2,0,0,0,3,0.4,2,2,Streaming,https://classics.nascar.com/,2026-09-13T12:54:24+00:00,
dergipark.org.tr,online,A,87.8,Very clean,2,2,0,0,0,1,5.5,2,0,Non-Eng,https://dergipark.org.tr/tr/,2026-09-23T18:01:31+00:00,
docln.net,online,A,87.8,Very clean,2,1,0,0,0,2,10.3,2,0,Non-Eng,https://docln.net/,2026-09-23T18:01:31+00:00,
emblematica.grainger.illinois.edu,online,A,87.8,Very clean,1,1,0,0,0,4,11.4,2,0,Educational,http://emblematica.grainger.illinois.edu/,2026-09-26T12:31:41+00:00,
hovercats.gg,online,A,87.8,Very clean,2,2,0,0,0,4,2.4,2,0,Gaming,https://hovercats.gg/,2026-09-20T07:03:23+00:00,
medusajs.com,online,A,87.8,Very clean,2,2,0,0,0,5,1.3,2,0,Misc,https://medusajs.com/,2026-09-21T07:14:22+00:00,
new.katmoviehd.top,online,A,87.8,Very clean,1,1,0,0,0,3,12.3,2,0,Non-Eng,https://new.katmoviehd.top/,2026-09-09T12:30:35+00:00,
pdfroom.com,online,A,87.8,Very clean,2,2,0,0,0,5,1.4,2,0,Reading,https://pdfroom.com/,2026-09-23T18:01:31+00:00,
radiologyassistant.nl,online,A,87.8,Very clean,3,1,0,0,0,2,7.3,1,1,Educational,https://radiologyassistant.nl/,2026-09-13T17:06:33+00:00,
rarefilmm.com,online,A,87.8,Very clean,1,1,0,0,0,1,14.5,2,2,Streaming,https://rarefilmm.com/,2026-09-13T12:54:24+00:00,
raw-cans.net,online,A,87.8,Very clean,4,2,0,0,0,0,0.3,2,0,Non-Eng,https://raw-cans.net/,2026-09-23T06:43:24+00:00,
tamilgun.group,online,A,87.8,Very clean,1,1,0,0,0,1,14.4,2,0,Non-Eng,https://tamilgun.group/,2026-09-23T06:43:24+00:00,
tamilgun.now,online,A,87.8,Very clean,1,1,0,0,0,1,14.4,2,0,Non-Eng,https://tamilgun.now/,2026-09-24T12:57:21+00:00,
tothemoon.im-ldi.com,online,A,87.8,Very clean,2,2,0,0,0,1,5.4,2,2,Educational,https://tothemoon.im-ldi.com/,2026-09-10T12:24:16+00:00,
truesizeofcountries.com,online,A,87.8,Very clean,1,1,0,0,0,1,14.5,1,0,Educational,https://truesizeofcountries.com/,2026-08-26T08:26:47+00:00,
vkguide.dev,online,A,87.8,Very clean,2,1,0,0,0,2,10.5,2,0,Educational,https://vkguide.dev/,2026-09-19T21:48:19+00:00,
webtorrent.io,online,A,87.8,Very clean,3,2,0,0,0,3,0.4,2,0,Streaming,https://webtorrent.io/,2026-09-24T22:46:15+00:00,
www.alarapp.com,online,A,87.8,Very clean,1,1,0,0,0,2,13.5,2,0,Misc,https://www.alarapp.com/en/linkedin-preview,2026-09-21T07:14:22+00:00,
www.animedubhindi.link,online,A,87.8,Very clean,2,1,0,0,0,2,10.3,2,0,Non-Eng,https://www.animedubhindi.link/,2026-09-23T06:43:24+00:00,
www.aquariumofpacific.org,online,A,87.8,Very clean,2,2,0,0,0,0,6.3,1,0,Misc,https://www.aquariumofpacific.org/exhibits/webcams,2026-09-26T12:31:41+00:00,
www.inaturalist.org,online,A,87.8,Very clean,2,2,0,0,0,1,5.3,2,0,Educational,https://www.inaturalist.org/,2026-09-19T06:40:29+00:00,
www.mangabox.me,online,A,87.8,Very clean,2,1,0,0,0,7,5.3,2,0,Non-Eng,https://www.mangabox.me/,2026-09-23T06:43:24+00:00,
www.virtualdj.com,online,A,87.8,Very clean,2,2,0,0,0,4,2.3,1,0,Music,https://www.virtualdj.com/,2026-09-27T07:08:34+00:00,
anime7.download,online,A,87.9,Very clean,1,1,0,0,0,5,10.2,2,0,Streaming,https://anime7.download/,2026-09-24T22:46:15+00:00,
apphousekitchen.com,online,A,87.9,Very clean,2,2,0,0,0,1,5.2,2,0,Linux,https://apphousekitchen.com/,2026-09-20T21:52:34+00:00,
miraianime.net,online,A,87.9,Very clean,2,1,0,0,0,1,11.2,2,0,Non-Eng,https://miraianime.net/,2026-08-29T17:26:18+00:00,
tothemoon.ser.asu.edu,,A,87.9,Very clean,2,2,0,0,0,1,5.2,2,2,Educational,https://tothemoon.ser.asu.edu/,2026-08-13T17:57:57+00:00,
utauguides.carrd.co,online,A,87.9,Very clean,1,1,0,0,0,1,14.2,1,0,Music,https://utauguides.carrd.co/,2026-09-27T07:08:34+00:00,
www.mahjongfun.com,online,A,87.9,Very clean,2,2,0,0,0,1,5.2,2,0,Gaming,https://www.mahjongfun.com/,2026-09-20T07:03:23+00:00,
www.opportunityatlas.org,online,A,87.9,Very clean,2,1,0,0,0,7,5.2,4,0,Educational Misc,https://www.opportunityatlas.org/,2026-09-17T22:29:32+00:00,
beta.syncler.net,online,A,88.0,Very clean,4,2,0,0,0,0,0.0,1,0,Mobile,https://beta.syncler.net/,2026-09-27T07:08:34+00:00,
cantowords.com,online,A,88.0,Very clean,1,1,0,0,0,1,14.0,3,0,Educational,https://cantowords.com/,2026-09-18T06:42:10+00:00,
chemequations.com,online,A,88.0,Very clean,1,1,0,0,0,3,11.9,1,0,Educational,https://chemequations.com/en/,2026-09-25T06:39:48+00:00,
eaglercraft.dev,online,A,88.0,Very clean,2,2,0,0,0,2,4.1,1,1,Gaming,https://eaglercraft.dev/,2026-09-13T21:45:32+00:00,
famistudio.org,online,A,88.0,Very clean,4,2,0,0,0,0,0.0,2,0,Music,https://famistudio.org/,2026-09-22T17:49:43+00:00,
fanedit.org,online,A,88.0,Very clean,4,2,0,0,0,0,0.0,2,0,Streaming,https://fanedit.org/,2026-09-24T22:46:15+00:00,
fitgirl-repacks.site,online,A,88.0,Very clean,4,2,0,0,0,0,0.0,2,2,Gaming,https://fitgirl-repacks.site/,2026-09-12T21:42:32+00:00,
fiuxy2.co,online,A,88.0,Very clean,1,1,0,0,0,2,12.9,2,0,Non-Eng,https://fiuxy2.co/,2026-09-23T13:04:02+00:00,
games.cheapcharts.com,online,A,88.0,Very clean,2,2,0,0,0,3,3.0,2,0,Misc,https://games.cheapcharts.com/,2026-09-21T14:36:48+00:00,
globalshakespeares.mit.edu,online,A,88.0,Very clean,4,1,0,0,0,4,2.1,2,0,Streaming,https://globalshakespeares.mit.edu/,2026-09-24T18:01:53+00:00,
hyperspace-wizard.itch.io,online,A,88.0,Very clean,1,1,0,0,0,0,14.9,2,0,Gaming,https://hyperspace-wizard.itch.io/spinner,2026-09-20T12:42:06+00:00,
informationisbeautiful.net,online,A,88.0,Very clean,2,2,0,0,0,1,5.0,4,0,Educational Misc,https://informationisbeautiful.net/,2026-09-17T22:29:32+00:00,
internet-in-a-box.org,online,A,88.0,Very clean,4,2,0,0,0,0,0.0,2,0,Educational,https://internet-in-a-box.org/,2026-09-19T21:48:19+00:00,
lyrhub.com,online,A,88.0,Very clean,1,1,0,0,0,3,11.9,1,0,Music,https://lyrhub.com/en,2026-09-27T07:08:34+00:00,
makeayo.com,online,A,88.0,Very clean,3,2,0,0,0,3,0.0,2,0,Artificial-Intelligence,https://makeayo.com,2026-09-18T17:16:20+00:00,
recloudstream.github.io,online,A,88.0,Very clean,4,2,0,0,0,0,0.0,1,1,Mobile,https://recloudstream.github.io/csdocs/,2026-09-17T17:47:40+00:00,
seismic-explorer.concord.org,online,A,88.0,Very clean,2,2,0,0,0,1,5.1,1,0,Misc,https://seismic-explorer.concord.org/,2026-09-25T22:52:29+00:00,
streamgoblin.com,online,A,88.0,Very clean,2,2,0,0,0,1,4.9,2,0,Streaming,https://streamgoblin.com/,2026-08-25T14:31:22+00:00,
syncler.net,online,A,88.0,Very clean,4,2,0,0,0,0,0.0,4,0,Mobile Streaming,https://syncler.net/,2026-09-18T06:42:10+00:00,
tabby.sh,online,A,88.0,Very clean,2,2,0,0,0,1,5.1,1,1,Linux,https://tabby.sh/,2026-09-13T21:45:32+00:00,
vo.odgn.net,online,A,88.0,Very clean,4,2,0,0,0,0,0.0,2,0,Music,https://vo.odgn.net/,2026-09-22T17:49:43+00:00,
we-need-match.ru,online,A,88.0,Very clean,4,2,0,0,0,0,0.0,2,0,Music,https://we-need-match.ru/,2026-09-22T12:53:35+00:00,
wotaku.wiki,online,A,88.0,Very clean,4,2,0,0,0,0,0.0,27,7,Gaming Misc Mobile Music Reading Streaming,https://wotaku.wiki/guides/ext/mihon,2026-09-12T16:31:29+00:00,
www.abandonware-magazines.org,online,A,88.0,Very clean,4,2,0,0,0,0,0.0,2,0,Non-Eng,https://www.abandonware-magazines.org/,2026-09-22T22:28:30+00:00,
www.citemaker.com,online,A,88.0,Very clean,4,2,0,0,0,0,0.0,1,0,Educational,https://www.citemaker.com/,2026-09-25T18:07:54+00:00,
www.cityhop.cafe,online,A,88.0,Very clean,4,2,0,0,0,0,0.0,4,4,Educational Music,https://www.cityhop.cafe/,2026-09-12T16:31:29+00:00,
www.concertarchives.org,online,A,88.0,Very clean,2,2,0,0,0,4,2.0,2,0,Music,https://www.concertarchives.org/,2026-09-18T12:26:05+00:00,
www.cybenetics.com,online,A,88.0,Very clean,2,2,0,0,0,1,4.9,2,0,Misc,https://www.cybenetics.com/index.php?option=psu-performance-database,2026-09-21T14:36:48+00:00,
www.cybercoders.com,online,A,88.0,Very clean,2,2,0,0,0,3,2.9,1,0,Misc,https://www.cybercoders.com/,2026-09-26T12:31:41+00:00,
www.flexboxdefense.com,online,A,88.0,Very clean,1,1,0,0,0,3,12.0,1,0,Educational,http://www.flexboxdefense.com/,2026-09-25T18:07:54+00:00,
www.flowfi.app,online,A,88.0,Very clean,4,2,0,0,0,0,0.0,2,2,Music,https://www.flowfi.app/,2026-09-13T06:49:25+00:00,
www.kaitovault.com,online,A,88.0,Very clean,2,2,0,0,0,2,3.9,2,0,Streaming,https://www.kaitovault.com/,2026-09-24T18:01:53+00:00,
www.mathispower4u.com,online,A,88.0,Very clean,4,2,0,0,0,0,0.0,2,0,Educational,https://www.mathispower4u.com/,2026-09-18T17:16:20+00:00,
www.mgeko.cc,online,A,88.0,Very clean,1,1,1,0,0,1,4.1,2,0,Reading,https://www.mgeko.cc/,2026-09-23T22:29:49+00:00,
www.mixcloud.com,online,A,88.0,Very clean,2,2,0,0,0,6,0.0,3,2,Music,https://www.mixcloud.com/NTSRadio/,2026-09-27T07:08:34+00:00,
www.retroreversing.com,online,A,88.0,Very clean,3,2,0,0,0,2,0.9,2,0,Gaming,https://www.retroreversing.com/source-code/decompiled-retail-console-games,2026-09-19T21:48:19+00:00,
git.news,online,A,88.1,Very clean,1,1,0,0,0,3,11.8,2,0,Misc,https://git.news/,2026-09-20T21:52:34+00:00,
maps.glifwc.org,online,A,88.1,Very clean,1,1,0,0,0,4,10.8,2,0,Misc,https://maps.glifwc.org/,2026-09-21T07:14:22+00:00,
nptel.ac.in,online,A,88.1,Very clean,1,1,0,0,0,1,13.8,2,2,Educational,https://nptel.ac.in/courses,2026-09-12T21:42:32+00:00,
www.antipodesmap.com,online,A,88.1,Very clean,1,1,0,0,0,6,8.8,2,0,Educational,https://www.antipodesmap.com/,2026-08-29T17:26:18+00:00,
www.arcadespace.org,online,A,88.1,Very clean,1,1,0,0,0,3,11.8,2,0,Gaming,https://www.arcadespace.org/,2026-09-20T07:03:23+00:00,
www.focumon.com,online,A,88.1,Very clean,2,2,0,0,0,3,2.8,2,0,Misc,https://www.focumon.com/,2026-09-21T14:36:48+00:00,
www.ielts69.com,online,A,88.1,Very clean,1,1,0,0,0,2,12.8,1,0,Educational,https://www.ielts69.com/,2026-09-25T13:02:00+00:00,
adapter.pl,online,A,88.2,Very clean,2,1,0,0,0,1,10.7,2,0,Non-Eng,https://adapter.pl/,2026-09-23T06:43:24+00:00,
angusnicneven.com,online,A,88.2,Very clean,2,2,0,0,0,3,2.5,2,0,Misc,https://angusnicneven.com/,2026-09-21T22:53:03+00:00,
cineblog01.red,online,A,88.2,Very clean,1,1,0,0,0,2,12.6,1,0,Non-Eng,https://cineblog01.red/,2026-08-28T23:15:50+00:00,
compucalitv.lol,online,A,88.2,Very clean,1,1,1,0,0,1,3.5,2,0,Non-Eng,https://compucalitv.lol/,2026-09-23T13:04:02+00:00,
emmau680.driveraudiencej2zeu49.sbs,online,A,88.2,Very clean,2,1,0,0,0,0,11.6,1,0,Streaming,https://emmau680.driveraudiencej2zeu49.sbs/,2026-09-28T16:00:57+00:00,
ernax.pro,online,A,88.2,Very clean,1,1,0,0,0,1,13.6,2,0,Streaming,https://ernax.pro/,2026-09-24T18:01:53+00:00,
flourish.studio,online,A,88.2,Very clean,3,2,0,0,0,1,1.6,1,0,Storage,https://flourish.studio/,2026-09-28T07:40:47+00:00,
graebor.itch.io,online,A,88.2,Very clean,2,1,0,0,0,0,11.7,2,0,Gaming,https://graebor.itch.io/,2026-09-20T12:42:06+00:00,
hw-museum.cz,online,A,88.2,Very clean,1,1,0,0,0,1,13.7,1,0,Educational,https://hw-museum.cz/,2026-09-08T12:18:11+00:00,
lumotv.co.uk,online,A,88.2,Very clean,2,1,0,0,0,3,8.7,2,0,Educational Streaming,https://lumotv.co.uk/,2026-09-19T16:51:07+00:00,
mockuphone.com,online,A,88.2,Very clean,1,1,0,0,0,5,9.7,1,0,Storage,https://mockuphone.com/,2026-09-27T17:58:51+00:00,
openrct2plugins.org,online,A,88.2,Very clean,2,1,0,0,0,2,9.6,1,1,Gaming,https://openrct2plugins.org/,2026-09-13T21:45:32+00:00,
raylibtech.itch.io,online,A,88.2,Very clean,1,1,0,0,0,1,13.7,1,0,Music,https://raylibtech.itch.io/rfxgen,2026-09-27T07:08:34+00:00,
rocketalert.live,online,A,88.2,Very clean,1,1,0,0,0,1,13.5,1,0,Non-Eng,https://rocketalert.live/,2026-09-27T17:58:51+00:00,
sovietmoviesonline.com,online,A,88.2,Very clean,2,2,0,0,0,1,4.6,2,0,Non-Eng,https://sovietmoviesonline.com/,2026-09-23T13:04:02+00:00,
www.ddizi.vip,online,A,88.2,Very clean,1,1,0,0,0,1,13.7,2,0,Non-Eng,https://www.ddizi.vip/,2026-08-24T14:28:18+00:00,
www.dohadictionary.org,online,A,88.2,Very clean,3,2,0,0,0,2,0.7,2,0,Non-Eng,https://www.dohadictionary.org/,2026-09-22T17:49:43+00:00,
www.gboxlab.com,online,A,88.2,Very clean,2,1,0,0,0,2,9.7,2,0,Mobile,https://www.gboxlab.com/,2026-08-22T19:57:58+00:00,
www.intechopen.com,online,A,88.2,Very clean,2,2,0,0,0,5,0.7,2,0,Reading,https://www.intechopen.com/,2026-09-23T22:29:49+00:00,
www.ls.graphics,online,A,88.2,Very clean,2,2,0,0,0,4,1.7,1,0,Storage,https://www.ls.graphics/,2026-09-27T17:58:51+00:00,
aidungeon.com,online,A,88.3,Very clean,1,1,0,0,0,1,13.3,2,0,Artificial-Intelligence,https://aidungeon.com/,2026-09-18T12:26:05+00:00,
catocr.com,online,A,88.3,Very clean,2,2,0,0,0,3,2.4,2,0,Non-Eng,https://catocr.com/,2026-09-22T17:49:43+00:00,
desicinemas.to,online,A,88.3,Very clean,2,1,0,0,0,2,9.3,2,0,Non-Eng,https://desicinemas.to/,2026-09-23T06:43:24+00:00,
firstview.com,online,A,88.3,Very clean,2,1,0,0,0,4,7.3,2,0,Misc,https://firstview.com/,2026-09-20T21:52:34+00:00,
fsharetv.co,online,A,88.3,Very clean,2,1,0,0,0,2,9.3,2,0,Streaming,https://fsharetv.co/,2026-09-24T18:01:53+00:00,
kisskh.id,online,A,88.3,Very clean,2,2,0,0,0,2,3.3,1,0,Streaming,https://kisskh.id/,2026-09-28T16:00:57+00:00,
learngitbranching.js.org,online,A,88.3,Very clean,1,1,0,0,0,2,12.4,2,0,Educational,https://learngitbranching.js.org/,2026-09-19T16:51:07+00:00,
liteapks.com,online,A,88.3,Very clean,1,1,0,0,0,1,13.4,3,0,Mobile,https://liteapks.com/,2026-09-18T12:26:05+00:00,
sidequestvr.com,online,A,88.3,Very clean,2,1,1,0,0,1,0.3,2,0,Gaming,https://sidequestvr.com/,2026-09-19T21:48:19+00:00,
www.unify.fm,online,A,88.3,Very clean,1,1,0,0,0,1,13.4,2,0,Music,https://www.unify.fm/,2026-09-27T07:08:34+00:00,
isitphishing.org,online,A,88.4,Very clean,1,1,0,0,0,1,13.2,1,0,Adblock,https://isitphishing.org/,2026-09-25T06:39:48+00:00,
minato-jf.jp,online,A,88.4,Very clean,2,1,0,0,0,6,5.2,2,0,Educational,https://minato-jf.jp/,2026-09-19T16:51:07+00:00,
ng-tech.icu,online,A,88.4,Very clean,2,2,0,0,0,2,3.2,2,0,Non-Eng,https://ng-tech.icu/,2026-09-22T22:28:30+00:00,
openscrobbler.com,online,A,88.4,Very clean,1,1,0,0,0,3,11.2,2,2,Music,https://openscrobbler.com/,2026-09-13T06:49:25+00:00,
scratch.mit.edu,online,A,88.4,Very clean,2,1,0,0,0,2,9.2,2,0,Educational,https://scratch.mit.edu/,2026-09-19T16:51:07+00:00,
wenomad.so,online,A,88.4,Very clean,1,1,0,0,0,1,13.2,2,0,Misc,https://wenomad.so/,2026-09-21T14:36:48+00:00,
www.brew.fm,online,A,88.4,Very clean,1,1,0,0,0,3,11.2,1,1,Music,https://www.brew.fm/,2026-09-17T17:47:40+00:00,
www.fragrantica.com,online,A,88.4,Very clean,2,2,0,0,0,1,4.2,2,2,Misc,https://www.fragrantica.com/,2026-09-13T06:49:25+00:00,
www.iyf.tv,online,A,88.4,Very clean,2,2,0,0,0,2,3.2,2,0,Non-Eng,https://www.iyf.tv/,2026-09-22T22:28:30+00:00,
youshows.org,online,A,88.4,Very clean,1,1,0,0,0,2,12.2,1,1,Streaming,https://youshows.org/,2026-09-17T22:29:32+00:00,
4khdhub.one,online,A,88.5,Very clean,2,2,0,0,0,1,4.1,2,0,Streaming,https://4khdhub.one/,2026-09-09T12:30:35+00:00,
9animstv.to,online,A,88.5,Very clean,1,1,0,0,0,1,12.9,2,0,Streaming,https://9animstv.to/,2026-09-04T12:16:28+00:00,
chorcha.net,online,A,88.5,Very clean,2,2,0,0,0,3,1.9,2,0,Non-Eng,https://chorcha.net/,2026-09-22T17:49:43+00:00,
corca.app,online,A,88.5,Very clean,2,2,0,0,0,2,3.0,1,0,Educational,https://corca.app/,2026-09-25T06:39:48+00:00,
eunoia.world,online,A,88.5,Very clean,1,1,0,0,0,1,12.9,2,0,Educational,https://eunoia.world/,2026-09-19T21:48:19+00:00,
forum.agoraroad.com,online,A,88.5,Very clean,2,2,0,0,0,2,2.9,1,1,Misc,https://forum.agoraroad.com/,2026-09-17T17:47:40+00:00,
glyph.today,online,A,88.5,Very clean,1,1,0,0,0,2,11.9,2,0,Gaming,https://glyph.today/,2026-09-20T07:03:23+00:00,
hoy.tv,online,A,88.5,Very clean,2,2,0,0,0,3,2.0,2,0,Non-Eng,https://hoy.tv/,2026-09-22T22:28:30+00:00,
identi.io,online,A,88.5,Very clean,1,1,0,0,0,1,12.9,2,0,Non-Eng,https://identi.io/,2026-09-23T13:04:02+00:00,
kisskh.is,online,A,88.5,Very clean,2,2,0,0,0,2,3.1,1,0,Streaming,https://kisskh.is/,2026-09-28T16:00:57+00:00,
line-of-action.com,online,A,88.5,Very clean,2,2,0,0,0,0,5.1,2,0,Educational,https://line-of-action.com/,2026-09-19T12:07:10+00:00,
m440.in,online,A,88.5,Very clean,1,1,0,0,0,3,10.9,2,0,Non-Eng,https://m440.in/,2026-09-25T13:02:00+00:00,
marmof.com,online,A,88.5,Very clean,1,1,1,0,0,0,4.0,2,0,Misc,https://marmof.com/,2026-09-21T07:14:22+00:00,
masterwiki.how,online,A,88.5,Very clean,1,1,0,0,0,5,9.0,2,0,Educational,https://masterwiki.how/,2026-09-18T17:16:20+00:00,
steamunderground.net,online,A,88.5,Very clean,3,1,0,0,0,2,6.1,2,2,Gaming,https://steamunderground.net/,2026-09-12T21:42:32+00:00,
touchpianist.com,online,A,88.5,Very clean,1,1,0,0,0,7,6.9,2,0,Misc,http://touchpianist.com/,2026-09-21T22:53:03+00:00,
trackid.net,online,A,88.5,Very clean,1,1,0,0,0,1,13.1,2,0,Music,https://trackid.net/,2026-09-22T17:49:43+00:00,
unogs.com,online,A,88.5,Very clean,2,1,0,0,0,1,10.1,1,0,Streaming,https://unogs.com/,2026-09-28T16:00:57+00:00,
useanko.xyz,online,A,88.5,Very clean,1,1,0,0,0,1,13.1,2,0,Gaming,https://useanko.xyz/,2026-09-03T12:16:01+00:00,
visuwords.com,online,A,88.5,Very clean,1,1,0,0,0,1,13.1,1,0,Educational,https://visuwords.com/,2026-09-25T18:07:54+00:00,
www.chineseskill.com,online,A,88.5,Very clean,1,1,0,0,0,2,12.1,1,0,Educational,https://www.chineseskill.com/,2026-09-25T13:02:00+00:00,
www.constituteproject.org,online,A,88.5,Very clean,1,1,0,0,0,1,13.0,2,0,Reading,https://www.constituteproject.org/,2026-09-24T06:47:05+00:00,
www.merlot.org,online,A,88.5,Very clean,1,1,1,0,0,1,3.1,1,1,Educational,https://www.merlot.org/merlot/index.htm,2026-09-13T21:45:32+00:00,
www.omofuns.com,online,A,88.5,Very clean,2,2,0,0,0,1,4.1,2,0,Non-Eng,https://www.omofuns.com/,2026-09-03T12:16:01+00:00,
www.riseshot.com,online,A,88.5,Very clean,1,1,0,0,0,1,13.0,1,0,Storage,https://www.riseshot.com/,2026-09-27T17:58:51+00:00,
www.yfanefa.com,online,A,88.5,Very clean,2,2,0,0,0,4,1.1,2,0,Streaming,https://www.yfanefa.com/,2026-09-24T18:01:53+00:00,
x6ud.github.io,online,A,88.5,Very clean,2,1,0,0,0,2,9.0,2,0,Educational,https://x6ud.github.io/#/,2026-09-19T12:07:10+00:00,
experience.odyssey.ml,online,A,88.6,Very clean,1,1,0,0,0,8,5.8,2,0,Misc,https://experience.odyssey.ml/,2026-09-21T22:53:03+00:00,
kodiapps.com,online,A,88.6,Very clean,1,1,0,0,0,1,12.8,2,2,Mobile,https://kodiapps.com/addons-chart,2026-09-13T06:49:25+00:00,
stars.chromeexperiments.com,online,A,88.6,Very clean,2,1,0,0,0,2,8.8,1,0,Educational,https://stars.chromeexperiments.com/,2026-09-25T13:02:00+00:00,
tuoverse.com,online,A,88.6,Very clean,1,1,0,0,0,7,6.8,2,0,Non-Eng,https://tuoverse.com/,2026-09-22T22:28:30+00:00,
whydocatsanddogs.visualcinnamon.com,online,A,88.6,Very clean,1,1,0,0,0,3,10.8,2,0,Misc,https://whydocatsanddogs.visualcinnamon.com/,2026-09-21T14:36:48+00:00,
animed23.com,online,A,88.7,Very clean,1,1,0,0,0,1,12.7,2,0,Non-Eng,https://animed23.com/,2026-09-25T13:02:00+00:00,
codepen.io,online,A,88.7,Very clean,2,1,1,0,0,0,0.7,13,0,Educational Misc,https://codepen.io/neave,2026-09-17T22:29:32+00:00,
en-roads.climateinteractive.org,online,A,88.7,Very clean,1,1,0,0,0,1,12.7,2,0,Educational,https://en-roads.climateinteractive.org/scenario.html,2026-09-19T12:07:10+00:00,
expertisefinder.com,online,A,88.7,Very clean,2,1,0,0,0,2,8.7,1,0,Educational,https://expertisefinder.com/,2026-09-25T18:07:54+00:00,
tvatlas.app,online,A,88.7,Very clean,1,1,0,0,0,5,8.7,2,0,Streaming,https://tvatlas.app/,2026-09-18T06:42:10+00:00,
www.fondsound.com,online,A,88.7,Very clean,2,2,0,0,0,1,3.6,2,0,Music,https://www.fondsound.com/,2026-09-22T12:53:35+00:00,
www.fsi-language-courses.org,online,A,88.7,Very clean,1,1,0,0,0,1,12.6,1,0,Educational,https://www.fsi-language-courses.org/,2026-09-25T13:02:00+00:00,
www.penfight.xyz,online,A,88.7,Very clean,1,1,0,0,0,4,9.6,2,0,Gaming,https://www.penfight.xyz/,2026-09-20T12:42:06+00:00,
www.retromags.com,online,A,88.7,Very clean,2,2,0,0,0,3,1.6,2,0,Reading,https://www.retromags.com/,2026-09-23T22:29:49+00:00,
bombozila.com,online,A,88.8,Very clean,2,2,0,0,0,1,3.4,2,0,Non-Eng,https://bombozila.com,2026-09-23T06:43:24+00:00,
chronodivide.com,online,A,88.8,Very clean,2,2,0,0,0,1,3.3,2,0,Gaming,https://chronodivide.com/,2026-09-19T21:48:19+00:00,
egydead.skin,online,A,88.8,Very clean,1,1,0,0,0,1,12.3,4,0,Non-Eng,https://egydead.skin/,2026-09-18T06:42:10+00:00,
pixverse.ai,online,A,88.8,Very clean,3,2,0,0,0,1,0.3,2,0,Artificial-Intelligence,https://pixverse.ai/,2026-09-18T12:26:05+00:00,
ruverses.com,online,A,88.8,Very clean,2,2,0,0,0,1,3.4,2,0,Reading,https://ruverses.com/,2026-09-24T06:47:05+00:00,
sphinxanime.com,online,A,88.8,Very clean,2,1,0,0,0,2,8.5,2,0,Non-Eng,https://sphinxanime.com/,2026-09-23T13:04:02+00:00,
vads.ac.uk,online,A,88.8,Very clean,2,1,0,0,0,4,6.4,2,2,Storage,https://vads.ac.uk/digital/,2026-09-13T12:54:24+00:00,
www.ovagames.com,online,A,88.8,Very clean,1,1,0,0,0,2,11.3,2,2,Gaming,https://www.ovagames.com/,2026-09-12T21:42:32+00:00,
www.shortoftheweek.com,online,A,88.8,Very clean,2,2,0,0,0,1,3.3,1,1,Streaming,https://www.shortoftheweek.com/,2026-09-17T22:29:32+00:00,
www.sketchappsources.com,online,A,88.8,Very clean,2,2,0,0,0,3,1.5,1,0,Storage,https://www.sketchappsources.com/,2026-08-28T23:15:50+00:00,
www.titrari.ro,online,A,88.8,Very clean,1,1,0,0,0,3,10.3,1,0,Non-Eng,https://www.titrari.ro/,2026-09-27T17:58:51+00:00,
www.wuxiaspot.com,online,A,88.8,Very clean,1,1,0,0,0,1,12.4,2,0,Reading,https://www.wuxiaspot.com/,2026-09-23T22:29:49+00:00,
dawarich.app,online,A,88.9,Very clean,2,2,0,0,0,0,4.2,2,0,Misc,https://dawarich.app/,2026-09-20T21:52:34+00:00,
ocecomic.com,online,A,88.9,Very clean,1,1,0,0,0,1,12.2,2,0,Reading,https://ocecomic.com/,2026-09-23T22:29:49+00:00,
rolepad.com,online,A,88.9,Very clean,1,1,0,0,0,1,12.2,2,0,Misc,https://rolepad.com/,2026-09-21T14:36:48+00:00,
www.worldfloraonline.org,online,A,88.9,Very clean,1,1,0,0,0,1,12.2,2,0,Educational,https://www.worldfloraonline.org/,2026-09-19T06:40:29+00:00,
allmanga.to,online,A,89.0,Very clean,1,1,0,0,0,1,12.1,3,1,Reading Streaming,https://allmanga.to/,2026-09-13T17:06:33+00:00,
bulma.io,online,A,89.0,Very clean,2,1,1,0,0,0,0.0,1,1,Storage,https://bulma.io/,2026-08-18T18:32:04+00:00,
kushview.net,online,A,89.0,Very clean,1,1,0,0,0,1,12.0,2,0,Music,https://kushview.net/element/,2026-09-22T17:49:43+00:00,
languagedrops.com,online,A,89.0,Very clean,3,1,0,0,0,3,4.0,2,0,Educational,https://languagedrops.com/,2026-09-19T12:07:10+00:00,
marketfiyati.org.tr,online,A,89.0,Very clean,1,1,0,0,0,6,7.1,2,0,Non-Eng,https://marketfiyati.org.tr/,2026-09-23T18:01:31+00:00,
mp3db.pro,online,A,89.0,Very clean,1,1,0,0,0,3,10.1,2,0,Music,https://mp3db.pro/,2026-09-22T12:53:35+00:00,
readwok.com,online,A,89.0,Very clean,2,1,0,0,0,4,6.1,2,0,Reading,https://readwok.com/,2026-09-23T18:01:31+00:00,
refooty.com,online,A,89.0,Very clean,1,1,0,0,0,1,12.0,2,0,Streaming,https://refooty.com/,2026-09-24T22:46:15+00:00,
so.11klasov.net,online,A,89.0,Very clean,3,2,0,0,0,1,0.0,2,0,Non-Eng,https://so.11klasov.net/,2026-09-24T12:57:21+00:00,
vcalc.com,online,A,89.0,Very clean,1,1,0,0,0,1,11.9,2,0,Educational,https://vcalc.com/,2026-09-19T21:48:19+00:00,
wtf.deals,online,A,89.0,Very clean,1,1,0,0,0,1,12.1,1,1,Misc,https://wtf.deals/,2026-09-17T17:47:40+00:00,
www.classicgames.me,online,A,89.0,Very clean,1,1,0,0,0,1,11.9,2,0,Gaming,https://www.classicgames.me/,2026-09-20T07:03:23+00:00,
www.cpre.org.uk,online,A,89.0,Very clean,1,1,0,0,0,3,9.9,2,0,Misc,https://www.cpre.org.uk/light-pollution-dark-skies-map/,2026-09-21T07:14:22+00:00,
www.freemindfulness.org,online,A,89.0,Very clean,1,1,0,0,0,1,11.9,2,0,Misc,https://www.freemindfulness.org/download,2026-09-02T12:18:10+00:00,
www.gokuhd.com,online,A,89.0,Very clean,1,1,0,0,0,1,11.9,2,0,Non-Eng,https://www.gokuhd.com/,2026-09-23T06:43:24+00:00,
www.linphone.org,online,A,89.0,Very clean,2,2,0,0,0,4,0.0,2,0,Adblock,https://www.linphone.org/,2026-09-18T12:26:05+00:00,
www.mcelroytutoring.com,online,A,89.0,Very clean,1,1,0,0,0,3,10.0,2,0,Educational,https://www.mcelroytutoring.com/lower.php?url=44-official-sat-pdfs-and-82-official-act-pdf-practice-tests-free,2026-09-19T21:48:19+00:00,
www.openingtree.com,online,A,89.0,Very clean,1,1,0,0,0,1,11.9,2,2,Educational,https://www.openingtree.com/,2026-09-19T12:07:10+00:00,
www.rowlhouse.co.uk,online,A,89.0,Very clean,2,2,0,0,0,4,0.0,1,0,Educational,https://www.rowlhouse.co.uk/PicaSim/,2026-09-25T13:02:00+00:00,
css-challenges.com,online,A,89.1,Very clean,2,2,0,0,0,1,2.8,1,0,Educational,https://css-challenges.com/,2026-09-25T18:07:54+00:00,
fashionhistory.fitnyc.edu,online,A,89.1,Very clean,2,2,0,0,0,1,2.8,4,0,Educational Misc,https://fashionhistory.fitnyc.edu/,2026-09-17T22:29:32+00:00,
heartivelovestv.pages.dev,online,A,89.1,Very clean,1,1,0,0,0,1,11.8,4,0,Streaming,https://heartivelovestv.pages.dev/,2026-09-21T14:36:48+00:00,
toptracker.ru,online,A,89.1,Very clean,2,1,0,0,0,1,8.8,2,0,Non-Eng,https://toptracker.ru/,2026-09-23T13:04:02+00:00,
w140.zona.plus,online,A,89.1,Very clean,1,1,0,0,0,5,7.8,2,0,Non-Eng,https://w140.zona.plus/,2026-09-23T13:04:02+00:00,
anime.nexus,online,A,89.2,Very clean,1,1,0,0,0,1,11.5,2,0,Streaming,https://anime.nexus/,2026-09-24T18:01:53+00:00,
atlas.hks.harvard.edu,online,A,89.2,Very clean,1,1,0,0,0,8,4.6,2,2,Educational,https://atlas.hks.harvard.edu/,2026-09-12T21:42:32+00:00,
chinesenotes.com,online,A,89.2,Very clean,1,1,0,0,0,1,11.5,1,0,Non-Eng,https://chinesenotes.com/,2026-09-27T17:58:51+00:00,
codingfantasy.com,online,A,89.2,Very clean,1,1,0,0,0,3,9.7,1,0,Educational,https://codingfantasy.com/,2026-09-25T18:07:54+00:00,
fable.co,online,A,89.2,Very clean,1,1,0,0,0,8,4.5,2,0,Mobile,https://fable.co/,2026-09-22T06:49:41+00:00,
ip.ontivi.net,online,A,89.2,Very clean,1,1,0,0,0,1,11.5,2,0,Non-Eng,https://ip.ontivi.net/,2026-09-23T13:04:02+00:00,
iptvplayer.stream,online,A,89.2,Very clean,1,1,0,0,0,1,11.7,2,0,Streaming,https://iptvplayer.stream/,2026-09-24T22:46:15+00:00,
kisskh.ovh,online,A,89.2,Very clean,2,2,0,0,0,2,1.7,2,0,Streaming,https://kisskh.ovh/,2026-09-24T18:01:53+00:00,
kokotv.me,online,A,89.2,Very clean,2,2,0,0,0,2,1.7,2,0,Non-Eng,https://kokotv.me/,2026-09-22T22:28:30+00:00,
live.xweather.com,online,A,89.2,Very clean,2,1,0,0,0,2,7.5,1,1,Misc,https://live.xweather.com/,2026-09-13T21:45:32+00:00,
middle-earth-interactive-map.web.app,online,A,89.2,Very clean,1,1,0,0,0,1,11.6,2,0,Misc,https://middle-earth-interactive-map.web.app/,2026-09-21T22:53:03+00:00,
onlinetools.com,online,A,89.2,Very clean,1,1,0,0,0,1,11.7,2,0,Misc,https://onlinetools.com/,2026-09-21T14:36:48+00:00,
starship.rs,online,A,89.2,Very clean,1,1,0,0,0,1,11.6,2,0,Linux,https://starship.rs/,2026-09-20T17:01:41+00:00,
tubevault.app,online,A,89.2,Very clean,1,1,0,0,0,1,11.6,2,0,Educational,https://tubevault.app/,2026-09-19T06:40:29+00:00,
webdramaturkey2.com,online,A,89.2,Very clean,2,2,0,0,0,1,2.6,2,0,Non-Eng,https://webdramaturkey2.com/,2026-09-23T18:01:31+00:00,
www.emuready.com,online,A,89.2,Very clean,1,1,0,0,0,4,8.5,4,0,Misc Mobile,https://www.emuready.com/,2026-09-18T06:42:10+00:00,
www.macroinvertebrates.org,online,A,89.2,Very clean,2,2,0,0,0,1,2.6,2,0,Educational,https://www.macroinvertebrates.org/,2026-09-19T06:40:29+00:00,
www.mapillary.com,online,A,89.2,Very clean,2,1,0,0,0,2,7.5,2,0,Misc,https://www.mapillary.com/,2026-09-21T07:14:22+00:00,
www.nand2tetris.org,online,A,89.2,Very clean,1,1,0,0,0,1,11.6,2,0,Educational,https://www.nand2tetris.org/course,2026-09-19T16:51:07+00:00,
www.techgearlab.com,online,A,89.2,Very clean,1,1,0,0,0,1,11.6,2,0,Misc,https://www.techgearlab.com/,2026-09-13T21:45:32+00:00,
yifymovies.xyz,online,A,89.2,Very clean,1,1,0,0,0,3,9.7,1,0,Streaming,https://yifymovies.xyz/,2026-09-28T16:00:57+00:00,
dlxbgame.com,online,A,89.3,Very clean,1,1,0,0,0,3,9.4,2,0,Gaming,https://dlxbgame.com/,2026-09-20T07:03:23+00:00,
filmpolski.pl,online,A,89.3,Very clean,1,1,0,0,0,3,9.4,4,0,Non-Eng Streaming,https://filmpolski.pl/fp/index.php,2026-09-18T06:42:10+00:00,
iranwarmap.com,online,A,89.3,Very clean,1,1,0,0,0,3,9.4,1,1,Misc,https://iranwarmap.com/,2026-09-13T21:45:32+00:00,
littlewargame.com,online,A,89.3,Very clean,1,1,0,0,0,1,11.4,2,0,Gaming,https://littlewargame.com/,2026-09-20T12:42:06+00:00,
mizumath.com,online,A,89.3,Very clean,2,2,0,0,0,2,1.3,2,2,Gaming,https://mizumath.com/study.html,2026-09-17T17:47:40+00:00,
movielens.org,online,A,89.3,Very clean,2,1,0,0,0,2,7.4,2,0,Streaming,https://movielens.org/,2026-09-24T22:46:15+00:00,
secret-hitler.online,online,A,89.3,Very clean,1,1,0,0,0,3,9.3,2,0,Gaming,https://secret-hitler.online/,2026-09-20T12:42:06+00:00,
sonastik.ead.ee,online,A,89.3,Very clean,2,2,0,0,0,3,0.4,2,0,Educational,https://sonastik.ead.ee/rahvusvaheline/en,2026-09-19T16:51:07+00:00,
toonworld4all.me,online,A,89.3,Very clean,2,1,0,0,0,2,7.3,2,2,Non-Eng,https://toonworld4all.me/,2026-09-13T12:54:24+00:00,
voicevox.hiroshiba.jp,online,A,89.3,Very clean,2,2,0,0,0,1,2.3,2,0,Non-Eng,https://voicevox.hiroshiba.jp/,2026-09-23T06:43:24+00:00,
www.geometas.com,online,A,89.3,Very clean,1,1,0,0,0,1,11.3,1,1,Gaming,https://www.geometas.com/,2026-09-13T21:45:32+00:00,
aether.cx,online,A,89.4,Very clean,1,1,0,0,0,2,10.2,4,1,Non-Eng Streaming,https://aether.cx/,2026-09-13T17:06:33+00:00,
romsim.net,online,A,89.4,Very clean,2,1,0,0,0,2,7.2,2,0,Gaming,https://romsim.net/,2026-09-20T07:03:23+00:00,
rpubs.com,online,A,89.4,Very clean,1,1,0,0,0,1,11.2,2,0,Reading,https://rpubs.com/,2026-09-24T06:47:05+00:00,
televizor24.tv,online,A,89.4,Very clean,1,1,0,0,0,3,9.2,2,0,Non-Eng,https://televizor24.tv/tv/,2026-09-24T12:57:21+00:00,
vis-ro.web.app,online,A,89.4,Very clean,1,1,0,0,0,9,3.2,2,0,Educational,https://vis-ro.web.app,2026-08-19T14:24:21+00:00,
321movies.xyz,online,A,89.5,Very clean,1,1,0,0,0,1,11.0,2,0,Streaming,https://321movies.xyz/,2026-09-24T18:01:53+00:00,
animatedengines.com,online,A,89.5,Very clean,1,1,1,0,0,2,0.0,2,0,Educational,https://animatedengines.com/,2026-09-18T17:16:20+00:00,
app.electricitymaps.com,online,A,89.5,Very clean,1,1,0,0,0,3,9.0,2,0,Misc,https://app.electricitymaps.com/map,2026-09-21T07:14:22+00:00,
app.rawgraphs.io,online,A,89.5,Very clean,1,1,0,0,0,1,11.0,2,2,Storage,https://app.rawgraphs.io/,2026-09-13T12:54:24+00:00,
av1core.pages.dev,online,A,89.5,Very clean,1,1,0,0,0,1,10.9,2,0,Streaming,https://av1core.pages.dev/,2026-09-06T11:45:58+00:00,
crisanimex.com,online,A,89.5,Very clean,2,1,0,0,0,3,5.9,2,0,Non-Eng,https://crisanimex.com/,2026-09-23T13:04:02+00:00,
cubeflix.pages.dev,online,A,89.5,Very clean,1,1,0,0,0,2,10.1,1,0,Streaming,https://cubeflix.pages.dev/,2026-08-29T08:22:00+00:00,
duanjuhk.com,online,A,89.5,Very clean,1,1,0,0,0,6,6.1,2,0,Non-Eng,https://duanjuhk.com/,2026-09-22T22:28:30+00:00,
hdmovieshub.fyi,online,A,89.5,Very clean,1,1,0,0,0,1,11.0,2,0,Streaming,https://hdmovieshub.fyi/,2026-09-24T22:46:15+00:00,
heavenmanga.com,online,A,89.5,Very clean,0,0,2,0,0,1,0.0,2,0,Non-Eng,https://heavenmanga.com/,2026-09-23T18:01:31+00:00,
histography.io,online,A,89.5,Very clean,1,1,0,0,0,3,9.0,2,2,Educational,https://histography.io/,2026-09-12T21:42:32+00:00,
js.org,online,A,89.5,Very clean,4,1,0,0,0,0,3.0,1,0,Storage,https://js.org/,2026-09-28T07:40:47+00:00,
kisskh.or.at,online,A,89.5,Very clean,1,1,0,0,0,1,11.0,1,0,Streaming,https://kisskh.or.at/,2026-09-10T12:24:16+00:00,
lex-books.com,online,A,89.5,Very clean,3,2,0,0,0,0,0.1,2,1,Reading,https://lex-books.com/,2026-09-13T17:06:33+00:00,
likemanga.in,online,A,89.5,Very clean,1,1,0,0,0,1,11.1,2,0,Reading,https://likemanga.in/,2026-08-24T20:05:00+00:00,
mirknig.su,online,A,89.5,Very clean,2,1,0,0,0,9,0.0,2,0,Non-Eng,https://mirknig.su/,2026-09-23T13:04:02+00:00,
new39.ngefilm.site,online,A,89.5,Very clean,2,1,0,0,0,4,5.1,2,0,Non-Eng,https://new39.ngefilm.site/,2026-09-24T12:57:21+00:00,
nosh.tech,online,A,89.5,Very clean,2,1,0,0,0,2,7.1,2,0,Misc,https://nosh.tech/,2026-09-21T07:14:22+00:00,
openwhyd.org,online,A,89.5,Very clean,1,1,0,0,0,3,8.9,2,0,Music,https://openwhyd.org/,2026-09-22T06:49:41+00:00,
page.kakao.com,online,A,89.5,Very clean,2,2,0,0,0,2,1.0,2,0,Non-Eng,https://page.kakao.com/,2026-09-23T06:43:24+00:00,
picclick.com,online,A,89.5,Very clean,1,1,0,0,0,2,10.0,2,0,Misc,https://picclick.com/,2026-09-21T14:36:48+00:00,
planete-bd.org,online,A,89.5,Very clean,1,1,0,0,0,3,9.0,2,0,Non-Eng,https://planete-bd.org/,2026-09-22T22:28:30+00:00,
popwatch.cc,online,A,89.5,Very clean,3,2,0,0,0,0,0.0,1,0,Streaming,https://popwatch.cc/,2026-09-04T12:16:28+00:00,
popwatch.to,online,A,89.5,Very clean,3,2,0,0,0,0,0.0,2,0,Streaming,https://popwatch.to/,2026-09-04T12:16:28+00:00,
sfbgames.itch.io,online,A,89.5,Very clean,1,1,0,0,0,0,12.0,1,0,Music,https://sfbgames.itch.io/chiptone,2026-09-27T07:08:34+00:00,
shows.st,online,A,89.5,Very clean,3,2,0,0,0,0,0.0,1,1,Streaming,https://shows.st/,2026-08-18T18:32:04+00:00,
tubitv.com,online,A,89.5,Very clean,2,2,0,0,0,2,1.1,4,2,Non-Eng Streaming,https://tubitv.com,2026-09-12T16:31:29+00:00,
tvnow247.top,online,A,89.5,Very clean,3,2,0,0,0,0,0.1,2,0,Streaming,https://tvnow247.top/,2026-09-10T12:24:16+00:00,
uaserials.my,online,A,89.5,Very clean,1,1,0,0,0,1,11.0,2,0,Non-Eng,https://uaserials.my/,2026-09-10T12:24:16+00:00,
unchartify.com,online,A,89.5,Very clean,1,1,0,0,0,3,8.9,1,0,Music,https://unchartify.com/,2026-09-27T07:08:34+00:00,
www.1tube.org,online,A,89.5,Very clean,3,2,0,0,0,0,0.0,6,1,Non-Eng Streaming,https://www.1tube.org/,2026-09-13T17:06:33+00:00,
www.cinecalidad.ec,online,A,89.5,Very clean,1,1,0,0,0,3,8.9,2,0,Non-Eng,https://www.cinecalidad.ec/,2026-09-23T13:04:02+00:00,
www.goodtoon003.com,online,A,89.5,Very clean,2,2,0,0,0,1,1.9,2,0,Non-Eng,https://www.goodtoon003.com/,2026-09-10T12:24:16+00:00,
www.idmdiscovery.com,online,A,89.5,Very clean,2,2,0,0,0,3,0.0,2,0,Music,https://www.idmdiscovery.com/,2026-09-22T17:49:43+00:00,
www.mangaworld.mx,online,A,89.5,Very clean,1,1,1,0,0,1,1.1,2,0,Non-Eng,https://www.mangaworld.mx/,2026-09-23T06:43:24+00:00,
www.pteros.com,online,A,89.5,Very clean,1,1,0,0,0,1,11.1,2,0,Educational,https://www.pteros.com/,2026-09-19T06:40:29+00:00,
www.thedarkmod.com,online,A,89.5,Very clean,3,2,0,0,0,0,0.0,3,0,Gaming,https://www.thedarkmod.com/,2026-09-18T12:26:05+00:00,
yarg.in,online,A,89.5,Very clean,2,2,0,0,0,3,0.0,2,0,Gaming,https://yarg.in/,2026-09-20T07:03:23+00:00,
yourlogicalfallacyis.com,online,A,89.5,Very clean,1,1,0,0,0,7,5.0,1,0,Educational,https://yourlogicalfallacyis.com/,2026-09-25T13:02:00+00:00,
zeigames.com,online,A,89.5,Very clean,1,1,0,0,0,1,10.9,2,2,Gaming,https://zeigames.com/,2026-09-12T21:42:32+00:00,
dinosaurpictures.org,online,A,89.6,Very clean,1,1,0,0,0,3,8.8,2,0,Misc,https://dinosaurpictures.org/ancient-earth,2026-09-21T07:14:22+00:00,
elicit.com,online,A,89.6,Very clean,2,2,0,0,0,1,1.8,3,0,Artificial-Intelligence Educational,https://elicit.com/,2026-09-18T06:42:10+00:00,
iaradio.eu,online,A,89.6,Very clean,1,1,0,0,0,1,10.8,2,0,Misc,https://iaradio.eu/,2026-09-21T22:53:03+00:00,
museumoffailure.com,online,A,89.6,Very clean,2,2,0,0,0,2,0.8,2,0,Misc,https://museumoffailure.com/,2026-09-21T22:53:03+00:00,
rammb-slider.cira.colostate.edu,online,A,89.6,Very clean,3,1,0,0,0,2,3.8,1,1,Educational,https://rammb-slider.cira.colostate.edu/,2026-09-13T17:06:33+00:00,
uaserials.pro,online,A,89.6,Very clean,1,1,0,0,0,1,10.8,2,0,Non-Eng,https://uaserials.pro/,2026-08-24T14:28:18+00:00,
www.nasa.gov,online,A,89.6,Very clean,3,1,0,0,0,3,2.8,8,4,Educational,https://www.nasa.gov/,2026-09-12T16:31:29+00:00,
dynu.com,online,A,89.7,Very clean,1,1,0,0,0,1,10.6,1,0,Storage,https://dynu.com/,2026-09-28T07:40:47+00:00,
kinobase.org,online,A,89.7,Very clean,1,1,0,0,0,1,10.6,2,0,Non-Eng,https://kinobase.org/,2026-09-23T13:04:02+00:00,
kisskh.red,online,A,89.7,Very clean,1,1,0,0,0,1,10.7,1,0,Streaming,https://kisskh.red/,2026-08-29T08:22:00+00:00,
littlealchemy2.com,online,A,89.7,Very clean,1,1,0,0,0,3,8.6,1,1,Gaming,https://littlealchemy2.com/,2026-09-13T21:45:32+00:00,
octavestreaming.com,online,A,89.7,Very clean,2,2,0,0,0,0,2.7,2,2,Music,https://octavestreaming.com/,2026-09-26T12:31:41+00:00,
opensecuritytraining.info,online,A,89.7,Very clean,2,1,0,0,0,2,6.6,1,0,Educational,https://opensecuritytraining.info/,2026-09-25T18:07:54+00:00,
python.datasciencebook.ca,online,A,89.7,Very clean,1,1,0,0,0,1,10.7,1,0,Educational,https://python.datasciencebook.ca/,2026-09-20T12:42:06+00:00,
topostext.org,online,A,89.7,Very clean,2,1,0,0,0,2,6.6,2,0,Reading,https://topostext.org/,2026-09-23T22:29:49+00:00,
transmute.sh,online,A,89.7,Very clean,2,2,0,0,0,1,1.7,1,0,Linux,https://transmute.sh/,2026-09-25T22:52:29+00:00,
www.boardgame-online.com,online,A,89.7,Very clean,1,1,0,0,0,1,10.7,2,0,Gaming,https://www.boardgame-online.com/,2026-09-20T07:03:23+00:00,
www.genymotion.com,online,A,89.7,Very clean,1,1,0,0,0,0,11.7,5,0,Linux Mobile,https://www.genymotion.com/download/,2026-09-17T22:29:32+00:00,
www.manhuagui.com,online,A,89.7,Very clean,1,1,0,0,0,1,10.6,2,0,Non-Eng,https://www.manhuagui.com/,2026-09-22T22:28:30+00:00,
www.williamkage.com,online,A,89.7,Very clean,1,1,0,0,0,1,10.6,2,0,Music,https://www.williamkage.com/snes_soundfonts/,2026-09-22T17:49:43+00:00,
animeav1.com,online,A,89.8,Very clean,1,1,0,0,0,1,10.4,2,0,Non-Eng,https://animeav1.com/,2026-09-23T18:01:31+00:00,
arena.ai,online,A,89.8,Very clean,1,1,0,0,0,2,9.3,15,2,Artificial-Intelligence,https://arena.ai/text/direct,2026-09-12T16:31:29+00:00,
bashly.dev,online,A,89.8,Very clean,1,1,0,0,0,1,10.5,1,0,Linux,https://bashly.dev/,2026-09-25T22:52:29+00:00,
cinema.com.ph,online,A,89.8,Very clean,1,1,0,0,0,1,10.3,2,0,Non-Eng,https://cinema.com.ph,2026-09-22T22:28:30+00:00,
coveragemap.com,online,A,89.8,Very clean,1,1,0,0,0,1,10.3,2,0,Misc,https://coveragemap.com/,2026-09-21T07:14:22+00:00,
cubeflix.org,online,A,89.8,Very clean,1,1,0,0,0,1,10.3,2,0,Streaming,https://cubeflix.org/discover,2026-08-25T08:25:42+00:00,
filmdilemma.com,online,A,89.8,Very clean,1,1,0,0,0,6,5.4,2,0,Streaming,https://filmdilemma.com/,2026-09-26T12:31:41+00:00,
lifearchitect.ai,online,A,89.8,Very clean,1,1,0,0,0,2,9.5,1,1,Artificial-Intelligence,https://lifearchitect.ai/models-table/,2026-09-13T17:06:33+00:00,
live.domatv.net,online,A,89.8,Very clean,1,1,0,0,0,1,10.4,2,0,Non-Eng,http://live.domatv.net/,2026-09-23T13:04:02+00:00,
mathigon.org,online,A,89.8,Very clean,2,2,0,0,0,2,0.5,1,0,Educational,https://mathigon.org/,2026-09-25T06:39:48+00:00,
miniroyale.io,online,A,89.8,Very clean,2,2,0,0,0,2,0.4,2,0,Gaming,https://miniroyale.io/,2026-09-20T12:42:06+00:00,
nuremberg.law.harvard.edu,online,A,89.8,Very clean,1,1,0,0,0,1,10.5,2,0,Educational,https://nuremberg.law.harvard.edu/,2026-09-23T22:29:49+00:00,
pdfmagazines.club,online,A,89.8,Very clean,1,1,0,0,0,1,10.3,2,2,Reading,https://pdfmagazines.club/news/,2026-09-13T12:54:24+00:00,
sikhbookclub.com,online,A,89.8,Very clean,2,1,0,0,0,2,6.4,1,0,Reading,https://sikhbookclub.com/,2026-09-27T17:58:51+00:00,
tel.1kkk.com,online,A,89.8,Very clean,2,2,0,0,0,1,1.3,1,0,Non-Eng,https://tel.1kkk.com/,2026-09-27T17:58:51+00:00,
typohound.com,online,A,89.8,Very clean,2,2,0,0,0,2,0.3,2,0,Misc,https://typohound.com/,2026-09-21T14:36:48+00:00,
wolfmanmuseum.org,online,A,89.8,Very clean,2,1,0,0,0,2,6.4,1,0,Storage,https://wolfmanmuseum.org/,2026-09-28T07:40:47+00:00,
www.earthcamtv.com,online,A,89.8,Very clean,2,1,0,0,0,4,4.4,2,0,Misc,https://www.earthcamtv.com/,2026-09-21T22:53:03+00:00,
www.eloshapes.com,online,A,89.8,Very clean,1,1,0,0,0,1,10.5,2,0,Misc,https://www.eloshapes.com/,2026-09-21T14:36:48+00:00,
www.royalnavyresearcharchive.org.uk,online,A,89.8,Very clean,2,2,0,0,0,2,0.3,1,0,Educational,https://www.royalnavyresearcharchive.org.uk/,2026-09-25T13:02:00+00:00,
www.tzevaadom.co.il,online,A,89.8,Very clean,2,1,0,0,0,2,6.4,1,0,Non-Eng,https://www.tzevaadom.co.il/,2026-09-27T17:58:51+00:00,
alexanderperrin.com.au,online,A,89.9,Very clean,2,1,0,0,0,3,5.2,4,0,Misc,https://alexanderperrin.com.au/paper/shorttrip/,2026-09-18T06:42:10+00:00,
av1core.cyou,online,A,89.9,Very clean,1,1,0,0,0,1,10.2,1,0,Streaming,https://av1core.cyou/,2026-09-18T12:26:05+00:00,
epoch.ai,online,A,89.9,Very clean,2,1,0,0,0,7,1.2,2,0,Artificial-Intelligence,https://epoch.ai/benchmarks/eci,2026-09-18T17:16:20+00:00,
metalminos.net,online,A,89.9,Very clean,1,1,0,0,0,1,10.2,2,0,Music,https://metalminos.net/,2026-09-22T12:53:35+00:00,
new.cloudmoviez.shop,online,A,89.9,Very clean,2,1,0,0,0,2,6.2,2,0,Non-Eng,https://new.cloudmoviez.shop/,2026-09-25T22:52:29+00:00,
redflix.one,online,A,89.9,Very clean,1,1,0,0,0,1,10.2,1,0,Streaming,https://redflix.one/,2026-09-24T18:01:53+00:00,
robotics101-viscircuit.web.app,online,A,89.9,Very clean,1,1,0,0,0,8,3.2,2,0,Educational,https://robotics101-viscircuit.web.app/,2026-09-09T12:30:35+00:00,
www.bespokesynth.com,online,A,89.9,Very clean,1,1,0,0,0,3,8.2,1,0,Music,https://www.bespokesynth.com/,2026-09-27T07:08:34+00:00,
www.dm5.com,online,A,89.9,Very clean,2,2,0,0,0,1,1.2,2,0,Non-Eng,https://www.dm5.com/,2026-09-22T22:28:30+00:00,
www.modernhn.com,online,A,89.9,Very clean,2,1,0,0,0,2,6.2,1,1,Misc,https://www.modernhn.com/,2026-09-13T21:45:32+00:00,
www.zooniverse.org,online,A,89.9,Very clean,2,1,0,0,0,3,5.2,2,0,Reading,https://www.zooniverse.org/,2026-09-24T06:47:05+00:00,
adguard-dns.io,online,A,90.0,Very clean,0,0,2,0,0,0,0.0,7,0,Adblock Storage,https://adguard-dns.io/,2026-09-17T22:29:32+00:00,
adguard.com,online,A,90.0,Very clean,0,0,2,0,0,0,0.0,6,5,Adblock Linux Mobile,https://adguard.com/en/adguard-ios/overview.html,2026-09-12T16:31:29+00:00,
aidn.jp,online,A,90.0,Very clean,1,1,0,0,0,1,9.9,6,0,Misc,https://aidn.jp/,2026-09-17T22:29:32+00:00,
any.run,online,A,90.0,Very clean,2,2,0,0,0,2,0.0,1,1,Adblock,https://any.run/,2026-09-13T17:06:33+00:00,
asciiflow.com,online,A,90.0,Very clean,0,0,1,1,0,0,0.0,1,0,Storage,https://asciiflow.com/,2026-09-27T17:58:51+00:00,
beets.io,online,A,90.0,Very clean,2,2,0,0,0,2,0.0,2,0,Music,https://beets.io/,2026-09-22T17:49:43+00:00,
bestsimilar.com,online,A,90.0,Very clean,1,1,0,0,0,1,10.0,2,0,Streaming,https://bestsimilar.com/,2026-09-24T22:46:15+00:00,
blacktorrent.ru,online,A,90.0,Very clean,2,1,0,0,0,0,7.9,2,0,Music,https://blacktorrent.ru/,2026-09-22T12:53:35+00:00,
chartrank.app,online,A,90.0,Very clean,0,0,0,0,0,90,0.0,1,0,Music,https://chartrank.app/,2026-09-27T07:08:34+00:00,
click-sud.pro,online,A,90.0,Very clean,0,0,1,1,0,0,0.0,2,0,Non-Eng,https://click-sud.pro/,2026-09-10T12:24:16+00:00,
cn.chinadaily.com.cn,online,A,90.0,Very clean,0,0,2,0,0,0,0.0,1,0,Non-Eng,https://cn.chinadaily.com.cn/,2026-09-27T07:08:34+00:00,
datausa.io,online,A,90.0,Very clean,1,1,0,0,0,1,10.0,1,1,Educational,https://datausa.io/,2026-09-13T17:06:33+00:00,
digital.library.ucsb.edu,online,A,90.0,Very clean,1,1,0,0,0,1,9.9,2,0,Reading,https://digital.library.ucsb.edu/,2026-09-24T12:57:21+00:00,
ebookpdf.com,online,A,90.0,Very clean,0,0,2,0,0,0,0.0,2,0,Reading,https://ebookpdf.com/,2026-09-23T18:01:31+00:00,
ex-fs.net,online,A,90.0,Very clean,0,0,1,1,0,0,0.0,2,0,Non-Eng,https://ex-fs.net/,2026-09-23T13:04:02+00:00,
experiments.withgoogle.com,online,A,90.0,Very clean,2,2,0,0,0,2,0.0,6,0,Educational Misc,https://experiments.withgoogle.com/ai/ai-duet/view/,2026-09-17T22:29:32+00:00,
games.digipen.edu,online,A,90.0,Very clean,1,1,0,0,0,3,8.0,2,0,Gaming,https://games.digipen.edu/,2026-09-19T21:48:19+00:00,
genepy.org,online,A,90.0,Very clean,0,0,2,0,0,0,0.0,2,0,Educational,https://genepy.org/,2026-09-19T16:51:07+00:00,
hypr.land,online,A,90.0,Very clean,0,0,2,0,0,0,0.0,2,2,Linux,https://hypr.land/,2026-09-13T06:49:25+00:00,
impossiblelevels.com,online,A,90.0,Very clean,0,0,1,1,0,0,0.0,2,0,Storage,https://impossiblelevels.com/,2026-09-24T12:57:21+00:00,
jikan.moe,online,A,90.0,Very clean,1,1,0,0,0,2,9.1,1,0,Storage,https://jikan.moe/,2026-09-28T07:40:47+00:00,
lean-lang.org,online,A,90.0,Very clean,0,0,2,0,0,0,0.0,2,0,Educational,https://lean-lang.org/,2026-09-19T16:51:07+00:00,
lines.chromeexperiments.com,online,A,90.0,Very clean,2,2,0,0,0,2,0.0,2,0,Misc,https://lines.chromeexperiments.com/,2026-09-21T14:36:48+00:00,
mars3d-game.wixsite.com,online,A,90.0,Very clean,0,0,1,1,0,0,0.0,2,0,Gaming,https://mars3d-game.wixsite.com/index,2026-09-20T07:03:23+00:00,
musclewiki.com,online,A,90.0,Very clean,0,0,2,0,0,0,0.0,2,0,Misc,https://musclewiki.com/,2026-09-21T07:14:22+00:00,
open.bccampus.ca,online,A,90.0,Very clean,1,1,0,0,0,4,7.0,2,0,Reading,https://open.bccampus.ca/,2026-09-23T22:29:49+00:00,
openconnect.github.io,online,A,90.0,Very clean,0,0,2,0,0,0,0.0,1,0,Adblock,https://openconnect.github.io/openconnect-gui/,2026-09-25T06:39:48+00:00,
osmapp.org,online,A,90.0,Very clean,0,0,0,0,0,24,0.0,1,1,Misc,https://osmapp.org/,2026-09-13T21:45:32+00:00,
procatinator.com,online,A,90.0,Very clean,2,2,0,0,0,2,0.0,2,0,Misc,https://procatinator.com/,2026-09-21T22:53:03+00:00,
racing.pmnd.rs,online,A,90.0,Very clean,0,0,1,1,0,0,0.0,2,0,Gaming,https://racing.pmnd.rs/,2026-09-20T12:42:06+00:00,
rawfree.me,online,A,90.0,Very clean,2,1,0,0,0,2,6.0,2,0,Non-Eng,https://rawfree.me/,2026-08-24T02:54:08+00:00,
reports.adguard.com,online,A,90.0,Very clean,0,0,2,0,0,0,0.0,1,1,Adblock,https://reports.adguard.com/new_issue.html,2026-09-13T17:06:33+00:00,
schizoduckie.github.io,online,A,90.0,Very clean,2,2,0,0,0,2,0.0,1,1,Streaming,https://schizoduckie.github.io/DuckieTV/,2026-09-17T22:29:32+00:00,
tailieuonthi.edu.vn,online,A,90.0,Very clean,1,1,0,0,0,2,8.9,2,0,Non-Eng,https://tailieuonthi.edu.vn/,2026-09-23T18:01:31+00:00,
teamforeveronline.wixsite.com,online,A,90.0,Very clean,0,0,1,1,0,0,0.0,2,0,Gaming,https://teamforeveronline.wixsite.com/home,2026-09-20T07:03:23+00:00,
the-dark-games.com,online,A,90.0,Very clean,1,1,0,0,0,1,10.1,1,0,Gaming,https://the-dark-games.com/,2026-09-25T18:07:54+00:00,
thepiratebay.org,online,A,90.0,Very clean,0,0,2,0,0,0,0.0,4,0,Music Streaming,https://thepiratebay.org/search.php?q=top100:100,2026-09-18T06:42:10+00:00,
unreal-instruments.wixsite.com,online,A,90.0,Very clean,0,0,1,1,0,0,0.0,1,0,Music,https://unreal-instruments.wixsite.com/unreal-instruments,2026-09-27T07:08:34+00:00,
vdict.com,online,A,90.0,Very clean,0,0,2,0,0,0,0.0,1,0,Non-Eng,https://vdict.com/,2026-09-27T17:58:51+00:00,
www.acfun.cn,online,A,90.0,Very clean,0,0,2,0,0,0,0.0,2,0,Non-Eng,https://www.acfun.cn/,2026-09-22T22:28:30+00:00,
www.anatomyarchive.org,online,A,90.0,Very clean,0,0,2,0,0,0,0.0,2,0,Educational,https://www.anatomyarchive.org/,2026-09-19T12:07:10+00:00,
www.designer.tips,online,A,90.0,Very clean,2,2,0,0,0,2,0.0,2,0,Educational,https://www.designer.tips/,2026-09-19T16:51:07+00:00,
www.dr.dk,online,A,90.0,Very clean,0,0,2,0,0,0,0.0,2,0,Non-Eng,https://www.dr.dk/,2026-09-23T18:01:31+00:00,
www.ourboard.io,online,A,90.0,Very clean,0,0,1,1,0,0,0.0,1,1,Educational,https://www.ourboard.io/,2026-09-13T21:45:32+00:00,
www.pianobook.co.uk,online,A,90.0,Very clean,0,0,2,0,0,0,0.0,2,0,Music,https://www.pianobook.co.uk/,2026-09-22T17:49:43+00:00,
www.privacyinternational.org,online,A,90.0,Very clean,0,0,2,0,0,0,0.0,1,0,Misc,https://www.privacyinternational.org/,2026-09-25T22:52:29+00:00,
www.readerbackdrop.com,online,A,90.0,Very clean,2,2,0,0,0,1,0.9,3,0,Reading,https://www.readerbackdrop.com/,2026-09-18T12:26:05+00:00,
www.startpage.com,online,A,90.0,Very clean,0,0,2,0,0,0,0.0,5,2,Adblock Storage,https://www.startpage.com/,2026-09-12T16:31:29+00:00,
www.tripoli.org,online,A,90.0,Very clean,2,2,0,0,0,1,1.1,2,0,Educational,https://www.tripoli.org/,2026-09-19T06:40:29+00:00,
www.xiaobaotv.com,online,A,90.0,Very clean,1,1,0,0,0,1,10.1,2,0,Non-Eng,https://www.xiaobaotv.com/,2026-09-08T12:18:11+00:00,
eyes.nasa.gov,online,A,90.1,Very clean,2,1,0,0,0,2,5.8,3,0,Educational,https://eyes.nasa.gov/apps/exo,2026-09-25T13:02:00+00:00,
hydrahd.com,online,A,90.1,Very clean,1,1,0,0,0,1,9.8,3,1,Non-Eng Streaming,https://hydrahd.com/,2026-09-12T16:31:29+00:00,
ondoku3.com,online,A,90.1,Very clean,1,1,0,0,0,1,9.8,2,0,Artificial-Intelligence,https://ondoku3.com/en/,2026-09-18T17:16:20+00:00,
virgil.samidy.com,online,A,90.1,Very clean,1,1,0,0,0,0,10.8,5,3,Downloading Gaming Mobile,https://virgil.samidy.com/?engine=software,2026-09-12T16:31:29+00:00,
www.rainymood.com,online,A,90.1,Very clean,2,2,0,0,0,1,0.8,2,2,Music,https://www.rainymood.com/,2026-09-13T06:49:25+00:00,
yourbias.is,online,A,90.1,Very clean,1,1,0,0,0,7,3.8,2,0,Educational,https://yourbias.is/,2026-09-19T12:07:10+00:00,
aquareader.net,online,A,90.2,Very clean,2,2,0,0,0,1,0.5,2,0,Reading,https://aquareader.net/,2026-08-24T20:05:00+00:00,
discoverquickly.com,online,A,90.2,Very clean,2,1,0,0,0,2,5.7,1,0,Music,https://discoverquickly.com/,2026-09-27T07:08:34+00:00,
docs.udroid.org,online,A,90.2,Very clean,1,1,0,0,0,1,9.7,2,0,Mobile,https://docs.udroid.org/,2026-09-22T06:49:41+00:00,
hayasaka.8man.in,online,A,90.2,Very clean,1,1,0,0,0,2,8.5,2,0,Music Non-Eng,https://hayasaka.8man.in/,2026-09-10T12:24:16+00:00,
hayasaka.vercel.app,online,A,90.2,Very clean,1,1,0,0,0,2,8.6,2,0,Music Non-Eng,https://hayasaka.vercel.app/,2026-08-23T02:52:34+00:00,
iconoir.com,online,A,90.2,Very clean,1,1,0,0,0,1,9.7,1,0,Storage,https://iconoir.com/,2026-09-28T16:00:57+00:00,
maddymakesgamesinc.itch.io,online,A,90.2,Very clean,1,1,0,0,0,1,9.7,2,0,Gaming,https://maddymakesgamesinc.itch.io/celesteclassic,2026-09-20T12:42:06+00:00,
playlost.fm,online,A,90.2,Very clean,1,1,0,0,0,1,9.7,1,0,Music,https://playlost.fm/,2026-09-27T07:08:34+00:00,
rawfree.to,online,A,90.2,Very clean,2,1,0,0,0,2,5.6,2,0,Non-Eng,https://rawfree.to/,2026-09-23T06:43:24+00:00,
tech12h.com,online,A,90.2,Very clean,1,1,0,0,0,1,9.7,1,1,Non-Eng,https://tech12h.com/,2026-09-17T17:47:40+00:00,
top.xdmovies.wtf,online,A,90.2,Very clean,1,1,0,0,0,1,9.7,4,4,Non-Eng Streaming,https://top.xdmovies.wtf/,2026-09-12T16:31:29+00:00,
virgil-search.pages.dev,online,A,90.2,Very clean,1,1,0,0,0,0,10.7,3,2,Downloading Gaming Mobile,https://virgil-search.pages.dev/?engine=games,2026-09-12T21:42:32+00:00,
weather.com,online,A,90.2,Very clean,2,1,0,0,0,3,4.5,2,0,Misc,https://weather.com/retro/,2026-09-21T14:36:48+00:00,
www.3blue1brown.com,online,A,90.2,Very clean,1,1,0,0,0,2,8.5,1,0,Educational,https://www.3blue1brown.com/,2026-09-25T06:39:48+00:00,
www.bible.com,online,A,90.2,Very clean,1,1,0,0,0,2,8.6,1,0,Reading,https://www.bible.com/,2026-09-27T17:58:51+00:00,
www.codeanalogies.com,online,A,90.2,Very clean,1,1,0,0,0,3,7.5,1,0,Educational,https://www.codeanalogies.com/,2026-09-25T18:07:54+00:00,
www.compscilib.com,online,A,90.2,Very clean,2,2,0,0,0,1,0.5,2,0,Educational,https://www.compscilib.com/,2026-09-19T16:51:07+00:00,
www.davidrumsey.com,online,A,90.2,Very clean,2,2,0,0,0,1,0.7,1,0,Misc,https://www.davidrumsey.com/,2026-09-25T22:52:29+00:00,
www.dotcom-tools.com,online,A,90.2,Very clean,2,1,0,0,0,2,5.7,2,0,Non-Eng,https://www.dotcom-tools.com/china-firewall-test,2026-09-22T17:49:43+00:00,
www.radioguide.fm,online,A,90.2,Very clean,2,2,0,0,0,1,0.6,2,0,Music,https://www.radioguide.fm/,2026-09-22T12:53:35+00:00,
www.samsungtvplus.com,online,A,90.2,Very clean,2,2,0,0,0,1,0.7,2,0,Streaming,https://www.samsungtvplus.com/,2026-09-24T22:46:15+00:00,
www.watchcount.com,online,A,90.2,Very clean,1,1,0,0,0,1,9.7,1,0,Misc,https://www.watchcount.com/,2026-09-26T12:31:41+00:00,
www.wikidex.net,online,A,90.2,Very clean,1,1,0,0,0,1,9.7,2,0,Non-Eng,https://www.wikidex.net/,2026-09-23T13:04:02+00:00,
zoowomaniacos.org,online,A,90.2,Very clean,1,1,0,0,0,1,9.5,2,0,Non-Eng,https://zoowomaniacos.org/,2026-09-23T13:04:02+00:00,
aivocal.io,online,A,90.3,Very clean,1,1,0,0,0,2,8.3,2,0,Artificial-Intelligence,https://aivocal.io/,2026-09-18T17:16:20+00:00,
canaryarena.ai,online,A,90.3,Very clean,1,1,0,0,0,1,9.3,5,1,Artificial-Intelligence,https://canaryarena.ai/,2026-09-13T17:06:33+00:00,
digi.vatlib.it,online,A,90.3,Very clean,1,1,0,0,0,1,9.3,2,0,Reading,https://digi.vatlib.it/,2026-09-24T06:47:05+00:00,
lmms.io,online,A,90.3,Very clean,1,1,0,0,0,3,7.3,1,1,Music,https://lmms.io/,2026-09-17T17:47:40+00:00,
moviescenemap.com,online,A,90.3,Very clean,2,1,0,0,0,1,6.3,1,0,Streaming,https://moviescenemap.com/,2026-09-09T12:30:35+00:00,
rawfree.buzz,online,A,90.3,Very clean,2,1,0,0,0,2,5.4,2,0,Non-Eng,https://rawfree.buzz/,2026-09-09T12:30:35+00:00,
tioanime.com,online,A,90.3,Very clean,1,1,0,0,0,1,9.3,2,0,Non-Eng,https://tioanime.com/,2026-09-23T13:04:02+00:00,
wuxiadreams.com,online,A,90.3,Very clean,1,1,0,0,0,7,3.4,2,0,Reading,https://wuxiadreams.com/,2026-09-23T22:29:49+00:00,
www.antutu.com,online,A,90.3,Very clean,1,1,0,0,0,0,10.4,1,1,Misc,https://www.antutu.com/en/ranking/rank1.htm,2026-09-17T17:47:40+00:00,
www.btbtla.com,online,A,90.3,Very clean,1,1,0,0,0,1,9.4,2,0,Non-Eng,https://www.btbtla.com/,2026-09-22T22:28:30+00:00,
www.garykessler.net,online,A,90.3,Very clean,1,1,0,0,0,3,7.3,1,0,Educational,https://www.garykessler.net/library/crypto.html,2026-09-25T18:07:54+00:00,
www.wcostream.tv,online,A,90.3,Very clean,1,1,0,0,0,3,7.4,1,1,Streaming,https://www.wcostream.tv/,2026-09-17T22:29:32+00:00,
boredreading.com,online,A,90.4,Very clean,1,1,0,0,0,5,5.2,1,0,Misc,https://boredreading.com/,2026-09-25T22:52:29+00:00,
cinetimes.org,online,A,90.4,Very clean,1,1,0,0,0,1,9.2,1,0,Streaming,https://cinetimes.org/en/,2026-09-28T16:00:57+00:00,
departures.to,online,A,90.4,Very clean,1,1,0,0,0,7,3.2,1,0,Mobile,https://departures.to/,2026-09-27T07:08:34+00:00,
fora.com,online,A,90.4,Very clean,1,1,0,0,0,8,2.2,2,0,Misc,https://fora.com/communities/,2026-09-21T22:53:03+00:00,
nerdyteachers.com,online,A,90.4,Very clean,1,1,0,0,0,3,7.2,2,0,Gaming,https://nerdyteachers.com/PICO-8/Games/,2026-09-20T12:42:06+00:00,
npckc.itch.io,online,A,90.4,Very clean,1,1,0,0,0,1,9.2,2,0,Misc,https://npckc.itch.io/deskspace,2026-09-21T07:14:22+00:00,
rebrickable.com,online,A,90.4,Very clean,1,1,0,0,0,1,9.2,2,0,Educational,https://rebrickable.com/,2026-09-19T12:07:10+00:00,
webacus.dev,online,A,90.4,Very clean,1,1,0,0,0,1,9.2,2,0,Misc,https://webacus.dev/,2026-09-21T14:36:48+00:00,
charts.spotify.com,online,A,90.5,Very clean,2,2,0,0,0,1,0.0,1,0,Music,https://charts.spotify.com/home,2026-09-27T07:08:34+00:00,
cognito.org,online,A,90.5,Very clean,1,1,0,0,0,1,9.1,1,1,Educational,https://cognito.org/,2026-09-10T12:24:16+00:00,
hdmixtapes.org,online,A,90.5,Very clean,1,1,0,0,0,1,8.9,2,0,Music,https://hdmixtapes.org/,2026-09-22T12:53:35+00:00,
heartivetv.pages.dev,,A,90.5,Very clean,1,1,0,0,0,1,9.0,6,2,Streaming,https://heartivetv.pages.dev/,2026-08-13T16:09:28+00:00,
hydrahd.ws,online,A,90.5,Very clean,1,1,0,0,0,1,9.1,2,2,Streaming,https://hydrahd.ws/,2026-09-13T17:06:33+00:00,
meiji.filmarchives.jp,online,A,90.5,Very clean,2,1,0,0,0,2,4.9,4,0,Non-Eng Streaming,https://meiji.filmarchives.jp/,2026-09-18T06:42:10+00:00,
phet.colorado.edu,online,A,90.5,Very clean,2,1,0,0,0,1,6.1,4,2,Educational,https://phet.colorado.edu/,2026-09-12T16:31:29+00:00,
phish.in,online,A,90.5,Very clean,1,1,0,0,0,1,9.1,2,0,Music,https://phish.in/,2026-09-22T12:53:35+00:00,
tele-libre.live,online,A,90.5,Very clean,2,2,0,0,0,1,0.0,2,0,Non-Eng,https://tele-libre.live/,2026-09-24T12:57:21+00:00,
televizor24tochka.ru,online,A,90.5,Very clean,1,1,0,0,0,2,8.1,2,0,Non-Eng,https://televizor24tochka.ru/tv/,2026-09-23T13:04:02+00:00,
www.azquotes.com,online,A,90.5,Very clean,1,1,0,0,0,3,7.0,2,0,Reading,https://www.azquotes.com/,2026-09-24T06:47:05+00:00,
www.bajins.com,online,A,90.5,Very clean,1,1,0,0,0,4,5.9,1,0,Non-Eng,https://www.bajins.com/,2026-09-27T07:08:34+00:00,
www.iheart.com,online,A,90.5,Very clean,1,1,1,0,0,0,0.0,2,0,Music,https://www.iheart.com/,2026-09-22T12:53:35+00:00,
www.mangabz.com,online,A,90.5,Very clean,1,1,0,0,0,1,9.0,2,0,Non-Eng,https://www.mangabz.com/,2026-09-22T22:28:30+00:00,
www.mangakakalot.gg,online,A,90.5,Very clean,1,1,0,0,0,1,8.9,1,1,Reading,https://www.mangakakalot.gg,2026-09-17T17:47:40+00:00,
www.meteorshowers.org,online,A,90.5,Very clean,1,1,0,0,0,4,5.9,2,0,Educational,https://www.meteorshowers.org/,2026-09-19T06:40:29+00:00,
www.natomanga.com,online,A,90.5,Very clean,1,1,0,0,0,1,8.9,1,1,Reading,https://www.natomanga.com/,2026-09-17T17:47:40+00:00,
www.nelomanga.net,online,A,90.5,Very clean,1,1,0,0,0,1,8.9,1,1,Reading,https://www.nelomanga.net/,2026-09-17T17:47:40+00:00,
www.outdoorgearlab.com,online,A,90.5,Very clean,1,1,0,0,0,1,9.0,2,0,Misc,https://www.outdoorgearlab.com/,2026-09-21T14:36:48+00:00,
www.qb64tutorial.com,online,A,90.5,Very clean,1,1,0,0,0,1,9.0,2,0,Educational,https://www.qb64tutorial.com/,2026-09-19T21:48:19+00:00,
www.retrogamechampion.com,online,A,90.5,Very clean,1,1,0,0,0,2,8.1,2,0,Gaming,https://www.retrogamechampion.com/,2026-09-20T07:03:23+00:00,
www.talem.org,online,A,90.5,Very clean,1,1,0,0,0,1,9.1,1,0,Educational,https://www.talem.org/extracurriculars,2026-09-25T18:07:54+00:00,
cineflixd.fstream.app,online,A,90.6,Very clean,2,1,0,0,0,2,4.8,1,0,Streaming,https://cineflixd.fstream.app/,2026-09-20T12:42:06+00:00,
gload.to,online,A,90.6,Very clean,1,1,0,0,0,1,8.8,2,0,Gaming,https://gload.to/,2026-09-19T21:48:19+00:00,
mors-games.itch.io,online,A,90.6,Very clean,1,1,0,0,0,0,9.8,2,0,Gaming,https://mors-games.itch.io/operius,2026-09-20T12:42:06+00:00,
play.cine.ar,online,A,90.6,Very clean,1,1,0,0,0,5,4.8,2,0,Non-Eng,https://play.cine.ar/,2026-09-23T13:04:02+00:00,
boardgameplay.com,online,A,90.7,Very clean,2,1,0,0,0,2,4.6,2,0,Gaming,https://boardgameplay.com/,2026-09-20T07:03:23+00:00,
ciechanow.ski,online,A,90.7,Very clean,2,1,0,0,0,2,4.6,2,2,Educational,https://ciechanow.ski/,2026-09-12T21:42:32+00:00,
commons.libretexts.org,online,A,90.7,Very clean,1,1,0,0,0,5,4.7,2,0,Reading,https://commons.libretexts.org,2026-09-23T22:29:49+00:00,
inmanga.com,online,A,90.7,Very clean,1,1,0,0,0,7,2.7,2,0,Non-Eng,https://inmanga.com/,2026-09-23T18:01:31+00:00,
jellymar.io,online,A,90.7,Very clean,2,1,0,0,0,2,4.6,2,0,Gaming,https://jellymar.io/,2026-09-20T12:42:06+00:00,
kirmalk.com,online,A,90.7,Very clean,1,1,0,0,0,1,8.6,2,0,Non-Eng,https://kirmalk.com/,2026-09-09T12:30:35+00:00,
pytranscriber.github.io,online,A,90.7,Very clean,1,1,0,0,0,1,8.7,1,0,Streaming,https://pytranscriber.github.io/,2026-08-29T08:22:00+00:00,
signlearner.com,online,A,90.7,Very clean,1,1,0,0,0,1,8.6,2,0,Educational,https://signlearner.com/,2026-09-19T16:51:07+00:00,
www.anime-loads.org,online,A,90.7,Very clean,1,1,0,0,0,5,4.6,4,0,Non-Eng,https://www.anime-loads.org/,2026-09-05T21:44:04+00:00,
www.audiotestkitchen.com,online,A,90.7,Very clean,2,1,0,0,0,2,4.6,2,0,Misc,https://www.audiotestkitchen.com/,2026-09-21T14:36:48+00:00,
www.mangatown.com,online,A,90.7,Very clean,1,1,0,0,0,6,3.7,2,0,Reading,https://www.mangatown.com/,2026-09-23T22:29:49+00:00,
123movie.app,online,A,90.8,Very clean,1,1,0,0,0,8,1.3,1,0,Streaming,https://123movie.app,2026-08-29T08:22:00+00:00,
animesuge.bid,online,A,90.8,Very clean,2,2,0,0,0,0,0.3,1,1,Streaming,https://animesuge.bid/,2026-09-17T22:29:32+00:00,
enablingthefuture.org,online,A,90.8,Very clean,1,1,0,0,0,1,8.3,2,0,Misc,https://enablingthefuture.org/,2026-09-20T21:52:34+00:00,
free-clep-prep.com,online,A,90.8,Very clean,1,1,0,0,0,2,7.5,2,0,Educational,https://free-clep-prep.com/,2026-09-19T21:48:19+00:00,
ifiarchiveplayer.ie,online,A,90.8,Very clean,2,1,0,0,0,4,2.3,1,0,Streaming,https://ifiarchiveplayer.ie/,2026-09-28T16:00:57+00:00,
ioda.inetintel.cc.gatech.edu,online,A,90.8,Very clean,2,1,0,0,0,2,4.3,2,0,Misc,https://ioda.inetintel.cc.gatech.edu/,2026-09-17T12:47:49+00:00,
mdk.cab,online,A,90.8,Very clean,1,1,0,0,0,1,8.5,1,0,Gaming,https://mdk.cab/,2026-09-25T18:07:54+00:00,
vuflix.co,online,A,90.8,Very clean,2,1,0,0,0,1,5.3,2,0,Streaming,https://vuflix.co/,2026-09-01T12:45:19+00:00,
www.cognitoedu.org,,A,90.8,Very clean,1,1,0,0,0,1,8.4,1,1,Educational,https://www.cognitoedu.org/,2026-08-14T14:46:47+00:00,
www.footreplays.com,online,A,90.8,Very clean,1,1,0,0,0,1,8.4,2,0,Streaming,https://www.footreplays.com/,2026-09-24T22:46:15+00:00,
www.roleplayer.me,online,A,90.8,Very clean,1,1,0,0,0,3,6.3,1,1,Misc,https://www.roleplayer.me/,2026-09-17T17:47:40+00:00,
www.slidescarnival.com,online,A,90.8,Very clean,2,1,0,0,0,3,3.5,1,0,Storage,https://www.slidescarnival.com/,2026-09-28T07:40:47+00:00,
www.whichbook.net,online,A,90.8,Very clean,1,1,0,0,0,1,8.3,2,0,Reading,https://www.whichbook.net/,2026-09-24T06:47:05+00:00,
ximera.osu.edu,online,A,90.8,Very clean,1,1,0,0,0,7,2.5,1,0,Educational,https://ximera.osu.edu/mooculus,2026-09-25T06:39:48+00:00,
xyzstreams.st,online,A,90.8,Very clean,1,1,0,0,0,1,8.5,4,0,Streaming,https://xyzstreams.st/,2026-09-18T12:26:05+00:00,
gettempnumber.com,online,A,90.9,Very clean,2,2,0,0,0,0,0.2,1,0,Storage,https://gettempnumber.com/,2026-09-28T07:40:47+00:00,
hungermap.wfp.org,online,A,90.9,Very clean,1,1,0,0,0,3,6.2,2,0,Educational,https://hungermap.wfp.org/,2026-09-19T12:07:10+00:00,
jan.ai,online,A,90.9,Very clean,1,1,0,0,0,2,7.2,2,2,Artificial-Intelligence,https://jan.ai/,2026-09-12T21:42:32+00:00,
www.craftinginterpreters.com,online,A,90.9,Very clean,1,1,0,0,0,3,6.2,2,2,Educational,https://www.craftinginterpreters.com/,2026-09-12T21:42:32+00:00,
www.escolavirtual.gov.br,online,A,90.9,Very clean,1,1,0,0,0,6,3.2,2,0,Non-Eng,https://www.escolavirtual.gov.br/catalogo,2026-09-23T06:43:24+00:00,
www.konkr.io,online,A,90.9,Very clean,1,1,0,0,0,3,6.2,2,0,Gaming,https://www.konkr.io/,2026-09-20T12:42:06+00:00,
www.pdfiles.net,online,A,90.9,Very clean,1,1,0,0,0,1,8.2,2,0,Reading,https://www.pdfiles.net/,2026-09-23T22:29:49+00:00,
www.ui.com,online,A,90.9,Very clean,1,1,0,0,0,6,3.2,1,0,Misc,https://www.ui.com/training/,2026-09-26T12:31:41+00:00,
20_games_challenge.gitlab.io,online,A,91.0,Very clean,2,2,0,0,0,0,0.0,2,0,Educational,https://20_games_challenge.gitlab.io/,2026-09-19T21:48:19+00:00,
aerospaceweb.org,online,A,91.0,Very clean,1,1,0,0,0,0,8.9,2,0,Educational,https://aerospaceweb.org/,2026-09-19T06:40:29+00:00,
aiva.ai,online,A,91.0,Very clean,2,2,0,0,0,0,0.0,2,0,Artificial-Intelligence,https://aiva.ai/,2026-09-18T17:16:20+00:00,
animekhor.org,online,A,91.0,Very clean,1,1,0,0,0,1,8.1,2,0,Streaming,https://animekhor.org/,2026-09-24T18:01:53+00:00,
artwithflo.com,online,A,91.0,Very clean,2,2,0,0,0,0,0.0,2,0,Educational,https://artwithflo.com/,2026-09-19T12:07:10+00:00,
atticradar.steepatticstairs.net,online,A,91.0,Very clean,1,1,0,0,0,2,6.9,2,0,Misc,https://atticradar.steepatticstairs.net/,2026-09-21T07:14:22+00:00,
awbw.amarriner.com,online,A,91.0,Very clean,2,2,0,0,0,0,0.0,2,0,Gaming,https://awbw.amarriner.com/,2026-09-20T12:42:06+00:00,
aya.liriliri.io,online,A,91.0,Very clean,1,1,0,0,0,1,7.9,2,2,Mobile,https://aya.liriliri.io/,2026-09-17T17:47:40+00:00,
boomflix.qzz.io,online,A,91.0,Very clean,1,1,0,0,0,1,8.1,2,0,Streaming,https://boomflix.qzz.io/,2026-08-31T15:30:14+00:00,
channelsurfer.tv,online,A,91.0,Very clean,2,2,0,0,0,0,0.0,1,0,Streaming,https://channelsurfer.tv/,2026-09-28T16:00:57+00:00,
colorword.recu3125.com,online,A,91.0,Very clean,1,1,0,0,0,1,8.1,2,0,Misc,https://colorword.recu3125.com/,2026-09-21T22:53:03+00:00,
comicsflow.com,online,A,91.0,Very clean,2,2,0,0,0,0,0.0,2,0,Misc,https://comicsflow.com/,2026-09-21T14:36:48+00:00,
corpus.eduhk.hk,online,A,91.0,Very clean,2,2,0,0,0,0,0.0,2,0,Educational,https://corpus.eduhk.hk/cantonese/e_index.html,2026-09-19T16:51:07+00:00,
cs50.harvard.edu,online,A,91.0,Very clean,2,2,0,0,0,0,0.0,4,2,Educational,https://cs50.harvard.edu/x/,2026-09-12T16:31:29+00:00,
daftpunk.cafe,online,A,91.0,Very clean,2,2,0,0,0,0,0.0,2,0,Music,https://daftpunk.cafe/,2026-09-22T12:53:35+00:00,
darkskymap.com,online,A,91.0,Very clean,2,2,0,0,0,0,0.0,1,0,Educational,https://darkskymap.com/,2026-09-25T13:02:00+00:00,
earthquake.usgs.gov,online,A,91.0,Very clean,1,1,0,0,0,2,6.9,2,0,Misc,https://earthquake.usgs.gov/earthquakes/map/,2026-09-21T07:14:22+00:00,
easydemonlist.pages.dev,online,A,91.0,Very clean,2,2,0,0,0,0,0.0,2,0,Storage,https://easydemonlist.pages.dev/,2026-09-24T12:57:21+00:00,
easypeasymethod.org,online,A,91.0,Very clean,2,2,0,0,0,0,0.0,2,2,Misc,https://easypeasymethod.org/,2026-09-13T06:49:25+00:00,
edels-stube.eu,online,A,91.0,Very clean,2,2,0,0,0,0,0.0,2,0,Non-Eng,https://edels-stube.eu/,2026-09-22T22:28:30+00:00,
flashpointarchive.org,online,A,91.0,Very clean,2,2,0,0,0,0,0.0,2,2,Gaming,https://flashpointarchive.org/,2026-09-12T21:42:32+00:00,
freegamefindings.ca,online,A,91.0,Very clean,2,2,0,0,0,0,0.0,1,0,Misc,https://freegamefindings.ca/,2026-09-25T22:52:29+00:00,
freetvz.com,online,A,91.0,Very clean,2,2,0,0,0,0,0.0,1,0,Streaming,https://freetvz.com/,2026-09-28T16:00:57+00:00,
futurecoder.io,online,A,91.0,Very clean,2,2,0,0,0,0,0.0,2,0,Educational,https://futurecoder.io/,2026-09-19T16:51:07+00:00,
gallica.bnf.fr,online,A,91.0,Very clean,2,2,0,0,0,0,0.0,2,0,Non-Eng,https://gallica.bnf.fr/,2026-09-22T22:28:30+00:00,
gdplatformerlist.com,online,A,91.0,Very clean,2,2,0,0,0,0,0.0,1,0,Storage,https://gdplatformerlist.com/,2026-09-28T07:40:47+00:00,
getlater.app,online,A,91.0,Very clean,2,2,0,0,0,0,0.0,2,0,Linux,https://getlater.app/,2026-09-20T17:01:41+00:00,
hdl.pages.dev,online,A,91.0,Very clean,2,2,0,0,0,0,0.0,2,0,Storage,https://hdl.pages.dev/,2026-09-24T12:57:21+00:00,
infolib.org,online,A,91.0,Very clean,2,2,0,0,0,0,0.0,2,0,Misc,https://infolib.org/,2026-09-21T14:36:48+00:00,
inscribed.app,online,A,91.0,Very clean,2,2,0,0,0,0,0.0,2,0,Storage,https://inscribed.app/,2026-08-25T08:25:42+00:00,
kirastudio.org,online,A,91.0,Very clean,2,2,0,0,0,0,0.0,1,1,Music,https://kirastudio.org/,2026-09-17T17:47:40+00:00,
languageroadmap.com,online,A,91.0,Very clean,2,2,0,0,0,0,0.0,2,0,Educational,https://languageroadmap.com/,2026-09-19T12:07:10+00:00,
lnav.org,online,A,91.0,Very clean,2,2,0,0,0,0,0.0,2,0,Linux,https://lnav.org/,2026-09-20T17:01:41+00:00,
luteorg.github.io,online,A,91.0,Very clean,2,2,0,0,0,0,0.0,2,0,Educational,https://luteorg.github.io/lute-manual,2026-09-19T12:07:10+00:00,
makefiletutorial.com,online,A,91.0,Very clean,2,2,0,0,0,0,0.0,2,0,Educational,https://makefiletutorial.com/,2026-09-19T16:51:07+00:00,
material-shell.com,online,A,91.0,Very clean,2,2,0,0,0,0,0.0,2,0,Linux,https://material-shell.com/,2026-09-20T17:01:41+00:00,
mediasetinfinity.mediaset.it,online,A,91.0,Very clean,2,2,0,0,0,0,0.0,2,0,Non-Eng,https://mediasetinfinity.mediaset.it/,2026-09-23T06:43:24+00:00,
megakino14.com,online,A,91.0,Very clean,1,1,0,0,0,1,7.9,2,0,Non-Eng,https://megakino14.com/,2026-08-23T19:58:11+00:00,
megakino18.com,online,A,91.0,Very clean,1,1,0,0,0,1,8.0,2,0,Non-Eng,https://megakino18.com/,2026-09-09T12:30:35+00:00,
megakino20.com,online,A,91.0,Very clean,1,1,0,0,0,1,8.0,2,0,Non-Eng,https://megakino20.com/,2026-09-24T12:57:21+00:00,
meguanime.com,online,A,91.0,Very clean,2,2,0,0,0,0,0.0,2,0,Streaming,https://meguanime.com/,2026-09-24T18:01:53+00:00,
meowly.qzz.io,online,A,91.0,Very clean,1,1,0,0,0,1,8.0,2,0,Streaming,https://meowly.qzz.io/,2026-09-01T17:27:39+00:00,
mikanani.me,online,A,91.0,Very clean,1,1,0,0,0,3,6.0,2,0,Non-Eng,https://mikanani.me/,2026-09-22T22:28:30+00:00,
milkytracker.org,online,A,91.0,Very clean,2,2,0,0,0,0,0.0,1,1,Music,https://milkytracker.org/,2026-09-17T17:47:40+00:00,
monitor.civicus.org,online,A,91.0,Very clean,2,2,0,0,0,0,0.0,1,0,Misc,https://monitor.civicus.org/,2026-09-25T22:52:29+00:00,
monsterland.net,online,A,91.0,Very clean,2,2,0,0,0,0,0.0,2,0,Misc,https://monsterland.net/,2026-09-21T22:53:03+00:00,
newsit.benwinding.com,online,A,91.0,Very clean,2,2,0,0,0,0,0.0,2,2,Misc,https://newsit.benwinding.com/,2026-09-13T06:49:25+00:00,
ninateka.pl,online,A,91.0,Very clean,2,1,0,0,0,5,0.9,2,0,Non-Eng,https://ninateka.pl/,2026-09-23T06:43:24+00:00,
nixified.ai,online,A,91.0,Very clean,2,2,0,0,0,0,0.0,2,0,Artificial-Intelligence,https://nixified.ai/,2026-08-19T14:24:21+00:00,
noisyloop.com,online,A,91.0,Very clean,1,1,0,0,0,1,7.9,1,0,Music,https://noisyloop.com/,2026-09-27T07:08:34+00:00,
nunuju.com,online,A,91.0,Very clean,1,1,0,0,0,1,8.0,2,0,Non-Eng,https://nunuju.com/,2026-09-22T22:28:30+00:00,
openmw.org,online,A,91.0,Very clean,2,2,0,0,0,0,0.0,2,2,Gaming,https://openmw.org/,2026-09-12T21:42:32+00:00,
qrmenucreator.com,online,A,91.0,Very clean,2,2,0,0,0,0,0.0,2,0,Misc,https://qrmenucreator.com/,2026-09-21T07:14:22+00:00,
react.tv,online,A,91.0,Very clean,2,2,0,0,0,0,0.0,2,0,Streaming,https://react.tv/,2026-09-24T18:01:53+00:00,
rivestream.pw,online,A,91.0,Very clean,1,1,0,0,0,1,7.9,1,0,Streaming,https://rivestream.pw/,2026-09-23T13:04:02+00:00,
screenzen.co,online,A,91.0,Very clean,1,1,0,0,0,3,5.9,5,0,Misc Mobile,https://screenzen.co/,2026-09-17T22:29:32+00:00,
songguesser.com,online,A,91.0,Very clean,2,2,0,0,0,0,0.0,2,0,Music,https://songguesser.com/,2026-09-22T17:49:43+00:00,
soundsofmaine.life,online,A,91.0,Very clean,3,1,0,0,0,2,0.9,1,0,Music,https://soundsofmaine.life/,2026-09-27T07:08:34+00:00,
spaceweathernews.com,online,A,91.0,Very clean,2,2,0,0,0,0,0.0,2,0,Educational,https://spaceweathernews.com/,2026-08-20T02:46:21+00:00,
stravaeger.com,online,A,91.0,Very clean,2,2,0,0,0,0,0.0,2,0,Gaming,https://stravaeger.com/,2026-09-20T12:42:06+00:00,
supercollider.github.io,online,A,91.0,Very clean,2,2,0,0,0,0,0.0,1,0,Music,https://supercollider.github.io/,2026-09-27T07:08:34+00:00,
superstarshi.github.io,online,A,91.0,Very clean,2,2,0,0,0,0,0.0,2,0,Gaming,https://superstarshi.github.io/smatrs/,2026-09-20T07:03:23+00:00,
talkinghands.co.in,online,A,91.0,Very clean,2,2,0,0,0,0,0.0,2,0,Non-Eng,https://talkinghands.co.in/,2026-09-22T22:28:30+00:00,
tamilbulb.cc,online,A,91.0,Very clean,2,2,0,0,0,0,0.0,2,0,Non-Eng,https://tamilbulb.cc/,2026-09-23T06:43:24+00:00,
thecastlemap.com,online,A,91.0,Very clean,1,1,0,0,0,2,7.1,2,0,Misc,https://thecastlemap.com/,2026-09-21T07:14:22+00:00,
thelifeengine.net,online,A,91.0,Very clean,2,2,0,0,0,0,0.0,2,2,Misc,https://thelifeengine.net/,2026-09-13T06:49:25+00:00,
travel-remotely.netlify.app,online,A,91.0,Very clean,2,2,0,0,0,0,0.0,1,1,Educational,https://travel-remotely.netlify.app/,2026-09-13T17:06:33+00:00,
ttswebui.com,online,A,91.0,Very clean,2,2,0,0,0,0,0.0,2,0,Artificial-Intelligence,https://ttswebui.com/,2026-09-18T17:16:20+00:00,
tv10.egydead.live,online,A,91.0,Very clean,1,1,0,0,0,1,8.0,4,0,Non-Eng,https://tv10.egydead.live/,2026-09-24T12:57:21+00:00,
udl.pages.dev,online,A,91.0,Very clean,2,2,0,0,0,0,0.0,1,0,Storage,https://udl.pages.dev/,2026-09-24T12:57:21+00:00,
udlbook.github.io,online,A,91.0,Very clean,2,2,0,0,0,0,0.0,1,0,Educational,https://udlbook.github.io/udlbook/,2026-09-25T18:07:54+00:00,
visdeurbel.nl,online,A,91.0,Very clean,2,2,0,0,0,0,0.0,2,0,Misc,https://visdeurbel.nl/en/,2026-09-21T22:53:03+00:00,
walkwithfeel.vercel.app,online,A,91.0,Very clean,2,2,0,0,0,0,0.0,1,1,Educational,https://walkwithfeel.vercel.app/,2026-09-13T17:06:33+00:00,
wavetracker.org,online,A,91.0,Very clean,2,2,0,0,0,0,0.0,2,0,Music,https://wavetracker.org/,2026-09-22T17:49:43+00:00,
webodm.org,online,A,91.0,Very clean,2,2,0,0,0,0,0.0,1,0,Educational,https://webodm.org/,2026-09-25T13:02:00+00:00,
www.1flex.org,online,A,91.0,Very clean,2,2,0,0,0,0,0.0,1,1,Streaming,https://www.1flex.org/,2026-09-17T22:29:32+00:00,
www.adultswim.com,online,A,91.0,Very clean,2,2,0,0,0,0,0.0,4,0,Misc Streaming,https://www.adultswim.com/videos/,2026-09-18T06:42:10+00:00,
www.babygearlab.com,online,A,91.0,Very clean,1,1,0,0,0,1,8.1,2,0,Misc,https://www.babygearlab.com/,2026-09-21T14:36:48+00:00,
www.bestpmjobs.com,online,A,91.0,Very clean,2,2,0,0,0,0,0.0,2,0,Misc,https://www.bestpmjobs.com/,2026-09-21T14:36:48+00:00,
www.chronocrash.com,online,A,91.0,Very clean,2,2,0,0,0,0,0.0,2,2,Gaming,https://www.chronocrash.com/,2026-09-12T21:42:32+00:00,
www.electronjs.org,online,A,91.0,Very clean,2,1,0,0,0,2,4.0,1,0,Misc,https://www.electronjs.org/apps,2026-09-25T22:52:29+00:00,
www.enma.lol,online,A,91.0,Very clean,2,2,0,0,0,0,0.0,2,0,Streaming,https://www.enma.lol/,2026-09-24T18:01:53+00:00,
www.entitree.com,online,A,91.0,Very clean,2,2,0,0,0,0,0.0,2,0,Educational,https://www.entitree.com/,2026-09-19T21:48:19+00:00,
www.freedosgames.de,online,A,91.0,Very clean,2,2,0,0,0,0,0.0,1,0,Gaming,https://www.freedosgames.de/,2026-09-25T18:07:54+00:00,
www.haxball.com,online,A,91.0,Very clean,2,2,0,0,0,0,0.0,2,0,Gaming,https://www.haxball.com/,2026-09-20T12:42:06+00:00,
www.linux-live.org,online,A,91.0,Very clean,2,2,0,0,0,0,0.0,2,0,Linux,https://www.linux-live.org/,2026-09-20T17:01:41+00:00,
www.mathcha.io,online,A,91.0,Very clean,2,2,0,0,0,0,0.0,2,0,Educational,https://www.mathcha.io/,2026-09-18T17:16:20+00:00,
www.python.org,online,A,91.0,Very clean,0,0,0,0,0,18,0.0,2,0,Misc,https://www.python.org/jobs/,2026-09-21T14:36:48+00:00,
www.solidaritycinema.com,online,A,91.0,Very clean,2,2,0,0,0,0,0.0,2,0,Streaming,https://www.solidaritycinema.com/,2026-09-24T22:46:15+00:00,
www.timelineify.com,online,A,91.0,Very clean,2,2,0,0,0,0,0.0,2,0,Music,https://www.timelineify.com/,2026-08-23T02:52:34+00:00,
www.yavsrg.net,online,A,91.0,Very clean,2,2,0,0,0,0,0.0,2,0,Gaming,https://www.yavsrg.net/,2026-09-20T07:03:23+00:00,
yenime.net,online,A,91.0,Very clean,2,2,0,0,0,0,0.0,2,0,Streaming,https://yenime.net/,2026-09-13T12:54:24+00:00,
yomitan.wiki,online,A,91.0,Very clean,2,2,0,0,0,0,0.0,2,2,Educational,https://yomitan.wiki/,2026-09-12T21:42:32+00:00,
altmusictv.com,online,A,91.1,Very clean,1,1,0,0,0,1,7.8,2,0,Music,https://altmusictv.com/,2026-09-10T12:24:16+00:00,
www.canlitv.me,online,A,91.1,Very clean,1,1,0,0,0,1,7.8,2,0,Non-Eng,https://www.canlitv.me/,2026-09-23T18:01:31+00:00,
www.mlsysbook.ai,online,A,91.1,Very clean,2,1,0,0,0,2,3.8,1,0,Educational,https://www.mlsysbook.ai/,2026-09-25T18:07:54+00:00,
120minutes.org,online,A,91.2,Very clean,1,1,0,0,0,1,7.6,2,0,Music,https://120minutes.org/,2026-08-30T07:23:55+00:00,
123animehub.cc,online,A,91.2,Very clean,1,1,0,0,0,1,7.7,1,0,Streaming,https://123animehub.cc/,2026-09-08T12:18:11+00:00,
aniliberty.top,online,A,91.2,Very clean,1,1,0,0,0,3,5.5,2,0,Non-Eng,https://aniliberty.top/,2026-09-01T12:45:19+00:00,
animation.filmarchives.jp,online,A,91.2,Very clean,1,1,0,0,0,3,5.5,4,0,Non-Eng Streaming,https://animation.filmarchives.jp/index.html,2026-09-18T06:42:10+00:00,
blossom.alexbainter.com,online,A,91.2,Very clean,2,1,0,0,0,2,3.6,2,0,Misc,https://blossom.alexbainter.com/,2026-09-21T22:53:03+00:00,
bluew.org,online,A,91.2,Very clean,1,1,0,0,0,3,5.5,2,0,Misc,https://bluew.org/,2026-09-20T21:52:34+00:00,
cinegram.tv,online,A,91.2,Very clean,1,1,0,0,0,1,7.6,2,0,Streaming,https://cinegram.tv/,2026-09-24T18:01:53+00:00,
ecoregions.appspot.com,online,A,91.2,Very clean,1,1,0,0,0,3,5.7,2,0,Misc,https://ecoregions.appspot.com/,2026-08-29T17:26:18+00:00,
ericrosenbaum.github.io,online,A,91.2,Very clean,1,1,0,0,0,3,5.7,2,0,Music,https://ericrosenbaum.github.io/MK-1/,2026-09-22T17:49:43+00:00,
gamdie.com,online,A,91.2,Very clean,1,1,0,0,0,1,7.5,2,0,Gaming,https://gamdie.com/,2026-09-19T21:48:19+00:00,
icelandiconline.com,online,A,91.2,Very clean,1,1,0,0,0,3,5.5,2,0,Educational,https://icelandiconline.com/,2026-09-19T16:51:07+00:00,
kinovibe.co,online,A,91.2,Very clean,1,1,0,0,0,1,7.5,2,0,Non-Eng,https://kinovibe.co/,2026-08-24T08:28:51+00:00,
mediaburn.org,online,A,91.2,Very clean,2,1,0,0,0,0,5.7,2,0,Educational,https://mediaburn.org/,2026-09-25T22:52:29+00:00,
moviebite.org,online,A,91.2,Very clean,1,1,0,0,0,2,6.7,2,0,Streaming,https://moviebite.org/,2026-09-24T18:01:53+00:00,
patternradio.withgoogle.com,online,A,91.2,Very clean,2,1,0,0,0,2,3.5,2,0,Educational,https://patternradio.withgoogle.com/,2026-09-19T06:40:29+00:00,
plus.nasa.gov,online,A,91.2,Very clean,2,1,0,0,0,5,0.5,6,0,Educational Streaming,https://plus.nasa.gov/,2026-09-17T22:29:32+00:00,
reflect4.me,online,A,91.2,Very clean,1,1,0,0,0,1,7.7,2,0,Adblock,https://reflect4.me/,2026-09-18T12:26:05+00:00,
rentry.org,online,A,91.2,Very clean,1,1,0,0,0,1,7.5,31,3,Artificial-Intelligence Downloading Educational Gaming Misc Mobile Music Reading,https://rentry.org/pgames,2026-09-12T16:31:29+00:00,
retrocanal.net,online,A,91.2,Very clean,1,1,0,0,0,1,7.7,2,0,Non-Eng,https://retrocanal.net/,2026-09-23T13:04:02+00:00,
sportsbite.org,online,A,91.2,Very clean,1,1,0,0,0,3,5.5,6,6,Streaming,https://sportsbite.org/,2026-08-29T17:26:18+00:00,
www.huntleyarchives.com,online,A,91.2,Very clean,3,1,0,0,0,2,0.6,2,0,Streaming,https://www.huntleyarchives.com/,2026-09-24T18:01:53+00:00,
www.manganato.gg,online,A,91.2,Very clean,1,1,0,0,0,1,7.6,2,2,Reading,https://www.manganato.gg/,2026-09-13T12:54:24+00:00,
www.window-swap.com,online,A,91.2,Very clean,2,1,0,0,0,3,2.6,2,0,Misc,https://www.window-swap.com/,2026-09-21T22:53:03+00:00,
aether.bar,,A,91.3,Very clean,1,1,0,0,0,2,6.3,8,2,Non-Eng Streaming,https://aether.bar/,2026-08-13T16:09:28+00:00,
basketball-video.com,online,A,91.3,Very clean,1,1,0,0,0,1,7.4,2,2,Streaming,https://basketball-video.com/,2026-09-13T12:54:24+00:00,
gfxmountain.com,online,A,91.3,Very clean,1,1,0,0,0,3,5.3,1,0,Storage,https://gfxmountain.com/,2026-09-05T06:19:38+00:00,
lunamultiplayer.com,online,A,91.3,Very clean,1,1,0,0,0,3,5.4,2,0,Educational,https://lunamultiplayer.com/,2026-09-19T06:40:29+00:00,
sitdeck.com,online,A,91.3,Very clean,1,1,0,0,0,2,6.4,1,1,Misc,https://sitdeck.com/,2026-09-13T21:45:32+00:00,
unflipgame.com,online,A,91.3,Very clean,1,1,0,0,0,1,7.3,1,0,Gaming,https://unflipgame.com/,2026-09-25T18:07:54+00:00,
www.ambient-mixer.com,online,A,91.3,Very clean,2,1,0,0,0,0,5.3,2,0,Music,https://www.ambient-mixer.com/,2026-09-22T12:53:35+00:00,
adrama.app,online,A,91.4,Very clean,1,1,0,0,0,1,7.2,5,0,Mobile Streaming,https://adrama.app/,2026-09-17T22:29:32+00:00,
azmth.space,online,A,91.4,Very clean,1,1,0,0,0,2,6.2,1,0,Educational,https://azmth.space/,2026-09-25T13:02:00+00:00,
bangumi.tv,online,A,91.4,Very clean,1,1,0,0,0,1,7.2,2,0,Non-Eng,https://bangumi.tv/,2026-09-22T17:49:43+00:00,
diccionario.handsonlesco.com,online,A,91.4,Very clean,2,1,0,0,0,1,4.2,2,0,Non-Eng,https://diccionario.handsonlesco.com/,2026-09-23T13:04:02+00:00,
dp.la,online,A,91.4,Very clean,1,1,0,0,0,2,6.2,2,0,Reading,https://dp.la/,2026-09-23T18:01:31+00:00,
kinovibe.cc,online,A,91.4,Very clean,1,1,0,0,0,1,7.2,2,0,Non-Eng,https://kinovibe.cc/,2026-09-10T12:24:16+00:00,
magickeyboard.io,online,A,91.4,Very clean,1,1,0,0,0,4,4.2,2,0,Misc,http://magickeyboard.io/,2026-09-21T22:53:03+00:00,
mrkni.tv,online,A,91.4,Very clean,1,1,0,0,0,1,7.2,2,0,Non-Eng,https://mrkni.tv/,2026-09-22T22:28:30+00:00,
pinoymoviepedia.ru,online,A,91.4,Very clean,2,1,0,0,0,3,2.2,2,0,Non-Eng,https://pinoymoviepedia.ru/,2026-09-22T22:28:30+00:00,
vault.gearvr.net,online,A,91.4,Very clean,1,1,0,0,0,1,7.2,2,0,Gaming,https://vault.gearvr.net/,2026-09-19T21:48:19+00:00,
www.calmsound.com,online,A,91.4,Very clean,2,1,0,0,0,3,2.2,1,0,Music,https://www.calmsound.com/,2026-09-27T07:08:34+00:00,
znotes.org,online,A,91.4,Very clean,2,1,0,0,0,4,1.2,1,0,Educational,https://znotes.org/,2026-09-25T18:07:54+00:00,
allyoucanwatch.net,online,A,91.5,Very clean,3,1,0,0,0,0,2.0,2,0,Streaming,https://allyoucanwatch.net/,2026-09-24T18:01:53+00:00,
boomflix.pages.dev,online,A,91.5,Very clean,1,1,0,0,0,2,6.0,1,1,Streaming,https://boomflix.pages.dev/,2026-09-10T12:24:16+00:00,
comicbookreadingorders.com,online,A,91.5,Very clean,1,1,0,0,0,1,7.1,2,2,Reading,https://comicbookreadingorders.com/,2026-09-13T12:54:24+00:00,
cpjourney.net,online,A,91.5,Very clean,1,1,0,0,0,4,3.9,1,0,Gaming,https://cpjourney.net/,2026-09-25T18:07:54+00:00,
dpan.tv,online,A,91.5,Very clean,2,1,0,0,0,2,2.9,4,0,Educational Streaming,https://dpan.tv/,2026-09-17T22:29:32+00:00,
findyourtornadoshelter.com,online,A,91.5,Very clean,1,1,0,0,0,1,7.0,2,0,Misc,https://findyourtornadoshelter.com/,2026-09-21T07:14:22+00:00,
flixsix.com,online,A,91.5,Very clean,1,1,0,0,0,3,5.1,2,0,Non-Eng,https://flixsix.com/,2026-09-23T06:43:24+00:00,
igmdb.com,online,A,91.5,Very clean,1,1,0,0,0,1,7.1,2,0,Streaming,https://igmdb.com/,2026-09-24T22:46:15+00:00,
japanpaw.com,online,A,91.5,Very clean,1,1,0,0,0,1,6.9,2,0,Non-Eng,https://japanpaw.com/,2026-08-31T15:30:14+00:00,
mlblive.net,online,A,91.5,Very clean,1,1,0,0,0,1,7.0,2,0,Streaming,https://mlblive.net/,2026-09-24T22:46:15+00:00,
rugby24.net,online,A,91.5,Very clean,1,1,0,0,0,1,7.1,2,0,Streaming,https://rugby24.net/,2026-09-24T22:46:15+00:00,
seeing-theory.brown.edu,online,A,91.5,Very clean,1,1,0,0,0,3,5.1,2,0,Educational,https://seeing-theory.brown.edu/,2026-09-18T17:16:20+00:00,
subs.sab.bz,online,A,91.5,Very clean,0,0,1,0,0,7,0.0,1,0,Non-Eng,http://subs.sab.bz/,2026-09-27T07:08:34+00:00,
virtual.basilicasanpietro.va,online,A,91.5,Very clean,3,1,0,0,0,2,0.1,2,0,Educational,https://virtual.basilicasanpietro.va/en/basilica-viewer/,2026-09-18T17:16:20+00:00,
www.bayeuxmuseum.com,online,A,91.5,Very clean,1,1,0,0,0,3,4.9,2,0,Educational,https://www.bayeuxmuseum.com/en/the-bayeux-tapestry/discover-the-bayeux-tapestry/explore-online/,2026-09-18T17:16:20+00:00,
www.cheatmsx.com,online,A,91.5,Very clean,1,1,0,0,0,1,7.1,1,0,Gaming,https://www.cheatmsx.com/,2026-09-25T18:07:54+00:00,
www.iranicaonline.org,online,A,91.5,Very clean,2,1,0,0,0,2,3.1,2,0,Reading,https://www.iranicaonline.org/,2026-09-23T22:29:49+00:00,
www.lightyear.fm,online,A,91.5,Very clean,1,1,0,0,0,6,1.9,1,0,Educational,https://www.lightyear.fm/,2026-09-25T13:02:00+00:00,
www.tribalmixes.com,online,A,91.5,Very clean,2,1,0,0,0,2,3.1,2,0,Music,https://www.tribalmixes.com/,2026-09-22T12:53:35+00:00,
xmanhua.com,online,A,91.5,Very clean,1,1,0,0,0,1,6.9,2,0,Non-Eng,https://xmanhua.com/,2026-09-22T22:28:30+00:00,
megapeliculasrip.me,online,A,91.6,Very clean,1,1,0,0,0,1,6.8,2,0,Non-Eng,https://megapeliculasrip.me/,2026-09-23T13:04:02+00:00,
neetcode.io,online,A,91.6,Very clean,1,1,0,0,0,3,4.8,2,0,Educational,https://neetcode.io/,2026-09-19T16:51:07+00:00,
pixomatic.us,online,A,91.6,Very clean,2,1,0,0,0,0,4.8,2,0,Mobile,https://pixomatic.us/,2026-09-22T06:49:41+00:00,
stroke-order.learningweb.moe.edu.tw,online,A,91.6,Very clean,1,1,0,0,0,1,6.8,2,0,Educational,https://stroke-order.learningweb.moe.edu.tw/?la=1,2026-09-19T16:51:07+00:00,
thisissand.com,online,A,91.6,Very clean,1,1,0,0,0,2,5.8,2,0,Misc,https://thisissand.com/,2026-09-21T22:53:03+00:00,
www.onezoom.org,online,A,91.6,Very clean,1,1,0,0,0,1,6.8,2,2,Educational,https://www.onezoom.org/,2026-09-12T21:42:32+00:00,
www.textos.info,online,A,91.6,Very clean,1,1,0,0,0,2,5.8,2,0,Non-Eng,https://www.textos.info/,2026-09-23T18:01:31+00:00,
16bap.theclassicgamer.net,online,A,91.7,Very clean,1,1,0,0,0,4,3.7,2,0,Music,https://16bap.theclassicgamer.net/,2026-09-22T12:53:35+00:00,
aether.st,online,A,91.7,Very clean,2,1,0,0,0,1,3.7,1,1,Streaming,https://aether.st/,2026-09-20T12:42:06+00:00,
echochess.com,online,A,91.7,Very clean,1,1,0,0,0,7,0.6,2,0,Gaming,https://echochess.com/,2026-09-20T07:03:23+00:00,
errozero.co.uk,online,A,91.7,Very clean,1,1,0,0,0,3,4.6,1,1,Music,https://errozero.co.uk/acid-machine/,2026-09-17T17:47:40+00:00,
movie2k.cx,online,A,91.7,Very clean,1,1,0,0,0,1,6.6,2,2,Non-Eng,https://movie2k.cx/,2026-09-13T06:49:25+00:00,
oh.taigi.info,online,A,91.7,Very clean,1,1,0,0,0,1,6.6,2,0,Non-Eng,https://oh.taigi.info/,2026-09-22T17:49:43+00:00,
pelisenhd.org,online,A,91.7,Very clean,1,1,0,0,0,1,6.6,2,0,Non-Eng,https://pelisenhd.org/,2026-08-31T15:30:14+00:00,
slider.cira.colostate.edu,online,A,91.7,Very clean,2,1,0,0,0,2,2.7,1,1,Educational,https://slider.cira.colostate.edu/,2026-09-24T12:57:21+00:00,
sti.nasa.gov,online,A,91.7,Very clean,1,1,0,0,0,1,6.6,1,0,Reading,https://sti.nasa.gov/,2026-09-27T17:58:51+00:00,
www.londonremembers.com,online,A,91.7,Very clean,1,1,0,0,0,6,1.7,4,0,Educational Misc,https://www.londonremembers.com/,2026-09-17T22:29:32+00:00,
www.myfooddata.com,online,A,91.7,Very clean,1,1,0,0,0,1,6.7,2,0,Misc,https://www.myfooddata.com,2026-09-21T07:14:22+00:00,
andymath.com,online,A,91.8,Very clean,1,1,0,0,0,1,6.4,1,0,Educational,https://andymath.com/,2026-09-25T06:39:48+00:00,
anilibria.top,online,A,91.8,Very clean,1,1,0,0,0,2,5.5,2,0,Non-Eng,https://anilibria.top/,2026-08-24T08:28:51+00:00,
detourmap.com,online,A,91.8,Very clean,1,1,0,0,0,1,6.3,1,1,Misc,https://detourmap.com/,2026-09-13T21:45:32+00:00,
dict.mini.moe.edu.tw,online,A,91.8,Very clean,2,1,0,0,0,2,2.4,1,0,Educational,https://dict.mini.moe.edu.tw/,2026-09-25T13:02:00+00:00,
itch.io,online,A,91.8,Very clean,1,1,0,0,0,1,6.5,4,4,Gaming,https://itch.io/games/free/platform-web,2026-09-12T16:31:29+00:00,
m.filmcity12.com,online,A,91.8,Very clean,1,1,0,0,0,2,5.5,2,0,Non-Eng,https://m.filmcity12.com/,2026-09-22T17:49:43+00:00,
musictaste.space,online,A,91.8,Very clean,1,1,0,0,0,2,5.4,1,0,Music,https://musictaste.space/,2026-09-27T07:08:34+00:00,
nippleflix.com,online,A,91.8,Very clean,1,1,0,0,0,2,5.5,2,0,Streaming,https://nippleflix.com/,2026-09-04T12:16:28+00:00,
noxx.gg,online,A,91.8,Very clean,1,1,0,0,0,1,6.5,2,2,Streaming,https://noxx.gg/,2026-09-12T11:45:01+00:00,
nzsl.nz,online,A,91.8,Very clean,2,1,0,0,0,3,1.4,2,0,Educational,https://nzsl.nz/,2026-09-19T16:51:07+00:00,
phishingquiz.withgoogle.com,online,A,91.8,Very clean,1,1,0,0,0,1,6.5,2,0,Adblock,https://phishingquiz.withgoogle.com/,2026-09-27T07:08:34+00:00,
pianocheetah.app,online,A,91.8,Very clean,1,1,0,0,0,1,6.4,1,0,Educational,https://pianocheetah.app,2026-09-25T13:02:00+00:00,
tccc.org.ua,online,A,91.8,Very clean,2,1,0,0,0,1,3.4,1,0,Educational,https://tccc.org.ua/en,2026-09-25T13:02:00+00:00,
weebcentral.com,online,A,91.8,Very clean,1,1,0,0,0,1,6.3,2,2,Reading,https://weebcentral.com/,2026-09-13T12:54:24+00:00,
www.cinemargentino.com,online,A,91.8,Very clean,2,1,0,0,0,0,4.5,2,0,Non-Eng,https://www.cinemargentino.com/,2026-09-23T13:04:02+00:00,
www.gameye.app,online,A,91.8,Very clean,1,1,0,0,0,1,6.5,2,0,Mobile,https://www.gameye.app/,2026-09-22T06:49:41+00:00,
www.gresham.ac.uk,online,A,91.8,Very clean,1,1,0,0,0,0,7.5,2,0,Educational,https://www.gresham.ac.uk/,2026-09-18T17:16:20+00:00,
www.histologyguide.org,online,A,91.8,Very clean,1,1,0,0,0,1,6.4,2,0,Educational,https://www.histologyguide.org/index.html,2026-09-19T06:40:29+00:00,
www.khanacademy.org,online,A,91.8,Very clean,1,1,0,0,0,0,7.3,5,4,Educational,https://www.khanacademy.org/,2026-09-12T16:31:29+00:00,
www.kindlebangla.com,online,A,91.8,Very clean,1,1,0,0,0,1,6.5,2,0,Non-Eng,https://www.kindlebangla.com/,2026-09-22T17:49:43+00:00,
www.sixdegreesofhiphop.com,online,A,91.8,Very clean,1,1,0,0,0,2,5.3,2,0,Music,https://www.sixdegreesofhiphop.com/,2026-09-22T17:49:43+00:00,
xwmx.github.io,online,A,91.8,Very clean,2,1,0,0,0,2,2.5,1,0,Linux,https://xwmx.github.io/nb,2026-09-25T22:52:29+00:00,
aether.ist,online,A,91.9,Very clean,1,1,0,0,0,1,6.2,8,2,Non-Eng Streaming,https://aether.ist/,2026-09-21T14:36:48+00:00,
doodles.google,online,A,91.9,Very clean,2,1,0,0,0,1,3.2,2,0,Misc,https://doodles.google/,2026-09-21T22:53:03+00:00,
eveningkid.com,online,A,91.9,Very clean,1,1,0,0,0,1,6.2,2,0,Mobile,https://eveningkid.com/success/,2026-09-22T06:49:41+00:00,
filmflix.ro,online,A,91.9,Very clean,1,1,0,0,0,1,6.2,2,0,Non-Eng,https://filmflix.ro/,2026-09-23T13:04:02+00:00,
latanime.org,online,A,91.9,Very clean,1,1,0,0,0,1,6.2,2,0,Non-Eng,https://latanime.org/,2026-09-23T13:04:02+00:00,
morphe.software,online,A,91.9,Very clean,2,1,0,0,0,1,3.2,6,6,Mobile,https://morphe.software/,2026-09-12T16:31:29+00:00,
nextspaceflight.com,online,A,91.9,Very clean,1,1,0,0,0,1,6.2,2,0,Educational,https://nextspaceflight.com/,2026-09-19T06:40:29+00:00,
platform.leolabs.space,online,A,91.9,Very clean,2,1,0,0,0,2,2.2,2,0,Educational,https://platform.leolabs.space/visualization,2026-09-19T06:40:29+00:00,
playlethal.fun,online,A,91.9,Very clean,1,1,0,0,0,1,6.2,2,0,Gaming,https://playlethal.fun/,2026-09-20T07:03:23+00:00,
thebanmappingproject.com,online,A,91.9,Very clean,2,1,0,0,0,2,2.2,2,0,Misc,https://thebanmappingproject.com/,2026-09-21T07:14:22+00:00,
watabou.github.io,online,A,91.9,Very clean,1,1,0,0,0,1,6.2,1,0,Gaming,https://watabou.github.io/,2026-09-25T18:07:54+00:00,
www.diamm.ac.uk,online,A,91.9,Very clean,1,1,0,0,0,1,6.2,3,0,Reading Storage,https://www.diamm.ac.uk/,2026-09-18T12:26:05+00:00,
www.dimensions.com,online,A,91.9,Very clean,1,1,0,0,0,1,6.2,2,0,Educational,https://www.dimensions.com/,2026-09-19T12:07:10+00:00,
www.tunemymusic.com,online,A,91.9,Very clean,1,1,0,0,0,3,4.2,3,0,Music,https://www.tunemymusic.com/,2026-09-18T12:26:05+00:00,
123moviesfree.club,online,A,92.0,Very clean,1,1,0,0,0,6,1.1,1,0,Streaming,https://123moviesfree.club/,2026-09-09T12:30:35+00:00,
bad.cards,online,A,92.0,Very clean,1,1,0,0,0,2,5.1,1,0,Gaming,https://bad.cards/,2026-09-25T18:07:54+00:00,
easterneuropeanmovies.com,online,A,92.0,Very clean,1,1,0,0,0,5,2.0,2,0,Streaming,https://easterneuropeanmovies.com/,2026-09-24T18:01:53+00:00,
hkmtrmap.com,online,A,92.0,Very clean,1,1,0,0,0,3,4.1,2,0,Misc,https://hkmtrmap.com/,2026-09-17T12:47:49+00:00,
jaimelightfoot.com,online,A,92.0,Very clean,2,1,0,0,0,2,1.9,1,0,Educational,https://jaimelightfoot.com/blog/so-you-want-to-ctf-a-beginners-guide/,2026-09-25T18:07:54+00:00,
libreflix.org,online,A,92.0,Very clean,1,1,0,0,0,3,3.9,2,0,Non-Eng,https://libreflix.org,2026-09-23T06:43:24+00:00,
lifeundertheice.org,online,A,92.0,Very clean,2,1,0,0,0,3,0.9,2,0,Educational,https://lifeundertheice.org/,2026-09-19T06:40:29+00:00,
origamisimulator.org,online,A,92.0,Very clean,1,1,0,0,0,3,4.0,2,0,Misc,https://origamisimulator.org/,2026-09-21T22:53:03+00:00,
pinoymovieshub.win,online,A,92.0,Very clean,1,1,0,0,0,2,5.0,2,0,Non-Eng,https://pinoymovieshub.win/,2026-09-24T12:57:21+00:00,
sdcason.com,online,A,92.0,Very clean,2,1,0,0,0,2,2.1,1,0,Storage,https://sdcason.com/categories/,2026-09-28T07:40:47+00:00,
steamrip.com,online,A,92.0,Very clean,1,1,0,0,0,1,5.9,2,2,Gaming,https://steamrip.com/,2026-09-12T21:42:32+00:00,
streamingunity.win,online,A,92.0,Very clean,1,1,0,0,0,0,6.9,2,0,Non-Eng,https://streamingunity.win/it,2026-09-24T12:57:21+00:00,
www.chessarena.ai,online,A,92.0,Very clean,1,1,0,0,0,2,5.1,2,0,Artificial-Intelligence,https://www.chessarena.ai/,2026-09-18T17:16:20+00:00,
www.comicbookcanon.com,online,A,92.0,Very clean,1,1,0,0,0,1,6.1,2,0,Reading,https://www.comicbookcanon.com/,2026-09-24T06:47:05+00:00,
www.novelcool.com,online,A,92.0,Very clean,1,1,0,0,0,1,6.1,2,2,Reading,https://www.novelcool.com/,2026-09-13T12:54:24+00:00,
www.sport-video.org.ua,online,A,92.0,Very clean,1,1,0,0,0,1,5.9,2,0,Streaming,https://www.sport-video.org.ua/,2026-09-24T22:46:15+00:00,
www.tumblr.com,online,A,92.0,Very clean,3,1,0,0,0,1,0.0,1,0,Storage,https://www.tumblr.com/digitalbrushes,2026-09-17T12:47:49+00:00,
www.visualizingsep.com,online,A,92.0,Very clean,1,1,0,0,0,1,6.0,1,1,Educational,https://www.visualizingsep.com/,2026-09-13T17:06:33+00:00,
ai-bingo.lipsumar.io,online,A,92.1,Very clean,1,1,0,0,0,1,5.8,2,0,Gaming,https://ai-bingo.lipsumar.io/,2026-09-20T12:42:06+00:00,
char64.itch.io,online,A,92.1,Very clean,1,1,0,0,0,0,6.8,2,0,Gaming,https://char64.itch.io/partyproject,2026-09-20T07:03:23+00:00,
foggynotion-flac.blogspot.com,online,A,92.1,Very clean,1,1,0,0,0,1,5.8,2,0,Music,https://foggynotion-flac.blogspot.com/,2026-09-06T16:26:26+00:00,
ij.imjoy.io,online,A,92.1,Very clean,2,1,0,0,0,2,1.8,1,0,Educational,https://ij.imjoy.io/,2026-09-02T17:21:05+00:00,
www.pi.fyi,online,A,92.1,Very clean,1,1,0,0,0,3,3.8,2,0,Misc,https://www.pi.fyi/,2026-09-21T14:36:48+00:00,
anikura.club,online,A,92.2,Very clean,1,1,0,0,0,0,6.7,2,0,Streaming,https://anikura.club/,2026-09-24T18:01:53+00:00,
bemuse.ninja,online,A,92.2,Very clean,1,1,0,0,0,5,1.7,2,0,Gaming,https://bemuse.ninja/,2026-09-20T12:42:06+00:00,
itsbetterwithai.com,online,A,92.2,Very clean,1,1,0,0,0,1,5.7,2,0,Artificial-Intelligence,https://itsbetterwithai.com/,2026-09-18T17:16:20+00:00,
moviesleech.club,online,A,92.2,Very clean,1,1,0,0,0,1,5.6,2,0,Non-Eng,https://moviesleech.club/,2026-09-24T12:57:21+00:00,
onionplay.st,online,A,92.2,Very clean,2,1,0,0,0,2,1.7,2,0,Streaming,https://onionplay.st/,2026-09-01T12:45:19+00:00,
outsidesimulator.com,online,A,92.2,Very clean,1,1,0,0,0,3,3.7,1,1,Educational,https://outsidesimulator.com/,2026-09-13T17:06:33+00:00,
pixel.land,online,A,92.2,Very clean,1,1,0,0,0,1,5.6,1,0,Misc,https://pixel.land/,2026-09-26T12:31:41+00:00,
shots.so,online,A,92.2,Very clean,1,1,0,0,0,5,1.6,2,2,Storage,https://shots.so/,2026-09-27T17:58:51+00:00,
thesilentlibrary.com,online,A,92.2,Very clean,1,1,0,0,0,1,5.6,2,0,Streaming,https://thesilentlibrary.com/,2026-09-24T18:01:53+00:00,
web860x.faselhdx.life,online,A,92.2,Very clean,1,1,0,0,0,1,5.5,2,2,Non-Eng,https://web860x.faselhdx.life/,2026-08-29T22:00:23+00:00,
wholeearth.info,online,A,92.2,Very clean,1,1,0,0,0,1,5.7,2,0,Reading,https://wholeearth.info/,2026-09-23T22:29:49+00:00,
www.anime-sharing.com,online,A,92.2,Very clean,1,1,0,0,0,1,5.7,2,0,Streaming,https://www.anime-sharing.com/,2026-09-24T22:46:15+00:00,
www.compoundchem.com,online,A,92.2,Very clean,2,1,0,0,0,1,2.6,2,0,Educational,https://www.compoundchem.com/infographics/,2026-09-19T06:40:29+00:00,
www.liftosaur.com,online,A,92.2,Very clean,1,1,0,0,0,3,3.5,2,0,Misc,https://www.liftosaur.com/,2026-09-21T07:14:22+00:00,
www.playary.com,online,A,92.2,Very clean,1,1,0,0,0,2,4.6,2,0,Streaming,https://www.playary.com/,2026-09-24T18:01:53+00:00,
www.soosl.net,online,A,92.2,Very clean,2,1,0,0,0,2,1.5,2,0,Educational,https://www.soosl.net/,2026-09-19T16:51:07+00:00,
zingmp3.vn,online,A,92.2,Very clean,1,1,0,0,0,3,3.5,2,0,Non-Eng,https://zingmp3.vn/,2026-09-13T12:54:24+00:00,
adarkroom.doublespeakgames.com,online,A,92.3,Very clean,1,1,0,0,0,1,5.3,2,0,Gaming,https://adarkroom.doublespeakgames.com/,2026-09-20T12:42:06+00:00,
anicine.xyz,online,A,92.3,Very clean,1,1,0,0,0,1,5.3,2,2,Streaming,https://anicine.xyz/,2026-09-17T17:47:40+00:00,
ascii.theater,online,A,92.3,Very clean,2,1,0,0,0,3,0.3,2,0,Misc,https://ascii.theater/,2026-09-21T22:53:03+00:00,
booksunbanned.com,online,A,92.3,Very clean,1,1,0,0,0,1,5.4,2,0,Reading,https://booksunbanned.com/,2026-09-24T06:47:05+00:00,
diffusionbee.com,online,A,92.3,Very clean,1,1,0,0,0,1,5.3,2,2,Artificial-Intelligence,https://diffusionbee.com/,2026-09-12T21:42:32+00:00,
kinostrain.com,online,A,92.3,Very clean,1,1,0,0,0,1,5.3,2,0,Non-Eng,http://kinostrain.com/,2026-09-23T18:01:31+00:00,
komiku.org,online,A,92.3,Very clean,1,1,0,0,0,1,5.4,2,0,Non-Eng,https://komiku.org/,2026-09-09T12:30:35+00:00,
whoishiring.io,online,A,92.3,Very clean,1,1,0,0,0,3,3.3,1,0,Misc,https://whoishiring.io/,2026-09-26T12:31:41+00:00,
www.tododvdfull.com,online,A,92.3,Very clean,1,1,0,0,0,3,3.4,2,0,Non-Eng,https://www.tododvdfull.com/,2026-09-23T13:04:02+00:00,
www.uclpress.co.uk,online,A,92.3,Very clean,1,1,0,0,0,1,5.3,2,0,Reading,https://www.uclpress.co.uk/,2026-09-23T22:29:49+00:00,
cemc.uwaterloo.ca,online,A,92.4,Very clean,2,1,0,0,0,1,2.2,3,2,Educational,https://cemc.uwaterloo.ca/resources/courseware,2026-09-18T06:42:10+00:00,
cherryai.com,online,A,92.4,Very clean,1,1,0,0,0,2,4.2,2,2,Artificial-Intelligence,https://cherryai.com/,2026-09-17T17:47:40+00:00,
cine.su,online,A,92.4,Very clean,1,1,0,0,0,2,4.2,2,0,Streaming,https://cine.su/,2026-08-25T08:25:42+00:00,
cinehdplus.org,online,A,92.4,Very clean,1,1,0,0,0,1,5.2,2,0,Non-Eng,https://cinehdplus.org/,2026-08-31T15:30:14+00:00,
operavision.eu,online,A,92.4,Very clean,2,1,0,0,0,3,0.2,2,0,Music,https://operavision.eu/,2026-09-22T12:53:35+00:00,
www.animebatch.id,online,A,92.4,Very clean,1,1,0,0,0,5,1.2,2,0,Non-Eng,https://www.animebatch.id/,2026-09-23T06:43:24+00:00,
www.cheapcharts.com,online,A,92.4,Very clean,1,1,0,0,0,3,3.2,3,0,Misc,https://www.cheapcharts.com/us/itunes/ebooks/on-sale,2026-09-07T13:41:48+00:00,
www.cvat.ai,online,A,92.4,Very clean,2,1,0,0,0,3,0.2,1,0,Misc,https://www.cvat.ai/,2026-09-26T12:31:41+00:00,
www.museivaticani.va,online,A,92.4,Very clean,1,1,0,0,0,1,5.2,2,0,Educational,https://www.museivaticani.va/content/museivaticani/en/collezioni/musei/tour-virtuali-elenco.html,2026-09-18T17:16:20+00:00,
backrooms-wiki.wikidot.com,online,A,92.5,Very clean,3,1,0,0,0,0,0.1,1,0,Reading,https://backrooms-wiki.wikidot.com/,2026-09-27T17:58:51+00:00,
cantunsee.space,online,A,92.5,Very clean,2,1,0,0,0,3,0.0,2,0,Educational,https://cantunsee.space/,2026-09-19T16:51:07+00:00,
composeicons.com,online,A,92.5,Very clean,0,0,1,0,0,5,0.0,1,0,Storage,https://composeicons.com/,2026-08-29T08:22:00+00:00,
gamersnexus.net,online,A,92.5,Very clean,1,1,0,0,0,0,6.1,2,2,Misc,https://gamersnexus.net/,2026-09-13T06:49:25+00:00,
help.iheart.com,online,A,92.5,Very clean,3,1,0,0,0,0,0.0,1,0,Music,https://help.iheart.com/hc//articles/228919427,2026-09-27T07:08:34+00:00,
komiku.id,online,A,92.5,Very clean,1,1,0,0,0,1,5.0,2,0,Non-Eng,https://komiku.id/,2026-08-24T02:54:08+00:00,
labmode.co.uk,online,A,92.5,Very clean,1,1,0,0,0,1,4.9,2,2,Educational,https://labmode.co.uk/,2026-09-12T21:42:32+00:00,
lionbot.org,online,A,92.5,Very clean,1,1,0,0,0,1,5.0,2,2,Educational,https://lionbot.org,2026-09-12T21:42:32+00:00,
martin-laxenaire.fr,online,A,92.5,Very clean,1,1,0,0,0,3,2.9,2,0,Educational,https://martin-laxenaire.fr/experiments/8000ers/#/everest,2026-09-19T12:07:10+00:00,
musicdex.org,online,A,92.5,Very clean,1,1,0,0,0,3,3.0,2,0,Music,https://musicdex.org/,2026-09-22T12:53:35+00:00,
novelphoenix.com,online,A,92.5,Very clean,1,1,0,0,0,1,5.0,1,1,Reading,https://novelphoenix.com/,2026-09-17T17:47:40+00:00,
photogpt.io,online,A,92.5,Very clean,1,1,0,0,0,2,4.1,2,0,Artificial-Intelligence,https://photogpt.io/,2026-09-18T12:26:05+00:00,
rocumentaries.com,online,A,92.5,Very clean,2,1,0,0,0,1,2.0,2,0,Educational,https://rocumentaries.com/,2026-09-18T17:16:20+00:00,
streamingcommunityz.photos,online,A,92.5,Very clean,1,1,0,0,0,0,6.0,2,0,Non-Eng,https://streamingcommunityz.photos/,2026-09-24T12:57:21+00:00,
waifulabs.com,online,A,92.5,Very clean,2,1,0,0,0,2,1.0,2,0,Misc,https://waifulabs.com/,2026-09-22T06:49:41+00:00,
www.planetpublish.com,online,A,92.5,Very clean,3,1,0,0,0,0,0.0,2,0,Reading,https://www.planetpublish.com/,2026-09-23T18:01:31+00:00,
www.xcinema.ro,online,A,92.5,Very clean,1,1,0,0,0,1,5.0,2,0,Non-Eng,https://www.xcinema.ro/,2026-09-23T13:04:02+00:00,
youarelistening.to,online,A,92.5,Very clean,2,1,0,0,0,3,0.0,2,0,Music,https://youarelistening.to/,2026-09-22T12:53:35+00:00,
4kw.in,online,A,92.6,Very clean,1,1,0,0,0,1,4.8,2,0,Reading,https://4kw.in/,2026-09-23T22:29:49+00:00,
cscircles.cemc.uwaterloo.ca,online,A,92.6,Very clean,2,1,0,0,0,1,1.8,1,0,Educational,https://cscircles.cemc.uwaterloo.ca/,2026-09-25T18:07:54+00:00,
datazone.birdlife.org,online,A,92.6,Very clean,2,1,0,0,0,2,0.8,2,0,Educational,https://datazone.birdlife.org/,2026-09-19T06:40:29+00:00,
macrostrat.org,online,A,92.6,Very clean,1,1,0,0,0,3,2.8,2,0,Misc,https://macrostrat.org/,2026-09-21T07:14:22+00:00,
podcast24.fi,online,A,92.6,Very clean,1,1,0,0,0,2,3.8,2,0,Non-Eng,https://podcast24.fi/,2026-09-22T22:28:30+00:00,
streamingcommunityz.red,online,A,92.6,Very clean,1,1,0,0,0,0,5.8,2,0,Non-Eng,https://streamingcommunityz.red/,2026-09-23T06:43:24+00:00,
watabou.itch.io,online,A,92.6,Very clean,1,1,0,0,0,0,5.8,2,0,Gaming,https://watabou.itch.io/,2026-09-20T12:42:06+00:00,
www.cclm.cl,online,A,92.6,Very clean,1,1,0,0,0,0,5.8,4,0,Non-Eng Streaming,https://www.cclm.cl/cineteca-online,2026-09-18T06:42:10+00:00,
www.dnd-compendium.com,online,A,92.6,Very clean,2,1,0,0,0,1,1.8,2,2,Educational,https://www.dnd-compendium.com/,2026-09-12T21:42:32+00:00,
www.latinomegahd.net,online,A,92.6,Very clean,1,1,0,0,0,3,2.8,2,0,Non-Eng,https://www.latinomegahd.net/,2026-09-23T13:04:02+00:00,
zxcprime.icu,online,A,92.6,Very clean,1,1,0,0,0,1,4.8,2,0,Streaming,https://zxcprime.icu/,2026-09-24T18:01:53+00:00,
anidao.to,online,A,92.7,Very clean,1,1,0,0,0,1,4.7,1,0,Streaming,https://anidao.to/,2026-09-04T12:16:28+00:00,
animesalt.top,,A,92.7,Very clean,1,1,0,0,0,2,3.6,3,1,Non-Eng Streaming,https://animesalt.top/,2026-08-14T14:46:47+00:00,
audiobookbay.lu,online,A,92.7,Very clean,1,1,0,0,0,1,4.7,2,2,Reading,https://audiobookbay.lu/,2026-09-13T12:54:24+00:00,
live.viks.tv,online,A,92.7,Very clean,1,1,0,0,0,1,4.6,2,0,Non-Eng,http://live.viks.tv/,2026-09-23T13:04:02+00:00,
manhwaweb.top,online,A,92.7,Very clean,1,1,0,0,0,1,4.6,2,0,Non-Eng,https://manhwaweb.top/,2026-09-26T12:31:41+00:00,
thehiveindex.com,online,A,92.7,Very clean,1,1,0,0,0,1,4.6,2,0,Misc,https://thehiveindex.com/,2026-09-21T14:36:48+00:00,
thisweekinvideogames.com,online,A,92.7,Very clean,1,1,0,0,0,1,4.6,2,0,Misc,https://thisweekinvideogames.com/news/,2026-09-21T07:14:22+00:00,
vdoc.pub,online,A,92.7,Very clean,1,1,0,0,0,1,4.6,2,0,Reading,https://vdoc.pub/,2026-09-23T22:29:49+00:00,
weatherstar.netbymatt.com,online,A,92.7,Very clean,1,1,0,0,0,1,4.7,1,0,Misc,https://weatherstar.netbymatt.com/,2026-09-26T12:31:41+00:00,
webcassette.klevgrand.se,online,A,92.7,Very clean,1,1,0,0,0,1,4.7,2,0,Misc,https://webcassette.klevgrand.se/,2026-09-21T22:53:03+00:00,
www.primeshows.org,online,A,92.7,Very clean,1,1,0,0,0,2,3.7,2,2,Streaming,https://www.primeshows.org/,2026-09-13T12:54:24+00:00,
www.serializd.com,online,A,92.7,Very clean,1,1,0,0,0,1,4.6,2,2,Streaming,https://www.serializd.com/,2026-09-13T12:54:24+00:00,
asta.allen.ai,online,A,92.8,Very clean,1,1,0,0,0,1,4.4,2,0,Reading,https://asta.allen.ai/,2026-09-24T06:47:05+00:00,
chowdsp.com,online,A,92.8,Very clean,1,1,0,0,0,1,4.5,1,0,Music,https://chowdsp.com/products.html,2026-09-27T07:08:34+00:00,
cinehub.one,online,A,92.8,Very clean,1,1,0,0,0,2,3.3,1,0,Streaming,https://cinehub.one/,2026-08-29T08:22:00+00:00,
dance-music.org,online,A,92.8,Very clean,2,1,0,0,0,0,2.3,4,0,Music,https://dance-music.org/,2026-09-18T06:42:10+00:00,
darebeets.com,online,A,92.8,Very clean,1,1,0,0,0,1,4.4,2,0,Misc,https://darebeets.com/,2026-09-20T21:52:34+00:00,
dolici.com,online,A,92.8,Very clean,1,1,0,0,0,2,3.3,2,0,Misc,https://dolici.com/,2026-09-20T21:52:34+00:00,
esawebb.org,online,A,92.8,Very clean,1,1,0,0,0,3,2.4,1,0,Educational,https://esawebb.org/,2026-09-25T13:02:00+00:00,
fullstackopen.com,online,A,92.8,Very clean,1,1,0,0,0,3,2.3,2,2,Educational,https://fullstackopen.com/en/,2026-09-12T21:42:32+00:00,
funwebsite.fun,online,A,92.8,Very clean,1,1,0,0,0,2,3.3,2,0,Misc,https://funwebsite.fun/,2026-09-21T22:53:03+00:00,
grubpick.com,online,A,92.8,Very clean,1,1,0,0,0,1,4.3,1,1,Misc,https://grubpick.com/,2026-09-13T21:45:32+00:00,
languageguessr.io,online,A,92.8,Very clean,1,1,0,0,0,1,4.4,2,0,Gaming,https://languageguessr.io/,2026-09-20T17:01:41+00:00,
lastmuseum.com,online,A,92.8,Very clean,1,1,0,0,0,1,4.4,2,0,Storage,https://lastmuseum.com/,2026-09-24T12:57:21+00:00,
moflix-stream.xyz,online,A,92.8,Very clean,2,1,0,0,0,1,1.3,2,2,Non-Eng,https://moflix-stream.xyz/,2026-09-13T06:49:25+00:00,
mused.com,online,A,92.8,Very clean,2,1,0,0,0,2,0.3,4,0,Educational Misc,https://mused.com/,2026-09-17T22:29:32+00:00,
opensourcegen.com,online,A,92.8,Very clean,2,1,0,0,0,2,0.5,2,0,Artificial-Intelligence,https://opensourcegen.com/,2026-09-18T12:26:05+00:00,
readthistwice.com,online,A,92.8,Very clean,1,1,0,0,0,1,4.4,1,0,Reading,https://readthistwice.com/,2026-09-27T17:58:51+00:00,
rocketlaunch.org,online,A,92.8,Very clean,2,1,0,0,0,0,2.3,1,0,Educational,https://rocketlaunch.org/,2026-09-25T13:02:00+00:00,
talosintelligence.com,online,A,92.8,Very clean,1,1,0,0,0,4,1.3,2,0,Adblock,https://talosintelligence.com/,2026-09-18T06:42:10+00:00,
timeline.knightlab.com,online,A,92.8,Very clean,1,1,0,0,0,1,4.5,1,0,Misc,https://timeline.knightlab.com/,2026-09-26T12:31:41+00:00,
web.evanchen.cc,online,A,92.8,Very clean,1,1,0,0,0,3,2.3,1,1,Educational,https://web.evanchen.cc/,2026-09-13T17:06:33+00:00,
www.bignox.com,online,A,92.8,Very clean,2,1,0,0,0,1,1.3,3,0,Linux Mobile,https://www.bignox.com/,2026-09-18T06:42:10+00:00,
www.breyerhorseref.com,online,A,92.8,Very clean,1,1,0,0,0,1,4.5,2,0,Misc,https://www.breyerhorseref.com/,2026-09-21T14:36:48+00:00,
www.matthewsiu.com,online,A,92.8,Very clean,1,1,0,0,0,2,3.4,2,0,Misc,https://www.matthewsiu.com/local-map,2026-09-20T21:52:34+00:00,
www.thoriumreader.com,online,A,92.8,Very clean,1,1,0,0,0,1,4.4,2,0,Reading,https://www.thoriumreader.com/,2026-09-10T12:24:16+00:00,
labs.google,online,A,92.9,Very clean,2,1,0,0,0,2,0.2,7,7,Artificial-Intelligence,https://labs.google/fx/tools/flow,2026-09-12T16:31:29+00:00,
triode.app,online,A,92.9,Very clean,1,1,0,0,0,1,4.2,2,2,Mobile,https://triode.app/,2026-09-13T06:49:25+00:00,
www.cdc.gov,online,A,92.9,Very clean,1,1,0,0,0,2,3.2,3,2,Misc,https://www.cdc.gov/,2026-09-12T16:31:29+00:00,
1xanimes.com,online,A,93.0,Very clean,1,1,0,0,0,1,4.0,2,0,Non-Eng,https://1xanimes.com/,2026-09-23T06:43:24+00:00,
companion.injectprompt.com,online,A,93.0,Very clean,1,1,0,0,0,1,4.1,2,0,Artificial-Intelligence,https://companion.injectprompt.com/,2026-09-18T17:16:20+00:00,
composables.com,online,A,93.0,Very clean,0,0,1,0,0,4,0.0,1,0,Storage,https://composables.com/icons,2026-09-10T12:24:16+00:00,
digitalfilmarchive.net,online,A,93.0,Very clean,1,1,0,0,0,1,3.9,2,0,Streaming,https://digitalfilmarchive.net/,2026-09-24T18:01:53+00:00,
distribyted.com,online,A,93.0,Very clean,1,1,0,0,0,1,3.9,2,0,Torrenting,https://distribyted.com/,2026-09-25T06:39:48+00:00,
hemonc.org,online,A,93.0,Very clean,1,1,0,0,0,5,0.0,2,0,Educational,https://hemonc.org/,2026-09-19T06:40:29+00:00,
issinrealtime.org,online,A,93.0,Very clean,1,1,0,0,0,2,2.9,2,0,Educational,https://issinrealtime.org/,2026-09-19T06:40:29+00:00,
k-drama.in,online,A,93.0,Very clean,1,1,0,0,0,0,5.0,2,0,Streaming,https://k-drama.in/,2026-09-20T12:42:06+00:00,
likemanga.ink,online,A,93.0,Very clean,1,1,0,0,0,1,4.0,2,0,Reading,https://likemanga.ink/,2026-09-09T12:30:35+00:00,
luminocity3d.org,online,A,93.0,Very clean,1,1,0,0,0,3,2.0,2,0,Misc,https://luminocity3d.org/WorldPopDen/,2026-09-21T07:14:22+00:00,
nekowatch.xyz,online,A,93.0,Very clean,1,1,0,0,0,4,1.0,2,0,Streaming,https://nekowatch.xyz/,2026-09-24T18:01:53+00:00,
orgsyn.org,online,A,93.0,Very clean,1,1,0,0,0,2,2.9,2,0,Educational,https://orgsyn.org/Default.aspx,2026-09-19T06:40:29+00:00,
readlang.com,online,A,93.0,Very clean,1,1,0,0,0,1,4.1,2,2,Educational,https://readlang.com/,2026-09-12T21:42:32+00:00,
swayam.gov.in,online,A,93.0,Very clean,1,1,0,0,0,1,3.9,2,0,Non-Eng,https://swayam.gov.in/,2026-09-23T06:43:24+00:00,
triviart.live,online,A,93.0,Very clean,1,1,0,0,0,1,3.9,2,0,Misc,https://triviart.live/,2026-09-21T22:53:03+00:00,
ui.aceternity.com,online,A,93.0,Very clean,0,0,0,0,0,14,0.0,1,0,Storage,https://ui.aceternity.com/,2026-08-28T13:26:35+00:00,
www.catatannusantara.com,online,A,93.0,Very clean,1,1,0,0,0,1,4.0,2,0,Non-Eng,https://www.catatannusantara.com/pustaka,2026-09-23T06:43:24+00:00,
www.cinematheque-bretagne.bzh,online,A,93.0,Very clean,1,1,0,0,0,3,2.1,2,0,Non-Eng,https://www.cinematheque-bretagne.bzh/,2026-09-22T22:28:30+00:00,
www.etrdream.com,online,A,93.0,Very clean,1,1,0,0,0,2,3.0,2,0,Non-Eng,https://www.etrdream.com/,2026-09-22T17:49:43+00:00,
www.map.signalbox.io,online,A,93.0,Very clean,1,1,0,0,0,3,2.0,2,0,Misc,https://www.map.signalbox.io/,2026-09-21T07:14:22+00:00,
www.pixeden.com,online,A,93.0,Very clean,1,1,0,0,0,2,3.1,1,0,Storage,https://www.pixeden.com/,2026-09-28T07:40:47+00:00,
www.raiscuola.rai.it,online,A,93.0,Very clean,1,1,0,0,0,0,5.1,2,0,Non-Eng,https://www.raiscuola.rai.it/italianoperstranieri,2026-09-23T06:43:24+00:00,
www.researchrabbit.ai,online,A,93.0,Very clean,1,1,0,0,0,1,3.9,1,0,Educational,https://www.researchrabbit.ai/,2026-09-25T18:07:54+00:00,
aggrocrab.itch.io,online,A,93.1,Very clean,1,1,0,0,0,1,3.8,2,0,Music,https://aggrocrab.itch.io/partyengine,2026-09-22T17:49:43+00:00,
alexhuneycutt.gumroad.com,online,A,93.1,Very clean,2,1,0,0,0,1,0.8,2,0,Educational,https://alexhuneycutt.gumroad.com/l/free_curriculum,2026-09-19T12:07:10+00:00,
papercookies.itch.io,online,A,93.1,Very clean,1,1,0,0,0,0,4.8,2,0,Misc,https://papercookies.itch.io/cursor-car,2026-09-21T22:53:03+00:00,
peliculas-dvdrip.com,online,A,93.1,Very clean,1,1,0,0,0,1,3.8,2,0,Non-Eng,https://peliculas-dvdrip.com/,2026-09-23T13:04:02+00:00,
streamingunity.vip,online,A,93.1,Very clean,1,1,0,0,0,0,4.8,4,0,Non-Eng Streaming,https://streamingunity.vip/,2026-09-10T12:24:16+00:00,
tramphim5.org,online,A,93.1,Very clean,1,1,0,0,0,2,2.8,2,0,Non-Eng,https://tramphim5.org/,2026-09-10T12:24:16+00:00,
transharmreduction.org,online,A,93.1,Very clean,1,1,0,0,0,1,3.8,5,0,Misc,https://transharmreduction.org/,2026-09-17T22:29:32+00:00,
www.londonunderground.live,online,A,93.1,Very clean,1,1,0,0,0,2,2.8,1,0,Misc,https://www.londonunderground.live/,2026-09-25T22:52:29+00:00,
animesalt.cx,online,A,93.2,Very clean,1,1,0,0,0,1,3.7,3,1,Non-Eng Streaming,https://animesalt.cx/,2026-09-24T12:57:21+00:00,
aniwatchtv.cx,online,A,93.2,Very clean,1,1,0,0,0,1,3.6,1,0,Streaming,https://aniwatchtv.cx/,2026-09-10T12:24:16+00:00,
cinevibe.to,online,A,93.2,Very clean,1,1,0,0,0,1,3.5,2,0,Streaming,https://cinevibe.to/,2026-08-25T08:25:42+00:00,
cylinders.library.ucsb.edu,online,A,93.2,Very clean,1,1,0,0,0,1,3.7,2,2,Music,https://cylinders.library.ucsb.edu/index.php,2026-09-13T06:49:25+00:00,
loc.closertotruth.com,online,A,93.2,Very clean,1,1,0,0,0,1,3.7,2,0,Educational,https://loc.closertotruth.com/,2026-09-19T12:07:10+00:00,
nfl-replays.com,online,A,93.2,Very clean,1,1,0,0,0,1,3.5,1,0,Streaming,https://nfl-replays.com/,2026-09-28T16:00:57+00:00,
pick-time.io,online,A,93.2,Very clean,1,1,0,0,0,1,3.5,1,1,Misc,https://pick-time.io/,2026-09-17T17:47:40+00:00,
thechessdirectory.com,online,A,93.2,Very clean,1,1,0,0,0,1,3.7,3,0,Educational Gaming,https://thechessdirectory.com/,2026-09-19T12:07:10+00:00,
watch.corsflix.dpdns.org,online,A,93.2,Very clean,1,1,0,0,0,1,3.6,2,2,Streaming,https://watch.corsflix.dpdns.org,2026-09-12T21:42:32+00:00,
watch.corsflix.net,online,A,93.2,Very clean,1,1,0,0,0,1,3.6,2,2,Streaming,https://watch.corsflix.net,2026-09-12T21:42:32+00:00,
www.chronas.org,online,A,93.2,Very clean,1,1,0,0,0,3,1.6,1,1,Misc,https://www.chronas.org/,2026-09-13T21:45:32+00:00,
www.displayninja.com,online,A,93.2,Very clean,1,1,0,0,0,2,2.6,1,0,Misc,https://www.displayninja.com/,2026-09-26T12:31:41+00:00,
www.fluxradios.com,online,A,93.2,Very clean,1,1,0,0,0,3,1.6,2,0,Non-Eng,https://www.fluxradios.com/,2026-09-27T07:08:34+00:00,
www.gapminder.org,online,A,93.2,Very clean,1,1,0,0,0,1,3.7,2,0,Educational,https://www.gapminder.org/dollar-street,2026-09-19T12:07:10+00:00,
www.openhab.org,online,A,93.2,Very clean,1,1,0,0,0,3,1.7,2,0,Misc,https://www.openhab.org/,2026-09-20T21:52:34+00:00,
www.trancefix.nl,online,A,93.2,Very clean,1,1,0,0,0,1,3.5,2,0,Music,https://www.trancefix.nl/index.php,2026-09-22T17:49:43+00:00,
www.tweedewereldoorlog.nl,online,A,93.2,Very clean,1,1,0,0,0,3,1.5,4,0,Educational,https://www.tweedewereldoorlog.nl/100voorwerpen/en/virtual-tour/,2026-09-18T17:16:20+00:00,
animelok.live,online,A,93.3,Very clean,1,1,0,0,0,0,4.4,2,0,Streaming,https://animelok.live/,2026-08-25T14:31:22+00:00,
animelok.online,,A,93.3,Very clean,1,1,0,0,0,0,4.4,2,2,Non-Eng,https://animelok.online/,2026-08-13T20:28:46+00:00,
deepnight.net,online,A,93.3,Very clean,1,1,0,0,0,3,1.3,2,0,Gaming,https://deepnight.net/,2026-09-20T12:42:06+00:00,
mangapill.com,online,A,93.3,Very clean,1,1,0,0,0,1,3.3,2,0,Reading,https://mangapill.com/,2026-09-23T22:29:49+00:00,
openrocket.info,online,A,93.3,Very clean,1,1,0,0,0,3,1.3,2,0,Educational,https://openrocket.info/,2026-09-19T06:40:29+00:00,
scottts.itch.io,online,A,93.3,Very clean,1,1,0,0,0,1,3.4,2,0,Misc,https://scottts.itch.io/different-strokes,2026-09-21T22:53:03+00:00,
www.cslds.org,online,A,93.3,Very clean,1,1,0,0,0,2,2.3,2,0,Non-Eng,http://www.cslds.org/hkslbrowser/index.jsp,2026-09-22T17:49:43+00:00,
abibli.com,online,A,93.4,Very clean,1,1,0,0,0,1,3.2,4,0,Non-Eng Streaming,https://abibli.com/,2026-09-06T11:45:58+00:00,
aniwatch.icu,online,A,93.4,Very clean,1,1,0,0,0,1,3.2,1,0,Streaming,https://aniwatch.icu/,2026-09-04T12:16:28+00:00,
cinemaos.live,online,A,93.4,Very clean,1,1,0,0,0,1,3.2,4,0,Non-Eng Streaming,https://cinemaos.live/,2026-09-12T16:31:29+00:00,
cinemaos.tech,online,A,93.4,Very clean,1,1,0,0,0,1,3.2,2,0,Non-Eng Streaming,https://cinemaos.tech/,2026-09-13T17:06:33+00:00,
ibroadcast.com,online,A,93.4,Very clean,2,1,0,0,0,1,0.2,2,2,Music,https://ibroadcast.com,2026-09-13T06:49:25+00:00,
movienerds.site,online,A,93.4,Very clean,1,1,0,0,0,2,2.2,2,0,Streaming,https://movienerds.site/,2026-09-27T13:18:43+00:00,
sophon.at,online,A,93.4,Very clean,1,1,0,0,0,1,3.2,1,0,Reading,https://sophon.at/papers,2026-09-27T17:58:51+00:00,
streamingunity.dog,online,A,93.4,Very clean,1,1,0,0,0,0,4.2,4,0,Non-Eng Streaming,https://streamingunity.dog/,2026-08-18T20:01:14+00:00,
toflix.co,online,A,93.4,Very clean,1,1,0,0,0,1,3.2,2,0,Streaming,https://toflix.co/,2026-09-27T13:18:43+00:00,
www.stableaudio.com,online,A,93.4,Very clean,1,1,0,0,0,2,2.2,2,0,Artificial-Intelligence,https://www.stableaudio.com/,2026-09-18T17:16:20+00:00,
507movements.com,online,A,93.5,Very clean,1,1,0,0,0,4,0.0,2,0,Educational,https://507movements.com/toc.html,2026-09-18T17:16:20+00:00,
acestream.org,online,A,93.5,Very clean,1,1,0,0,0,1,3.1,2,0,Streaming,https://acestream.org/,2026-09-24T22:46:15+00:00,
anivibe.live,online,A,93.5,Very clean,1,1,0,0,0,1,3.0,1,0,Streaming,https://anivibe.live/,2026-09-04T12:16:28+00:00,
anythingllm.com,online,A,93.5,Very clean,1,1,0,0,0,2,2.0,2,0,Artificial-Intelligence,https://anythingllm.com/,2026-09-18T12:26:05+00:00,
flickystream.dad,,A,93.5,Very clean,1,1,0,0,0,2,2.0,3,1,Streaming,https://flickystream.dad/,2026-08-14T14:46:47+00:00,
fluxtv.cc,online,A,93.5,Very clean,1,1,0,0,0,1,2.9,2,0,Streaming,https://fluxtv.cc/,2026-08-25T08:25:42+00:00,
fluxtv.co.uk,online,A,93.5,Very clean,1,1,0,0,0,1,3.0,2,0,Streaming,https://fluxtv.co.uk/,2026-09-28T16:00:57+00:00,
leereilly.net,online,A,93.5,Very clean,1,1,0,0,0,2,1.9,2,0,Gaming,https://leereilly.net/quakelike/,2026-09-20T12:42:06+00:00,
lyricfluent.com,online,A,93.5,Very clean,1,1,0,0,0,3,0.9,1,0,Educational,https://lyricfluent.com/,2026-09-25T13:02:00+00:00,
minutelabs.io,online,A,93.5,Very clean,1,1,0,0,0,1,3.0,1,0,Educational,https://minutelabs.io/,2026-09-25T06:39:48+00:00,
nuvio-plugin-library.vercel.app,online,A,93.5,Very clean,1,1,0,0,0,1,3.1,5,3,Mobile Streaming,https://nuvio-plugin-library.vercel.app/,2026-09-12T16:31:29+00:00,
officialmoviebox.com,online,A,93.5,Very clean,1,1,0,0,0,1,2.9,1,0,Streaming,https://officialmoviebox.com/,2026-09-09T12:30:35+00:00,
oldschoolmetalmusicz.blogspot.com,online,A,93.5,Very clean,1,1,0,0,0,4,0.0,2,0,Music,https://oldschoolmetalmusicz.blogspot.com/,2026-09-15T12:53:55+00:00,
perspective.usherbrooke.ca,online,A,93.5,Very clean,1,1,0,0,0,1,2.9,2,0,Non-Eng,https://perspective.usherbrooke.ca/,2026-09-22T22:28:30+00:00,
simpleicons.org,online,A,93.5,Very clean,2,1,0,0,0,0,1.1,1,0,Storage,https://simpleicons.org/,2026-09-28T16:00:57+00:00,
spotivity.me,online,A,93.5,Very clean,1,1,0,0,0,1,3.1,2,0,Mobile,https://spotivity.me/,2026-09-22T06:49:41+00:00,
tailwindcss.com,online,A,93.5,Very clean,1,1,0,0,0,1,3.0,2,2,Storage,https://tailwindcss.com/,2026-09-20T17:01:41+00:00,
trains.fyi,online,A,93.5,Very clean,1,1,0,0,0,2,2.0,2,0,Misc,https://trains.fyi/,2026-09-21T07:14:22+00:00,
www.classreal.com,online,A,93.5,Very clean,1,1,0,0,0,4,0.0,2,0,Streaming,https://www.classreal.com/,2026-09-24T22:46:15+00:00,
www.dhushara.com,online,A,93.5,Very clean,1,1,0,0,0,3,1.0,2,0,Reading,https://www.dhushara.com/index.htm,2026-09-24T06:47:05+00:00,
www.hermetics.org,online,A,93.5,Very clean,2,1,0,0,0,1,0.0,2,0,Reading,https://www.hermetics.org/library.html,2026-09-24T06:47:05+00:00,
an1me.to,online,A,93.6,Very clean,1,1,0,0,0,2,1.8,2,0,Non-Eng,https://an1me.to/,2026-09-22T22:28:30+00:00,
d10.downloadhub.food,online,A,93.6,Very clean,1,1,0,0,0,1,2.8,2,0,Non-Eng,https://d10.downloadhub.food/,2026-09-24T12:57:21+00:00,
filmatic.online,online,A,93.6,Very clean,1,1,0,0,0,1,2.8,2,0,Non-Eng,https://filmatic.online/,2026-09-22T22:28:30+00:00,
tvark.org,online,A,93.6,Very clean,1,1,0,0,0,3,0.8,2,0,Streaming,https://tvark.org/,2026-09-24T18:01:53+00:00,
watchanimeworld.net,,A,93.6,Very clean,1,1,0,0,0,2,1.8,2,2,Non-Eng,https://watchanimeworld.net/,2026-08-13T20:28:46+00:00,
acdc.amherst.edu,online,A,93.7,Very clean,1,1,0,0,0,1,2.7,1,0,Reading,https://acdc.amherst.edu/,2026-09-27T17:58:51+00:00,
exoplanetarchive.ipac.caltech.edu,online,A,93.7,Very clean,1,1,0,0,0,1,2.7,2,0,Educational,https://exoplanetarchive.ipac.caltech.edu/,2026-09-19T06:40:29+00:00,
kototv.to,online,A,93.7,Very clean,1,1,0,0,0,1,2.7,2,0,Streaming,https://kototv.to/,2026-09-20T12:42:06+00:00,
kroki.io,online,A,93.7,Very clean,2,1,0,0,0,0,0.7,2,2,Storage,https://kroki.io/#try,2026-09-13T12:54:24+00:00,
learn.nzsl.nz,online,A,93.7,Very clean,1,1,0,0,0,3,0.7,2,0,Educational,https://learn.nzsl.nz/,2026-09-19T16:51:07+00:00,
oldgames.app,online,A,93.7,Very clean,1,1,0,0,0,1,2.7,2,0,Storage,https://oldgames.app/,2026-09-24T12:57:21+00:00,
oldgameshelf.com,online,A,93.7,Very clean,1,1,0,0,0,1,2.6,2,0,Storage,https://oldgameshelf.com/,2026-08-25T08:25:42+00:00,
rawkuma.net,online,A,93.7,Very clean,1,1,0,0,0,2,1.6,2,0,Non-Eng,https://rawkuma.net/,2026-09-23T06:43:24+00:00,
senshi.to,online,A,93.7,Very clean,1,1,0,0,0,2,1.7,2,0,Streaming,https://senshi.to/,2026-09-13T12:54:24+00:00,
smacke.net,online,A,93.7,Very clean,1,1,0,0,0,2,1.7,1,0,Streaming,https://smacke.net/ffsubsync/,2026-09-25T13:02:00+00:00,
top.hatnote.com,online,A,93.7,Very clean,1,1,0,0,0,1,2.6,2,0,Educational,https://top.hatnote.com/,2026-09-19T21:48:19+00:00,
www.classicube.net,online,A,93.7,Very clean,1,1,0,0,0,0,3.7,1,0,Gaming,https://www.classicube.net/,2026-09-25T18:07:54+00:00,
www.cyberseek.org,online,A,93.7,Very clean,1,1,0,0,0,3,0.7,2,0,Misc,https://www.cyberseek.org/index.html,2026-09-21T14:36:48+00:00,
www.dndbeyond.com,online,A,93.7,Very clean,1,1,0,0,0,2,1.6,2,2,Educational,https://www.dndbeyond.com/,2026-09-12T21:42:32+00:00,
albalearning.com,online,A,93.8,Very clean,1,1,0,0,0,1,2.4,2,0,Non-Eng,https://albalearning.com/,2026-09-23T18:01:31+00:00,
aniclipse.com,online,A,93.8,Very clean,1,1,0,0,0,1,2.4,2,0,Streaming,https://aniclipse.com/,2026-09-24T18:01:53+00:00,
bookstash.io,online,A,93.8,Very clean,1,1,0,0,0,1,2.3,2,0,Reading,https://bookstash.io/,2026-09-24T06:47:05+00:00,
civictracker.us,online,A,93.8,Very clean,1,1,0,0,0,1,2.5,2,0,Misc,https://civictracker.us/,2026-09-24T12:57:21+00:00,
filmpalast.to,online,A,93.8,Very clean,1,1,0,0,0,0,3.4,2,2,Non-Eng,https://filmpalast.to,2026-09-13T12:54:24+00:00,
flickystream.mov,online,A,93.8,Very clean,1,1,0,0,0,2,1.3,1,1,Streaming,https://flickystream.mov/,2026-08-29T17:26:18+00:00,
jda.jaxa.jp,online,A,93.8,Very clean,1,1,0,0,0,1,2.3,1,0,Educational,https://jda.jaxa.jp/?lang=e,2026-09-25T13:02:00+00:00,
jetsetradio.live,online,A,93.8,Very clean,1,1,0,0,0,1,2.5,2,0,Music,https://jetsetradio.live/,2026-09-22T12:53:35+00:00,
killedbygoogle.com,online,A,93.8,Very clean,2,1,0,0,0,0,0.5,1,0,Educational,https://killedbygoogle.com/,2026-09-25T13:02:00+00:00,
maslanka.app,online,A,93.8,Very clean,1,1,0,0,0,1,2.3,2,0,Mobile,https://maslanka.app/volumee/,2026-09-22T06:49:41+00:00,
musicguessr.io,online,A,93.8,Very clean,1,1,0,0,0,2,1.5,2,0,Gaming,https://musicguessr.io/,2026-09-20T17:01:41+00:00,
netclicker.tv,online,A,93.8,Very clean,1,1,0,0,0,1,2.3,2,0,Mobile,https://netclicker.tv/,2026-09-22T06:49:41+00:00,
retroflix.org,online,A,93.8,Very clean,1,1,0,0,0,1,2.3,2,0,Streaming,https://retroflix.org/,2026-09-24T18:01:53+00:00,
worldwidetelescope.org,online,A,93.8,Very clean,1,1,0,0,0,1,2.3,3,0,Educational,https://worldwidetelescope.org/,2026-09-18T06:42:10+00:00,
www.coveratlas.com,online,A,93.8,Very clean,1,1,0,0,0,1,2.4,1,1,Music,https://www.coveratlas.com/,2026-09-17T17:47:40+00:00,
www.desidubanime.me,online,A,93.8,Very clean,1,1,0,0,0,1,2.5,2,0,Non-Eng,https://www.desidubanime.me/,2026-09-23T06:43:24+00:00,
www.halakhah.com,online,A,93.8,Very clean,1,1,0,0,0,0,3.4,2,0,Reading,https://www.halakhah.com/,2026-09-24T06:47:05+00:00,
www.korean.go.kr,online,A,93.8,Very clean,1,1,0,0,0,1,2.4,2,0,Educational,https://www.korean.go.kr/front_eng/main.do,2026-09-19T16:51:07+00:00,
www.p2pu.org,online,A,93.8,Very clean,1,1,0,0,0,1,2.5,2,0,Educational,https://www.p2pu.org/,2026-09-18T17:16:20+00:00,
www.sittingonclouds.net,online,A,93.8,Very clean,2,1,0,0,0,0,0.5,2,2,Music,https://www.sittingonclouds.net/,2026-09-13T06:49:25+00:00,
www.slownikpjm.uw.edu.pl,online,A,93.8,Very clean,1,1,0,0,0,3,0.4,2,0,Non-Eng,https://www.slownikpjm.uw.edu.pl/,2026-09-23T06:43:24+00:00,
www.twain.ai,online,A,93.8,Very clean,1,1,0,0,0,2,1.3,2,0,Misc,https://www.twain.ai/,2026-09-21T07:14:22+00:00,
gridbyexample.com,online,A,93.9,Very clean,2,1,0,0,0,0,0.2,1,0,Educational,https://gridbyexample.com/,2026-09-25T18:07:54+00:00,
leetcode.doocs.org,online,A,93.9,Very clean,1,1,0,0,0,1,2.2,1,1,Educational,https://leetcode.doocs.org/en/,2026-09-24T12:57:21+00:00,
ohshitgit.com,online,A,93.9,Very clean,2,1,0,0,0,0,0.2,1,0,Educational,https://ohshitgit.com/,2026-09-25T13:02:00+00:00,
swingmx.com,online,A,93.9,Very clean,1,1,0,0,0,1,2.2,2,0,Music,https://swingmx.com/,2026-09-22T17:49:43+00:00,
www.book-filter.com,online,A,93.9,Very clean,1,1,0,0,0,2,1.2,2,0,Reading,https://www.book-filter.com/,2026-09-24T06:47:05+00:00,
www.futez.com.br,online,A,93.9,Very clean,1,1,0,0,0,2,1.2,2,0,Misc,https://www.futez.com.br/,2026-09-20T21:52:34+00:00,
7movies.in,online,A,94.0,Very clean,1,1,0,0,0,1,2.0,6,2,Non-Eng Streaming,https://7movies.in/,2026-09-13T12:54:24+00:00,
animecorner.me,online,A,94.0,Very clean,1,1,0,0,0,1,2.0,2,0,Misc,https://animecorner.me/,2026-09-21T07:14:22+00:00,
awesome-android-root.zhoe.org,online,A,94.0,Very clean,2,1,0,0,0,0,0.0,2,0,Mobile,https://awesome-android-root.zhoe.org/,2026-09-22T12:53:35+00:00,
cinemove.cc,online,A,94.0,Very clean,2,1,0,0,0,0,0.0,2,0,Streaming,https://cinemove.cc/,2026-09-24T18:01:53+00:00,
daisyui.com,online,A,94.0,Very clean,2,1,0,0,0,0,0.0,2,0,Storage,https://daisyui.com/,2026-08-25T02:47:36+00:00,
damitv.st,online,A,94.0,Very clean,1,1,0,0,0,1,1.9,4,0,Streaming,https://damitv.st/,2026-08-29T17:26:18+00:00,
freelearninglist.org,online,A,94.0,Very clean,1,1,0,0,0,1,2.0,2,0,Educational,https://freelearninglist.org/,2026-09-18T17:16:20+00:00,
gethomepage.dev,online,A,94.0,Very clean,2,1,0,0,0,0,0.1,2,2,Linux,https://gethomepage.dev/,2026-09-13T06:49:25+00:00,
gunguesser.com,online,A,94.0,Very clean,2,1,0,0,0,0,0.0,2,0,Gaming,https://gunguesser.com/,2026-09-20T17:01:41+00:00,
iconarchive.com,online,A,94.0,Very clean,2,1,0,0,0,0,0.1,1,0,Storage,https://iconarchive.com/,2026-08-29T08:22:00+00:00,
justsubtitles.com,online,A,94.0,Very clean,2,1,0,0,0,0,0.1,2,0,Streaming,https://justsubtitles.com/,2026-09-24T22:46:15+00:00,
m2box.org,online,A,94.0,Very clean,1,1,0,0,0,1,2.0,1,0,Streaming,https://m2box.org/,2026-09-28T16:00:57+00:00,
meetinginmusic.blogspot.com,online,A,94.0,Very clean,2,1,0,0,0,0,0.0,1,0,Music,https://meetinginmusic.blogspot.com/,2026-09-04T06:32:38+00:00,
mfp666.blogspot.com,online,A,94.0,Very clean,2,1,0,0,0,0,0.0,2,0,Non-Eng,https://mfp666.blogspot.com/,2026-09-22T22:28:30+00:00,
musicstaff.com,online,A,94.0,Very clean,1,1,0,0,0,3,0.0,2,0,Educational,https://musicstaff.com/,2026-09-19T12:07:10+00:00,
notamify.com,online,A,94.0,Very clean,1,1,0,0,0,1,2.1,2,0,Misc,https://notamify.com/,2026-09-20T21:52:34+00:00,
openclimbing.org,online,A,94.0,Very clean,0,0,0,0,0,12,0.0,2,0,Misc,https://openclimbing.org/,2026-09-21T07:14:22+00:00,
play.cplegacy.com,online,A,94.0,Very clean,1,1,0,0,0,3,0.1,2,0,Gaming,https://play.cplegacy.com/,2026-09-20T12:42:06+00:00,
sololatino.net,online,A,94.0,Very clean,1,1,0,0,0,1,2.0,2,0,Non-Eng,https://sololatino.net/,2026-09-23T13:04:02+00:00,
tailwindtoolbox.com,online,A,94.0,Very clean,2,1,0,0,0,0,0.0,2,0,Storage,https://tailwindtoolbox.com/,2026-09-01T06:46:52+00:00,
trsoundtrack.blogspot.com,online,A,94.0,Very clean,0,0,1,0,0,2,0.0,1,0,Non-Eng,https://trsoundtrack.blogspot.com/,2026-09-27T17:58:51+00:00,
windytoolbox.com,online,A,94.0,Very clean,2,1,0,0,0,0,0.0,2,0,Storage,https://windytoolbox.com/,2026-09-10T12:24:16+00:00,
wwv21.kissasian.com.lv,online,A,94.0,Very clean,1,1,0,0,0,1,1.9,2,0,Streaming,https://wwv21.kissasian.com.lv/,2026-09-12T11:45:01+00:00,
www.247games.com,online,A,94.0,Very clean,1,1,0,0,0,1,2.1,2,0,Gaming,https://www.247games.com/,2026-09-20T07:03:23+00:00,
www.cantonese.sheik.co.uk,online,A,94.0,Very clean,2,1,0,0,0,0,0.0,3,0,Educational,https://www.cantonese.sheik.co.uk/,2026-09-17T22:29:32+00:00,
www.fadedpage.com,online,A,94.0,Very clean,1,1,0,0,0,0,2.9,2,0,Reading,https://www.fadedpage.com/,2026-09-23T18:01:31+00:00,
www.hardbase.fm,online,A,94.0,Very clean,0,0,1,0,0,2,0.0,1,0,Music,https://www.HardBase.fm,2026-09-27T07:08:34+00:00,
www.housetime.fm,online,A,94.0,Very clean,0,0,1,0,0,2,0.0,1,0,Music,https://www.HouseTime.fm,2026-09-27T07:08:34+00:00,
www.lammps.org,online,A,94.0,Very clean,1,1,0,0,0,0,3.1,2,0,Educational,https://www.lammps.org/,2026-09-18T17:16:20+00:00,
www.maorma.net,online,A,94.0,Very clean,0,0,1,0,0,2,0.0,2,0,Educational,https://www.maorma.net/,2026-09-19T16:51:07+00:00,
www.onlinefilmekingyen1.com,online,A,94.0,Very clean,0,0,1,0,0,2,0.0,2,0,Non-Eng,https://www.onlinefilmekingyen1.com/,2026-09-22T22:28:30+00:00,
www.sesame.com,online,A,94.0,Very clean,1,1,0,0,0,1,2.0,2,0,Artificial-Intelligence,https://www.sesame.com/research/crossing_the_uncanny_valley_of_voice#demo,2026-09-18T12:26:05+00:00,
www.skillscommons.org,online,A,94.0,Very clean,1,1,0,0,0,1,2.1,2,0,Reading,https://www.skillscommons.org/,2026-09-24T06:47:05+00:00,
www.technobase.fm,online,A,94.0,Very clean,0,0,1,0,0,2,0.0,2,0,Music,https://www.technobase.fm,2026-09-22T12:53:35+00:00,
www.trancebase.fm,online,A,94.0,Very clean,0,0,1,0,0,2,0.0,1,0,Music,https://www.trancebase.fm,2026-09-27T07:08:34+00:00,
doocs.github.io,online,A,94.1,Very clean,1,1,0,0,0,1,1.8,1,1,Educational,https://doocs.github.io/leetcode/#/README_EN,2026-09-13T17:06:33+00:00,
layoffs.fyi,online,A,94.1,Very clean,1,1,0,0,0,1,1.8,2,0,Misc,https://layoffs.fyi/,2026-09-21T07:14:22+00:00,
pinokio.co,online,A,94.1,Very clean,1,1,0,0,0,1,1.8,4,0,Artificial-Intelligence,https://pinokio.co/,2026-09-17T22:29:32+00:00,
tvexplorer.live,online,A,94.1,Very clean,1,1,0,0,0,2,0.8,2,0,Streaming,https://tvexplorer.live/,2026-09-24T18:01:53+00:00,
www.docplus.com,online,A,94.1,Very clean,1,1,0,0,0,2,0.8,2,2,Educational,https://www.docplus.com/,2026-09-12T21:42:32+00:00,
www.purple-planet.com,online,A,94.1,Very clean,1,1,0,0,0,0,2.8,2,0,Music,https://www.purple-planet.com/,2026-09-22T12:53:35+00:00,
across-multiverse.com,online,A,94.2,Very clean,1,1,0,0,0,2,0.5,2,0,Gaming,https://across-multiverse.com/,2026-09-20T12:42:06+00:00,
apexmovies.net,online,A,94.2,Very clean,1,1,0,0,0,1,1.6,2,0,Streaming,https://apexmovies.net/,2026-09-24T18:01:53+00:00,
bezos.click,online,A,94.2,Very clean,1,1,0,0,0,1,1.5,1,0,Reading,https://bezos.click/,2026-09-27T17:58:51+00:00,
civarchive.com,online,A,94.2,Very clean,1,1,0,0,0,1,1.7,1,0,Artificial-Intelligence,https://civarchive.com/,2026-09-25T06:39:48+00:00,
create.wan.video,online,A,94.2,Very clean,1,1,0,0,0,2,0.5,4,0,Artificial-Intelligence,https://create.wan.video/explore/video/generate?model=wan2.7,2026-09-17T22:29:32+00:00,
elenemigos.com,online,A,94.2,Very clean,1,1,0,0,0,1,1.5,2,0,Gaming,https://elenemigos.com/,2026-09-19T21:48:19+00:00,
expitau.com,online,A,94.2,Very clean,1,1,0,0,0,2,0.6,1,1,Gaming,https://expitau.com/InfiniteCraftWiki/,2026-09-13T21:45:32+00:00,
imissmycafe.com,online,A,94.2,Very clean,1,1,0,0,0,2,0.5,2,0,Music,https://imissmycafe.com/,2026-09-22T12:53:35+00:00,
liberationschool.org,online,A,94.2,Very clean,1,1,0,0,0,1,1.6,2,0,Reading,https://liberationschool.org/,2026-09-23T22:29:49+00:00,
lsq-fr.ca,online,A,94.2,Very clean,1,1,0,0,0,2,0.6,1,0,Non-Eng,https://lsq-fr.ca/,2026-09-04T17:05:11+00:00,
luffytv.live,online,A,94.2,Very clean,1,1,0,0,0,1,1.6,4,0,Non-Eng Streaming,https://luffytv.live/,2026-09-10T12:24:16+00:00,
luffytv.online,online,A,94.2,Very clean,1,1,0,0,0,1,1.6,2,0,Non-Eng Streaming,https://luffytv.online/,2026-09-10T12:24:16+00:00,
persepolis.getty.edu,online,A,94.2,Very clean,1,1,0,0,0,2,0.5,2,0,Educational,https://persepolis.getty.edu/,2026-09-18T17:16:20+00:00,
pokemonchess.com,online,A,94.2,Very clean,1,1,0,0,0,2,0.7,2,0,Gaming,https://pokemonchess.com/,2026-09-20T07:03:23+00:00,
pokevoid.com,online,A,94.2,Very clean,1,1,0,0,0,2,0.5,2,0,Gaming,https://pokevoid.com/,2026-09-25T13:02:00+00:00,
readest.com,online,A,94.2,Very clean,1,1,0,0,0,2,0.5,2,2,Reading,https://readest.com/,2026-09-13T12:54:24+00:00,
signs-ai.com,online,A,94.2,Very clean,1,1,0,0,0,1,1.5,2,0,Educational,https://signs-ai.com/,2026-09-19T16:51:07+00:00,
streamo.pro,online,A,94.2,Very clean,1,1,0,0,0,1,1.5,4,2,Streaming,https://streamo.pro/,2026-09-24T18:01:53+00:00,
testing.duckwithsunglasses.com,online,A,94.2,Very clean,1,1,0,0,0,2,0.5,2,0,Misc,https://testing.duckwithsunglasses.com/emotiweb/,2026-09-21T22:53:03+00:00,
uxtools.co,online,A,94.2,Very clean,1,1,0,0,0,1,1.6,2,0,Educational,https://uxtools.co/,2026-09-19T16:51:07+00:00,
www.charl-e.com,online,A,94.2,Very clean,1,1,0,0,0,1,1.7,2,0,Linux,https://www.charl-e.com/,2026-09-25T22:52:29+00:00,
www.livemeteors.com,online,A,94.2,Very clean,1,1,0,0,0,1,1.6,2,0,Educational,https://www.livemeteors.com/,2026-09-19T06:40:29+00:00,
www.spacebook.com,online,A,94.2,Very clean,1,1,0,0,0,2,0.6,2,0,Educational,https://www.spacebook.com/,2026-09-19T06:40:29+00:00,
animedex.fun,online,A,94.3,Very clean,1,1,0,0,0,1,1.4,3,0,Music Streaming,https://animedex.fun/,2026-09-18T12:26:05+00:00,
apod.nasa.gov,online,A,94.3,Very clean,1,1,0,0,0,2,0.3,2,0,Educational,https://apod.nasa.gov/,2026-08-20T02:46:21+00:00,
appdb.to,online,A,94.3,Very clean,1,1,0,0,0,1,1.4,2,0,Mobile,https://appdb.to,2026-09-22T06:49:41+00:00,
codeparade.itch.io,online,A,94.3,Very clean,1,1,0,0,0,0,2.4,2,0,Misc,https://codeparade.itch.io/fractal-sound-explorer,2026-09-21T22:53:03+00:00,
corsflix.net,online,A,94.3,Very clean,1,1,0,0,0,1,1.4,2,2,Streaming,https://corsflix.net,2026-09-12T21:42:32+00:00,
drawafish.com,online,A,94.3,Very clean,1,1,0,0,0,1,1.3,2,0,Misc,https://drawafish.com/,2026-09-21T22:53:03+00:00,
ebookzy.com,online,A,94.3,Very clean,1,1,0,0,0,1,1.4,2,0,Reading,https://ebookzy.com/,2026-08-24T14:28:18+00:00,
flixzy.pages.dev,online,A,94.3,Very clean,1,1,0,0,0,1,1.4,2,0,Streaming,https://flixzy.pages.dev/,2026-09-18T12:26:05+00:00,
harmonoid.com,online,A,94.3,Very clean,1,1,0,0,0,1,1.3,4,0,Mobile Music,https://harmonoid.com/,2026-09-18T06:42:10+00:00,
images.nasa.gov,online,A,94.3,Very clean,1,1,0,0,0,2,0.4,1,1,Educational,https://images.nasa.gov/,2026-09-13T17:06:33+00:00,
launchball.sciencemuseum.org.uk,online,A,94.3,Very clean,1,1,0,0,0,0,2.4,2,0,Gaming,https://launchball.sciencemuseum.org.uk/,2026-09-20T12:42:06+00:00,
ml-visualized.com,online,A,94.3,Very clean,1,1,0,0,0,1,1.3,2,0,Educational,https://ml-visualized.com/,2026-09-19T21:48:19+00:00,
netshows.xyz,online,A,94.3,Very clean,1,1,0,0,0,1,1.4,1,1,Streaming,https://netshows.xyz/,2026-09-17T22:29:32+00:00,
themoviebox.org,online,A,94.3,Very clean,1,1,0,0,0,1,1.4,1,0,Streaming,https://themoviebox.org/,2026-08-29T08:22:00+00:00,
tunejourney.com,online,A,94.3,Very clean,1,1,0,0,0,1,1.4,1,1,Music,https://tunejourney.com/,2026-09-17T17:47:40+00:00,
www.darkroom.film,online,A,94.3,Very clean,1,1,0,0,0,2,0.4,2,0,Streaming,https://www.darkroom.film/,2026-09-24T18:01:53+00:00,
www.degruyterbrill.com,online,A,94.3,Very clean,1,1,0,0,0,0,2.4,2,0,Reading,https://www.degruyterbrill.com/?submittedFilterId=by-type&access_4=open&pageSize=10&sort=datedescending&type_5=book,2026-09-23T22:29:49+00:00,
www.nhlbi.nih.gov,online,A,94.3,Very clean,1,1,0,0,0,1,1.4,2,2,Misc,https://www.nhlbi.nih.gov/calculate-your-bmi,2026-09-13T06:49:25+00:00,
yumemi.moe,online,A,94.3,Very clean,1,1,0,0,0,0,2.4,1,0,Mobile,https://yumemi.moe/,2026-09-27T07:08:34+00:00,
ccrma.stanford.edu,online,A,94.4,Very clean,1,1,0,0,0,1,1.2,1,0,Music,https://ccrma.stanford.edu/~tzfeng/webchuck-ide/,2026-09-27T07:08:34+00:00,
numb3rs.stream,online,A,94.4,Very clean,1,1,0,0,0,1,1.2,2,2,Streaming,https://numb3rs.stream/,2026-09-17T22:29:32+00:00,
wolfmax4k.com,online,A,94.4,Very clean,1,1,0,0,0,1,1.2,2,0,Non-Eng,https://wolfmax4k.com/,2026-09-23T13:04:02+00:00,
www.smoredboard.com,online,A,94.4,Very clean,1,1,0,0,0,1,1.2,2,0,Music,https://www.smoredboard.com/,2026-09-22T17:49:43+00:00,
acollectionofchristmascarols.com,online,A,94.5,Very clean,1,1,0,0,0,2,0.0,2,0,Storage,https://acollectionofchristmascarols.com/,2026-09-24T12:57:21+00:00,
andrewmarsh.com,online,A,94.5,Very clean,1,1,0,0,0,0,2.1,2,0,Misc,https://andrewmarsh.com/software,2026-09-21T22:53:03+00:00,
animebalkan.gg,online,A,94.5,Very clean,1,1,0,0,0,1,1.0,2,0,Non-Eng,https://animebalkan.gg/,2026-08-24T14:28:18+00:00,
animebalkan.org,online,A,94.5,Very clean,1,1,0,0,0,1,1.0,2,0,Non-Eng,https://animebalkan.org/,2026-09-10T12:24:16+00:00,
anixtv.in,online,A,94.5,Very clean,1,1,0,0,0,1,1.1,1,1,Streaming,https://anixtv.in/,2026-09-17T22:29:32+00:00,
anixtv.us.cc,online,A,94.5,Very clean,1,1,0,0,0,1,1.1,1,1,Streaming,https://anixtv.us.cc/,2026-09-17T22:29:32+00:00,
anixx.fun,online,A,94.5,Very clean,1,1,0,0,0,1,1.0,2,2,Streaming,https://anixx.fun/,2026-09-13T12:54:24+00:00,
arcadia.net,online,A,94.5,Very clean,1,1,0,0,0,2,0.0,2,0,Educational,https://arcadia.net/Cruinne/DnD/Articles/worldbuilding.html,2026-09-19T12:07:10+00:00,
betrayal.io,online,A,94.5,Very clean,1,1,0,0,0,2,0.1,2,0,Gaming,https://betrayal.io/,2026-09-20T12:42:06+00:00,
fast-torrent.ru,online,A,94.5,Very clean,1,1,0,0,0,2,0.0,2,0,Non-Eng,http://fast-torrent.ru/,2026-09-23T13:04:02+00:00,
fluxradios.blogspot.com,online,A,94.5,Very clean,1,1,0,0,0,2,0.0,2,0,Non-Eng,https://fluxradios.blogspot.com/,2026-08-23T19:58:11+00:00,
freebie.games,online,A,94.5,Very clean,1,1,0,0,0,1,0.9,2,0,Gaming,https://freebie.games/,2026-09-20T07:03:23+00:00,
itizso.itch.io,online,A,94.5,Very clean,1,1,0,0,0,1,0.9,2,2,Gaming,https://itizso.itch.io/retrofab,2026-09-20T07:03:23+00:00,
kanopy.com,online,A,94.5,Very clean,1,1,0,0,0,0,2.0,2,0,Streaming,https://kanopy.com/,2026-09-24T18:01:53+00:00,
lsfdico.injs-metz.fr,online,A,94.5,Very clean,1,1,0,0,0,1,1.0,1,0,Non-Eng,https://lsfdico.injs-metz.fr/,2026-09-27T17:58:51+00:00,
lucidspark.com,online,A,94.5,Very clean,1,1,0,0,0,0,2.0,2,0,Misc,https://lucidspark.com/,2026-08-22T08:03:37+00:00,
mol.org,online,A,94.5,Very clean,1,1,0,0,0,1,0.9,2,0,Educational,https://mol.org/,2026-09-19T06:40:29+00:00,
nathannothinsez.blogspot.com,online,A,94.5,Very clean,1,1,0,0,0,2,0.0,2,0,Music,https://nathannothinsez.blogspot.com/,2026-09-12T11:45:01+00:00,
playtorrio.pages.dev,online,A,94.5,Very clean,1,1,0,0,0,1,1.1,13,3,Mobile Non-Eng Reading Streaming,https://playtorrio.pages.dev/,2026-09-12T16:31:29+00:00,
playtorrio.xyz,online,A,94.5,Very clean,1,1,0,0,0,1,1.1,25,7,Mobile Non-Eng Reading Streaming,https://playtorrio.xyz/,2026-09-12T16:31:29+00:00,
rutube.ru,online,A,94.5,Very clean,0,0,1,0,0,1,0.0,4,0,Non-Eng Streaming,https://rutube.ru,2026-09-18T06:42:10+00:00,
sky.esa.int,online,A,94.5,Very clean,0,0,0,0,0,11,0.0,2,0,Educational,https://sky.esa.int/esasky/,2026-09-19T06:40:29+00:00,
sovietbooksinbengali.blogspot.com,online,A,94.5,Very clean,1,1,0,0,0,2,0.0,2,0,Non-Eng,https://sovietbooksinbengali.blogspot.com/,2026-09-22T17:49:43+00:00,
turserial.info,online,A,94.5,Very clean,1,1,0,0,0,2,0.0,1,0,Non-Eng,https://turserial.info/,2026-09-27T17:58:51+00:00,
www.dataone.org,online,A,94.5,Very clean,1,1,0,0,0,1,1.0,2,0,Reading,https://www.dataone.org/,2026-09-24T06:47:05+00:00,
www.easy-croatian.com,online,A,94.5,Very clean,1,1,0,0,0,2,0.0,2,0,Educational,https://www.easy-croatian.com/,2026-09-19T16:51:07+00:00,
www.kurdcinama.com,online,A,94.5,Very clean,1,1,0,0,0,1,0.9,2,0,Non-Eng,https://www.kurdcinama.com/,2026-09-23T18:01:31+00:00,
www.primecursos.com.br,online,A,94.5,Very clean,1,1,0,0,0,2,0.0,2,0,Non-Eng,https://www.primecursos.com.br,2026-09-23T06:43:24+00:00,
www.resuminator.in,online,A,94.5,Very clean,0,0,1,0,0,1,0.0,1,1,Misc,https://www.resuminator.in/,2026-09-13T21:45:32+00:00,
www.ttkan.co,online,A,94.5,Very clean,1,1,0,0,0,2,0.0,2,0,Non-Eng,https://www.ttkan.co,2026-09-22T22:28:30+00:00,
www.webbcompare.com,online,A,94.5,Very clean,1,1,0,0,0,1,1.1,2,0,Educational,https://www.webbcompare.com/,2026-09-19T06:40:29+00:00,
itchdb.info,online,A,94.6,Very clean,1,1,0,0,0,1,0.8,1,1,Gaming,https://itchdb.info/,2026-09-19T12:07:10+00:00,
movieboxonline.net,online,A,94.6,Very clean,1,1,0,0,0,1,0.8,2,0,Streaming,https://movieboxonline.net,2026-09-24T18:01:53+00:00,
woe-industries.itch.io,online,A,94.6,Very clean,1,1,0,0,0,1,0.8,2,0,Gaming,https://woe-industries.itch.io/you-have-not-died-of-dysentery,2026-09-20T12:42:06+00:00,
adp.library.ucsb.edu,online,A,94.7,Very clean,1,1,0,0,0,1,0.7,2,0,Music,https://adp.library.ucsb.edu/index.php,2026-09-22T17:49:43+00:00,
aniflix.uno,online,A,94.7,Very clean,1,1,0,0,0,1,0.6,2,0,Non-Eng,https://aniflix.uno/,2026-09-23T06:43:24+00:00,
animex.one,online,A,94.7,Very clean,1,1,0,0,0,1,0.7,2,2,Streaming,https://animex.one/,2026-09-13T12:54:24+00:00,
appinventor.mit.edu,online,A,94.7,Very clean,1,1,0,0,0,1,0.7,1,0,Educational,https://appinventor.mit.edu/,2026-09-25T13:02:00+00:00,
bcine.ru,online,A,94.7,Very clean,1,1,0,0,0,1,0.6,2,2,Streaming,https://bcine.ru/,2026-09-13T12:54:24+00:00,
cofolios.com,online,A,94.7,Very clean,1,1,0,0,0,1,0.7,2,0,Misc,https://cofolios.com/,2026-09-21T14:36:48+00:00,
coolguid.es,online,A,94.7,Very clean,1,1,0,0,0,1,0.7,1,0,Educational,https://coolguid.es/,2026-09-25T06:39:48+00:00,
digital.bbm.usp.br,online,A,94.7,Very clean,1,1,0,0,0,1,0.7,2,0,Non-Eng,https://digital.bbm.usp.br/handle/bbm/1,2026-09-23T06:43:24+00:00,
gatonplayseries.com,online,A,94.7,Very clean,1,1,0,0,0,1,0.6,2,0,Non-Eng,https://gatonplayseries.com/,2026-09-23T13:04:02+00:00,
steamgg.net,online,A,94.7,Very clean,1,1,0,0,0,1,0.7,2,0,Gaming,https://steamgg.net/,2026-09-19T21:48:19+00:00,
toughlovearena.com,online,A,94.7,Very clean,1,1,0,0,0,1,0.6,2,0,Gaming,https://toughlovearena.com/,2026-09-20T12:42:06+00:00,
trespassershq.com,online,A,94.7,Very clean,1,1,0,0,0,1,0.6,1,0,Misc,https://trespassershq.com/,2026-09-25T22:52:29+00:00,
www.orionsarm.com,online,A,94.7,Very clean,1,1,0,0,0,1,0.6,2,0,Reading,https://www.orionsarm.com/,2026-09-23T22:29:49+00:00,
www.rinse.fm,online,A,94.7,Very clean,1,1,0,0,0,1,0.6,2,0,Music,https://www.rinse.fm/,2026-09-22T12:53:35+00:00,
api.nasa.gov,online,A,94.8,Very clean,1,1,0,0,0,0,1.5,1,1,Educational,https://api.nasa.gov/,2026-09-13T17:06:33+00:00,
casaos.zimaspace.com,online,A,94.8,Very clean,1,1,0,0,0,1,0.4,1,0,Linux,https://casaos.zimaspace.com/,2026-08-26T22:34:16+00:00,
cinepro.fstream.app,online,A,94.8,Very clean,1,1,0,0,0,1,0.3,2,0,Streaming,https://cinepro.fstream.app/,2026-08-25T08:25:42+00:00,
clucomics.org,online,A,94.8,Very clean,1,1,0,0,0,1,0.5,2,0,Reading,https://clucomics.org/,2026-09-23T22:29:49+00:00,
hamishlang.github.io,online,A,94.8,Very clean,1,1,0,0,0,1,0.5,2,0,Music,https://hamishlang.github.io/clickbath/,2026-09-22T12:53:35+00:00,
jkanime.net,online,A,94.8,Very clean,1,1,0,0,0,1,0.5,2,0,Non-Eng,https://jkanime.net/,2026-09-23T13:04:02+00:00,
minitokyo3d.com,online,A,94.8,Very clean,1,1,0,0,0,1,0.3,4,0,Misc Non-Eng,https://minitokyo3d.com/,2026-09-18T06:42:10+00:00,
osci-render.com,online,A,94.8,Very clean,1,1,0,0,0,1,0.4,2,0,Music,https://osci-render.com/,2026-09-27T07:08:34+00:00,
www.animeworld.ac,online,A,94.8,Very clean,1,1,0,0,0,1,0.4,2,0,Non-Eng,https://www.animeworld.ac/,2026-09-23T06:43:24+00:00,
www.humanityslastmachine.com,online,A,94.8,Very clean,1,1,0,0,0,1,0.5,2,0,Educational,https://www.humanityslastmachine.com/,2026-09-19T06:40:29+00:00,
www.macsourceports.com,online,A,94.8,Very clean,1,1,0,0,0,1,0.3,2,0,Linux,https://www.macsourceports.com/,2026-09-20T21:52:34+00:00,
www.toutiao.com,online,A,94.8,Very clean,1,1,0,0,0,1,0.4,1,0,Non-Eng,https://www.toutiao.com/,2026-09-27T07:08:34+00:00,
buyitforlife.com,online,A,94.9,Very clean,1,1,0,0,0,1,0.2,2,0,Misc,https://buyitforlife.com/,2026-09-21T14:36:48+00:00,
cineby.gdn,online,A,94.9,Very clean,1,1,0,0,0,1,0.2,2,0,Streaming,https://cineby.gdn/,2026-09-09T12:30:35+00:00,
cineflix.fstream.app,online,A,94.9,Very clean,1,1,0,0,0,1,0.2,1,0,Streaming,https://cineflix.fstream.app/,2026-08-29T08:22:00+00:00,
kepler.gl,online,A,94.9,Very clean,1,1,0,0,0,1,0.2,2,0,Misc,https://kepler.gl/,2026-09-21T07:14:22+00:00,
magenta.github.io,online,A,94.9,Very clean,1,1,0,0,0,1,0.2,1,0,Music,https://magenta.github.io/lofi-player/,2026-09-27T07:08:34+00:00,
multishows.top,online,A,94.9,Very clean,1,1,0,0,0,0,1.2,2,0,Streaming,https://multishows.top/,2026-09-24T22:46:15+00:00,
revoldiv.com,online,A,94.9,Very clean,1,1,0,0,0,1,0.2,1,0,Streaming,https://revoldiv.com/,2026-08-29T08:22:00+00:00,
www.bimiacg14.net,online,A,94.9,Very clean,1,1,0,0,0,1,0.2,2,0,Non-Eng,https://www.bimiacg14.net/,2026-09-06T21:43:43+00:00,
www.genmo.ai,online,A,94.9,Very clean,1,1,0,0,0,1,0.2,2,0,Artificial-Intelligence,https://www.genmo.ai/,2026-09-18T12:26:05+00:00,
www.stumfilm.dk,online,A,94.9,Very clean,1,1,0,0,0,0,1.2,2,0,Streaming,https://www.stumfilm.dk/en/stumfilm,2026-09-24T18:01:53+00:00,
3eyedraven.watch,online,A+,95.0,Effectively ad-free,0,0,1,0,0,0,0.0,2,0,Streaming,https://3eyedraven.watch/,2026-09-20T12:42:06+00:00,
aigallery.app,online,A+,95.0,Effectively ad-free,1,1,0,0,0,1,0.0,1,0,Artificial-Intelligence,https://aigallery.app/,2026-09-25T06:39:48+00:00,
anichan.to,online,A+,95.0,Effectively ad-free,1,1,0,0,0,0,0.9,2,0,Streaming,https://anichan.to/,2026-09-12T11:45:01+00:00,
anime-sama.pw,online,A+,95.0,Effectively ad-free,0,0,1,0,0,0,0.0,1,0,Non-Eng,https://anime-sama.pw/,2026-09-27T17:58:51+00:00,
animesultra.org,online,A+,95.0,Effectively ad-free,0,0,1,0,0,0,0.0,2,0,Non-Eng,https://animesultra.org/,2026-09-08T12:18:11+00:00,
awesome-selfhosted.net,online,A+,95.0,Effectively ad-free,0,0,1,0,0,0,0.0,2,0,Linux,https://awesome-selfhosted.net/,2026-09-20T17:01:41+00:00,
basementx.lol,online,A+,95.0,Effectively ad-free,0,0,1,0,0,0,0.0,2,0,Streaming,https://basementx.lol/,2026-09-10T12:24:16+00:00,
blacksreds.com,online,A+,95.0,Effectively ad-free,1,1,0,0,0,1,0.0,2,0,Gaming,https://blacksreds.com/,2026-09-20T07:03:23+00:00,
blacktoplay.com,online,A+,95.0,Effectively ad-free,0,0,1,0,0,0,0.0,2,0,Educational,https://blacktoplay.com/,2026-09-19T12:07:10+00:00,
browser.engineering,online,A+,95.0,Effectively ad-free,0,0,1,0,0,0,0.0,2,0,Educational,https://browser.engineering/,2026-09-19T16:51:07+00:00,
cine24h.online,online,A+,95.0,Effectively ad-free,0,0,1,0,0,0,0.0,2,0,Non-Eng,https://cine24h.online/,2026-09-23T13:04:02+00:00,
classicreload.com,online,A+,95.0,Effectively ad-free,0,0,1,0,0,0,0.0,2,0,Gaming,https://classicreload.com/,2026-09-20T07:03:23+00:00,
contextarena.ai,online,A+,95.0,Effectively ad-free,0,0,1,0,0,0,0.0,2,0,Artificial-Intelligence,https://contextarena.ai/,2026-09-18T17:16:20+00:00,
cosa-recovery.org,online,A+,95.0,Effectively ad-free,0,0,1,0,0,0,0.0,1,0,Misc,https://cosa-recovery.org/,2026-09-03T12:16:01+00:00,
deepswe.datacurve.ai,online,A+,95.0,Effectively ad-free,0,0,1,0,0,0,0.0,2,2,Artificial-Intelligence,https://deepswe.datacurve.ai/,2026-09-18T17:16:20+00:00,
design.dev,online,A+,95.0,Effectively ad-free,0,0,1,0,0,0,0.0,1,0,Storage,https://design.dev/,2026-09-28T07:40:47+00:00,
devices.ubuntu-touch.io,online,A+,95.0,Effectively ad-free,0,0,1,0,0,0,0.0,2,0,Mobile,https://devices.ubuntu-touch.io/,2026-09-22T06:49:41+00:00,
disneynow.com,online,A+,95.0,Effectively ad-free,1,1,0,0,0,1,0.0,2,0,Streaming,https://disneynow.com/,2026-09-24T18:01:53+00:00,
diva.sfsu.edu,online,A+,95.0,Effectively ad-free,1,1,0,0,0,1,0.1,2,0,Streaming,https://diva.sfsu.edu/collections/sfbatv,2026-09-24T18:01:53+00:00,
dnsforfamily.com,online,A+,95.0,Effectively ad-free,0,0,1,0,0,0,0.0,2,0,Storage,https://dnsforfamily.com/,2026-09-24T12:57:21+00:00,
docs.rocketpy.org,online,A+,95.0,Effectively ad-free,0,0,1,0,0,0,0.0,2,0,Educational,https://docs.rocketpy.org/,2026-09-19T06:40:29+00:00,
docs.zfsbootmenu.org,online,A+,95.0,Effectively ad-free,0,0,1,0,0,0,0.0,2,0,Linux,https://docs.zfsbootmenu.org/,2026-09-20T17:01:41+00:00,
dreaming.com,online,A+,95.0,Effectively ad-free,1,1,0,0,0,1,0.0,1,1,Educational,https://dreaming.com/,2026-09-13T17:06:33+00:00,
escolaeducacao.com.br,online,A+,95.0,Effectively ad-free,0,0,1,0,0,0,0.0,2,0,Non-Eng,https://escolaeducacao.com.br/estude-gratis,2026-09-23T06:43:24+00:00,
ev-map.app,online,A+,95.0,Effectively ad-free,0,0,1,0,0,0,0.0,4,0,Misc Mobile,https://ev-map.app/,2026-09-18T06:42:10+00:00,
firebog.net,online,A+,95.0,Effectively ad-free,0,0,1,0,0,0,0.0,2,2,Adblock,https://firebog.net/,2026-09-12T16:31:29+00:00,
flameshot.org,online,A+,95.0,Effectively ad-free,0,0,1,0,0,0,0.0,2,2,Linux,https://flameshot.org/,2026-09-13T06:49:25+00:00,
flixtrz.com,online,A+,95.0,Effectively ad-free,0,0,1,0,0,0,0.0,2,0,Streaming,https://flixtrz.com/,2026-09-24T18:01:53+00:00,
fluppy.pages.dev,online,A+,95.0,Effectively ad-free,0,0,1,0,0,0,0.0,1,0,Gaming,https://fluppy.pages.dev/,2026-09-25T18:07:54+00:00,
franime.fr,online,A+,95.0,Effectively ad-free,0,0,1,0,0,0,0.0,2,0,Non-Eng,https://franime.fr/,2026-09-22T22:28:30+00:00,
freeter.io,online,A+,95.0,Effectively ad-free,0,0,1,0,0,0,0.0,2,0,Misc,https://freeter.io,2026-09-21T14:36:48+00:00,
google.com,online,A+,95.0,Effectively ad-free,1,1,0,0,0,0,1.1,4,2,Artificial-Intelligence,https://google.com/aimode,2026-09-12T16:31:29+00:00,
gyo.tc,online,A+,95.0,Effectively ad-free,0,0,1,0,0,0,0.0,1,0,Non-Eng,https://gyo.tc/,2026-09-27T17:58:51+00:00,
hallofshame.design,online,A+,95.0,Effectively ad-free,0,0,1,0,0,0,0.0,1,1,Misc,https://hallofshame.design/collection/,2026-09-13T21:45:32+00:00,
helium.computer,online,A+,95.0,Effectively ad-free,0,0,1,0,0,0,0.0,2,0,Adblock,https://helium.computer/,2026-09-21T14:36:48+00:00,
iconify.design,online,A+,95.0,Effectively ad-free,0,0,1,0,0,0,0.0,2,2,Storage,https://iconify.design/,2026-09-13T12:54:24+00:00,
iconmonstr.com,online,A+,95.0,Effectively ad-free,0,0,1,0,0,0,0.0,1,0,Storage,https://iconmonstr.com/,2026-09-28T16:00:57+00:00,
internetcheckpoint.page,online,A+,95.0,Effectively ad-free,1,1,0,0,0,1,0.0,4,0,Misc Music,https://internetcheckpoint.page/,2026-09-18T06:42:10+00:00,
isaimini.com.co,online,A+,95.0,Effectively ad-free,0,0,1,0,0,0,0.0,2,0,Non-Eng,https://isaimini.com.co/,2026-09-23T06:43:24+00:00,
kcnawatch.us,online,A+,95.0,Effectively ad-free,0,0,1,0,0,0,0.0,1,0,Streaming,https://kcnawatch.us/korea-central-tv-livestream,2026-09-28T16:00:57+00:00,
kpopexplorer.net,online,A+,95.0,Effectively ad-free,0,0,1,0,0,0,0.0,2,0,Non-Eng,https://kpopexplorer.net/,2026-09-23T06:43:24+00:00,
lidraughts.org,online,A+,95.0,Effectively ad-free,0,0,1,0,0,0,0.0,2,0,Gaming,https://lidraughts.org/,2026-09-20T07:03:23+00:00,
lishogi.org,online,A+,95.0,Effectively ad-free,0,0,1,0,0,0,0.0,2,0,Gaming,https://lishogi.org/,2026-09-20T07:03:23+00:00,
loadingartist.com,online,A+,95.0,Effectively ad-free,0,0,1,0,0,0,0.0,2,0,Reading,https://loadingartist.com/,2026-09-23T22:29:49+00:00,
media.ccc.de,online,A+,95.0,Effectively ad-free,0,0,1,0,0,0,0.0,2,0,Educational,https://media.ccc.de/,2026-09-18T17:16:20+00:00,
nestris.org,online,A+,95.0,Effectively ad-free,0,0,1,0,0,0,0.0,2,0,Gaming,https://nestris.org/,2026-09-20T17:01:41+00:00,
npo.nl,online,A+,95.0,Effectively ad-free,0,0,1,0,0,0,0.0,2,0,Non-Eng,https://npo.nl/,2026-09-23T18:01:31+00:00,
openalternative.co,online,A+,95.0,Effectively ad-free,0,0,1,0,0,0,0.0,2,0,Downloading,https://openalternative.co/,2026-09-18T17:16:20+00:00,
opendronelog.com,online,A+,95.0,Effectively ad-free,0,0,1,0,0,0,0.0,2,0,Educational,https://opendronelog.com/,2026-09-19T06:40:29+00:00,
osudroid.moe,online,A+,95.0,Effectively ad-free,0,0,1,0,0,0,0.0,1,0,Gaming,https://osudroid.moe/,2026-09-25T18:07:54+00:00,
playbridge.app,online,A+,95.0,Effectively ad-free,0,0,1,0,0,0,0.0,2,0,Mobile,https://playbridge.app/,2026-08-29T17:26:18+00:00,
psddd.co,online,A+,95.0,Effectively ad-free,0,0,1,0,0,0,0.0,1,0,Storage,https://psddd.co/,2026-08-28T23:15:50+00:00,
radiojhero.com,online,A+,95.0,Effectively ad-free,0,0,1,0,0,0,0.0,2,0,Non-Eng,https://radiojhero.com,2026-09-23T06:43:24+00:00,
remoteok.com,online,A+,95.0,Effectively ad-free,0,0,1,0,0,0,0.0,2,0,Misc,https://remoteok.com/,2026-09-21T14:36:48+00:00,
solitaired.com,online,A+,95.0,Effectively ad-free,0,0,1,0,0,0,0.0,2,0,Gaming,https://solitaired.com/,2026-09-20T12:42:06+00:00,
soraraw.com,online,A+,95.0,Effectively ad-free,0,0,1,0,0,0,0.0,2,0,Non-Eng,https://soraraw.com/,2026-09-23T06:43:24+00:00,
ssrmovies.blue,online,A+,95.0,Effectively ad-free,0,0,1,0,0,0,0.0,4,0,Non-Eng Streaming,https://ssrmovies.blue/,2026-09-24T12:57:21+00:00,
ssrmovies.com,online,A+,95.0,Effectively ad-free,0,0,1,0,0,0,0.0,4,0,Non-Eng Streaming,https://ssrmovies.com/,2026-09-18T06:42:10+00:00,
stablehorde.net,online,A+,95.0,Effectively ad-free,0,0,1,0,0,0,0.0,2,0,Artificial-Intelligence,https://stablehorde.net/,2026-09-18T17:16:20+00:00,
suroi.io,online,A+,95.0,Effectively ad-free,0,0,1,0,0,0,0.0,1,0,Gaming,https://suroi.io/,2026-09-25T18:07:54+00:00,
telik.top,online,A+,95.0,Effectively ad-free,1,1,0,0,0,1,0.0,2,0,Non-Eng,https://telik.top/,2026-09-23T13:04:02+00:00,
thrilling-tales.webomator.com,online,A+,95.0,Effectively ad-free,0,0,1,0,0,0,0.0,2,0,Misc,https://thrilling-tales.webomator.com/derange-o-lab/pulp-o-mizer/pulp-o-mizer.html,2026-09-21T22:53:03+00:00,
tortugaceviri.com,online,A+,95.0,Effectively ad-free,0,0,1,0,0,0,0.0,2,0,Non-Eng,https://tortugaceviri.com/,2026-09-23T18:01:31+00:00,
trace.moe,online,A+,95.0,Effectively ad-free,0,0,1,0,0,0,0.0,2,0,Streaming,https://trace.moe/,2026-09-25T06:39:48+00:00,
tracesof.net,online,A+,95.0,Effectively ad-free,0,0,1,0,0,0,0.0,2,0,Linux,https://tracesof.net/uebersicht/,2026-09-20T21:52:34+00:00,
truffled.lol,online,A+,95.0,Effectively ad-free,1,1,0,0,0,1,0.1,2,0,Gaming,https://truffled.lol/g,2026-09-20T12:42:06+00:00,
tuta.com,online,A+,95.0,Effectively ad-free,0,0,1,0,0,0,0.0,4,2,Adblock Misc,https://tuta.com/,2026-09-12T16:31:29+00:00,
v.qq.com,online,A+,95.0,Effectively ad-free,0,0,1,0,0,0,0.0,2,0,Non-Eng,https://v.qq.com/,2026-09-22T22:28:30+00:00,
vetusware.com,online,A+,95.0,Effectively ad-free,0,0,1,0,0,0,0.0,4,2,Downloading Gaming,https://vetusware.com/,2026-09-12T16:31:29+00:00,
vk.com,online,A+,95.0,Effectively ad-free,0,0,1,0,0,0,0.0,13,2,Music Non-Eng Reading,https://vk.com/e_music,2026-09-12T16:31:29+00:00,
voiceofindia.ai,online,A+,95.0,Effectively ad-free,0,0,1,0,0,0,0.0,2,0,Artificial-Intelligence,https://voiceofindia.ai/,2026-09-10T12:24:16+00:00,
whatsatmovie.com,online,A+,95.0,Effectively ad-free,0,0,1,0,0,0,0.0,2,0,Streaming,https://whatsatmovie.com/,2026-09-25T06:39:48+00:00,
wuxiaworld.site,online,A+,95.0,Effectively ad-free,0,0,1,0,0,0,0.0,2,0,Reading,https://wuxiaworld.site/,2026-09-23T22:29:49+00:00,
www.1lou.me,online,A+,95.0,Effectively ad-free,0,0,1,0,0,0,0.0,2,0,Non-Eng,https://www.1lou.me/,2026-09-22T22:28:30+00:00,
www.anisearch.com,online,A+,95.0,Effectively ad-free,0,0,1,0,0,0,0.0,2,0,Streaming,https://www.anisearch.com/,2026-09-24T22:46:15+00:00,
www.bricklink.com,online,A+,95.0,Effectively ad-free,0,0,1,0,0,0,0.0,3,0,Educational Misc,https://www.bricklink.com/,2026-09-18T06:42:10+00:00,
www.bsbsb.top,online,A+,95.0,Effectively ad-free,0,0,1,0,0,0,0.0,2,0,Adblock,https://www.bsbsb.top/,2026-09-18T06:42:10+00:00,
www.futuretimeline.net,online,A+,95.0,Effectively ad-free,0,0,1,0,0,0,0.0,2,0,Misc,https://www.futuretimeline.net/,2026-09-21T22:53:03+00:00,
www.home-assistant.io,online,A+,95.0,Effectively ad-free,0,0,1,0,0,0,0.0,2,2,Misc,https://www.home-assistant.io/,2026-09-13T06:49:25+00:00,
www.karaoke-eternal.com,online,A+,95.0,Effectively ad-free,0,0,1,0,0,0,0.0,1,0,Music,https://www.karaoke-eternal.com/,2026-09-27T07:08:34+00:00,
www.manim.community,online,A+,95.0,Effectively ad-free,0,0,1,0,0,0,0.0,2,2,Educational,https://www.manim.community/,2026-09-12T21:42:32+00:00,
www.molotov.tv,online,A+,95.0,Effectively ad-free,1,1,0,0,0,0,0.9,2,0,Non-Eng,https://www.molotov.tv/,2026-09-22T22:28:30+00:00,
www.mp3tag.de,online,A+,95.0,Effectively ad-free,0,0,1,0,0,0,0.0,2,2,Music,https://www.mp3tag.de/en/,2026-09-13T06:49:25+00:00,
www.mutopiaproject.org,online,A+,95.0,Effectively ad-free,0,0,1,0,0,0,0.0,2,0,Storage,https://www.mutopiaproject.org/,2026-08-25T08:25:42+00:00,
www.naijavault.com,online,A+,95.0,Effectively ad-free,0,0,1,0,0,0,0.0,2,0,Streaming,https://www.naijavault.com/,2026-09-24T22:46:15+00:00,
www.nlnetlabs.nl,online,A+,95.0,Effectively ad-free,0,0,1,0,0,0,0.0,2,0,Storage,https://www.nlnetlabs.nl/projects/unbound/,2026-09-24T12:57:21+00:00,
www.nocommutejob.com,online,A+,95.0,Effectively ad-free,1,1,0,0,0,1,0.0,2,0,Misc,https://www.nocommutejob.com/,2026-09-21T14:36:48+00:00,
www.parseek.com,online,A+,95.0,Effectively ad-free,0,0,1,0,0,0,0.0,2,0,Non-Eng,https://www.parseek.com/,2026-09-23T06:43:24+00:00,
www.perry.qa,online,A+,95.0,Effectively ad-free,0,0,1,0,0,0,0.0,2,0,Educational,https://www.perry.qa/morse,2026-09-19T12:07:10+00:00,
www.picturethisai.com,online,A+,95.0,Effectively ad-free,0,0,1,0,0,0,0.0,2,0,Misc,https://www.picturethisai.com/,2026-09-20T21:52:34+00:00,
www.projectathena.ca,online,A+,95.0,Effectively ad-free,0,0,1,0,0,0,0.0,2,0,Misc,https://www.projectathena.ca/,2026-09-21T07:14:22+00:00,
www.readsomethinggreat.com,online,A+,95.0,Effectively ad-free,0,0,1,0,0,0,0.0,1,0,Misc,https://www.readsomethinggreat.com/,2026-09-25T22:52:29+00:00,
www.vestalreview.net,online,A+,95.0,Effectively ad-free,1,1,0,0,0,0,0.9,2,0,Reading,https://www.vestalreview.net/,2026-09-23T22:29:49+00:00,
www.web-adventures.org,online,A+,95.0,Effectively ad-free,1,1,0,0,0,1,0.0,2,0,Gaming,https://www.web-adventures.org/,2026-09-20T12:42:06+00:00,
www.wga.hu,online,A+,95.0,Effectively ad-free,1,1,0,0,0,1,0.0,1,0,Storage,https://www.wga.hu/,2026-09-28T07:40:47+00:00,
www.whats-on-netflix.com,online,A+,95.0,Effectively ad-free,1,1,0,0,0,0,1.1,2,0,Streaming,https://www.whats-on-netflix.com/,2026-09-24T22:46:15+00:00,
zencine.org,online,A+,95.0,Effectively ad-free,1,1,0,0,0,1,0.1,2,0,Streaming,https://zencine.org/,2026-09-24T18:01:53+00:00,
anichan.net,online,A+,95.1,Effectively ad-free,1,1,0,0,0,0,0.8,2,0,Streaming,https://anichan.net/,2026-09-06T11:45:58+00:00,
thehtml.review,online,A+,95.2,Effectively ad-free,1,1,0,0,0,0,0.6,2,0,Misc,https://thehtml.review/archive,2026-09-21T22:53:03+00:00,
woordenboek.vlaamsegebarentaal.be,online,A+,95.2,Effectively ad-free,1,1,0,0,0,0,0.6,2,0,Non-Eng,https://woordenboek.vlaamsegebarentaal.be/,2026-09-23T18:01:31+00:00,
www.flowmusic.app,online,A+,95.3,Effectively ad-free,1,1,0,0,0,0,0.3,2,0,Artificial-Intelligence,https://www.flowmusic.app/,2026-09-18T17:16:20+00:00,
8bitworkshop.com,online,A+,95.5,Effectively ad-free,1,1,0,0,0,0,0.0,2,0,Educational,https://8bitworkshop.com/,2026-09-19T21:48:19+00:00,
apolloarchive.com,online,A+,95.5,Effectively ad-free,1,1,0,0,0,0,0.0,1,1,Educational,https://apolloarchive.com/,2026-09-13T17:06:33+00:00,
app-lgwebos.pluto.tv,online,A+,95.5,Effectively ad-free,1,1,0,0,0,0,0.0,1,0,Streaming,https://app-lgwebos.pluto.tv/live-tv,2026-09-28T16:00:57+00:00,
aptonic.com,online,A+,95.5,Effectively ad-free,1,1,0,0,0,0,0.0,2,2,Linux,https://aptonic.com/,2026-09-13T06:49:25+00:00,
bandadesenhada-pt.blogspot.com,online,A+,95.5,Effectively ad-free,1,1,0,0,0,0,0.0,2,0,Non-Eng,https://bandadesenhada-pt.blogspot.com/,2026-09-23T06:43:24+00:00,
banglaclassicbooks.blogspot.com,online,A+,95.5,Effectively ad-free,1,1,0,0,0,0,0.0,2,0,Non-Eng,https://banglaclassicbooks.blogspot.com/,2026-09-22T17:49:43+00:00,
bhoot-fm.com,online,A+,95.5,Effectively ad-free,1,1,0,0,0,0,0.0,2,0,Non-Eng,https://bhoot-fm.com/,2026-09-22T17:49:43+00:00,
butterboycompilations.blogspot.com,online,A+,95.5,Effectively ad-free,1,1,0,0,0,0,0.0,2,0,Music,https://butterboycompilations.blogspot.com/,2026-09-12T11:45:01+00:00,
clasicoshistoria.blogspot.com,online,A+,95.5,Effectively ad-free,1,1,0,0,0,0,0.0,2,0,Non-Eng,https://clasicoshistoria.blogspot.com/,2026-09-23T18:01:31+00:00,
crackmy.app,online,A+,95.5,Effectively ad-free,0,0,0,0,0,9,0.0,2,0,Educational,https://crackmy.app/,2026-09-19T21:48:19+00:00,
dieordiy2.blogspot.com,online,A+,95.5,Effectively ad-free,1,1,0,0,0,0,0.0,2,0,Music,https://dieordiy2.blogspot.com/,2026-09-15T12:53:55+00:00,
ezhevika.blogspot.com,online,A+,95.5,Effectively ad-free,1,1,0,0,0,0,0.0,2,0,Music,https://ezhevika.blogspot.com/,2026-09-22T12:53:35+00:00,
filmarevoirnad.blogspot.com,online,A+,95.5,Effectively ad-free,1,1,0,0,0,0,0.0,2,0,Non-Eng,https://filmarevoirnad.blogspot.com/,2026-09-22T22:28:30+00:00,
heyjapan.net,online,A+,95.5,Effectively ad-free,1,1,0,0,0,0,0.0,1,0,Storage,https://heyjapan.net/,2026-08-28T23:15:50+00:00,
heylearning.net,online,A+,95.5,Effectively ad-free,1,1,0,0,0,0,0.0,1,0,Storage,https://heylearning.net/,2026-09-09T12:30:35+00:00,
inconstantsol.blogspot.com,online,A+,95.5,Effectively ad-free,1,1,0,0,0,0,0.0,2,0,Music,https://inconstantsol.blogspot.com/,2026-08-30T13:18:17+00:00,
joedangerthegame.com,online,A+,95.5,Effectively ad-free,1,1,0,0,0,0,0.1,2,0,Gaming,https://joedangerthegame.com/,2026-09-20T12:42:06+00:00,
livebootlegconcert.blogspot.com,online,A+,95.5,Effectively ad-free,1,1,0,0,0,0,0.0,2,0,Music,https://livebootlegconcert.blogspot.com/,2026-09-22T12:53:35+00:00,
livrosnarrados.blogspot.com,online,A+,95.5,Effectively ad-free,1,1,0,0,0,0,0.0,2,0,Non-Eng,https://livrosnarrados.blogspot.com,2026-09-23T06:43:24+00:00,
llmresourceshub.vercel.app,online,A+,95.5,Effectively ad-free,1,1,0,0,0,0,0.0,2,0,Artificial-Intelligence,https://llmresourceshub.vercel.app/,2026-09-18T17:16:20+00:00,
lnori.com,online,A+,95.5,Effectively ad-free,1,1,0,0,0,0,0.0,2,0,Reading,https://lnori.com/,2026-09-23T22:29:49+00:00,
music-republic-world-traditional.blogspot.com,online,A+,95.5,Effectively ad-free,1,1,0,0,0,0,0.0,2,0,Music,https://music-republic-world-traditional.blogspot.com/,2026-08-30T13:18:17+00:00,
nevix.com,online,A+,95.5,Effectively ad-free,1,1,0,0,0,0,0.0,2,0,Reading,https://nevix.com/,2026-09-24T06:47:05+00:00,
nuclear-holocaust.blogspot.com,online,A+,95.5,Effectively ad-free,1,1,0,0,0,0,0.0,2,0,Music,https://nuclear-holocaust.blogspot.com/,2026-08-30T13:18:17+00:00,
portableappz.blogspot.com,online,A+,95.5,Effectively ad-free,1,1,0,0,0,0,0.0,1,0,Downloading,https://portableappz.blogspot.com/,2026-09-25T06:39:48+00:00,
primitiveofferings.blogspot.com,online,A+,95.5,Effectively ad-free,1,1,0,0,0,0,0.0,2,0,Music,https://primitiveofferings.blogspot.com/,2026-09-12T11:45:01+00:00,
punkcata.blogspot.com,online,A+,95.5,Effectively ad-free,1,1,0,0,0,0,0.0,2,0,Music,https://punkcata.blogspot.com/,2026-09-22T12:53:35+00:00,
punkconpunk.blogspot.com,online,A+,95.5,Effectively ad-free,1,1,0,0,0,0,0.0,2,0,Non-Eng,https://punkconpunk.blogspot.com/,2026-09-23T13:04:02+00:00,
rabanetecomquiabo.blogspot.com,online,A+,95.5,Effectively ad-free,1,1,0,0,0,0,0.1,2,0,Music,https://rabanetecomquiabo.blogspot.com/,2026-09-06T16:26:26+00:00,
reedstreams.cc,online,A+,95.5,Effectively ad-free,1,1,0,0,0,0,0.0,2,0,Streaming,https://reedstreams.cc/,2026-09-03T12:16:01+00:00,
reedstreams.to,online,A+,95.5,Effectively ad-free,1,1,0,0,0,0,0.0,2,0,Streaming,https://reedstreams.to/,2026-09-15T12:53:55+00:00,
reedstreams.watch,online,A+,95.5,Effectively ad-free,1,1,0,0,0,0,0.0,1,0,Streaming,https://reedstreams.watch/,2026-09-03T12:16:01+00:00,
reedstreams.ws,online,A+,95.5,Effectively ad-free,1,1,0,0,0,0,0.0,1,0,Streaming,https://reedstreams.ws/,2026-09-03T12:16:01+00:00,
reicon.dev,online,A+,95.5,Effectively ad-free,1,1,0,0,0,0,0.0,1,0,Storage,https://reicon.dev/,2026-09-28T16:00:57+00:00,
renovatiorecords.blogspot.com,online,A+,95.5,Effectively ad-free,1,1,0,0,0,0,0.0,2,0,Music,https://renovatiorecords.blogspot.com/,2026-09-06T16:26:26+00:00,
sonniss.com,online,A+,95.5,Effectively ad-free,1,1,0,0,0,0,0.0,2,0,Music,https://sonniss.com/gameaudiogdc,2026-09-22T17:49:43+00:00,
sophiesfloorboard.blogspot.com,online,A+,95.5,Effectively ad-free,1,1,0,0,0,0,0.0,2,0,Music,https://sophiesfloorboard.blogspot.com/,2026-08-30T13:18:17+00:00,
status.animaxanime.dpdns.org,online,A+,95.5,Effectively ad-free,1,1,0,0,0,0,0.1,1,0,Streaming,https://status.animaxanime.dpdns.org/,2026-09-05T11:24:22+00:00,
tangerinefeed.net,online,A+,95.5,Effectively ad-free,1,1,0,0,0,0,0.0,2,0,Misc,https://tangerinefeed.net/,2026-09-21T14:36:48+00:00,
theblackholebay.lol,online,A+,95.5,Effectively ad-free,1,1,0,0,0,0,0.0,2,0,Torrenting,https://theblackholebay.lol/,2026-09-06T11:45:58+00:00,
theetheringtonbrothers.blogspot.com,online,A+,95.5,Effectively ad-free,1,1,0,0,0,0,0.0,2,0,Educational,https://theetheringtonbrothers.blogspot.com/,2026-09-27T13:18:43+00:00,
thephysicsaviary.com,online,A+,95.5,Effectively ad-free,1,1,0,0,0,0,0.0,2,0,Educational,https://thephysicsaviary.com/Physics/Programs/Tools/find.php,2026-09-18T17:16:20+00:00,
tropabrscans.blogspot.com,online,A+,95.5,Effectively ad-free,1,1,0,0,0,0,0.0,2,0,Non-Eng,https://tropabrscans.blogspot.com,2026-09-23T06:43:24+00:00,
uptime.ibbylabs.dev,online,A+,95.5,Effectively ad-free,1,1,0,0,0,0,0.0,4,0,Linux Streaming,https://uptime.ibbylabs.dev/,2026-09-24T22:46:15+00:00,
urbanaspirines.blogspot.com,online,A+,95.5,Effectively ad-free,1,1,0,0,0,0,0.0,2,0,Music,https://urbanaspirines.blogspot.com/,2026-09-15T12:53:55+00:00,
vestroiakr.blogspot.com,online,A+,95.5,Effectively ad-free,1,1,0,0,0,0,0.0,2,0,Non-Eng,https://vestroiakr.blogspot.com/,2026-09-23T06:43:24+00:00,
warshipsresearch.blogspot.com,online,A+,95.5,Effectively ad-free,1,1,0,0,0,0,0.0,1,0,Educational,https://warshipsresearch.blogspot.com/,2026-09-23T22:29:49+00:00,
www.animeil-tv.com,online,A+,95.5,Effectively ad-free,1,1,0,0,0,0,0.1,2,0,Non-Eng,https://www.animeil-tv.com/,2026-09-22T22:28:30+00:00,
www.audiotool.com,online,A+,95.5,Effectively ad-free,1,1,0,0,0,0,0.0,1,1,Music,https://www.audiotool.com/,2026-09-17T17:47:40+00:00,
www.chessvariants.com,online,A+,95.5,Effectively ad-free,1,1,0,0,0,0,0.0,2,0,Educational,https://www.chessvariants.com/index/favorites.php,2026-08-29T17:26:18+00:00,
www.paper2audio.com,online,A+,95.5,Effectively ad-free,1,1,0,0,0,0,0.0,1,0,Artificial-Intelligence,https://www.paper2audio.com/,2026-09-25T06:39:48+00:00,
www.uncensoredlibrary.com,online,A+,95.5,Effectively ad-free,1,1,0,0,0,0,0.0,2,0,Reading,https://www.uncensoredlibrary.com/en,2026-09-24T06:47:05+00:00,
www.wildwinds.com,online,A+,95.5,Effectively ad-free,1,1,0,0,0,0,0.0,4,0,Educational,https://www.wildwinds.com/,2026-09-17T22:29:32+00:00,
www3.anikai.cc,online,A+,95.5,Effectively ad-free,1,1,0,0,0,0,0.0,1,0,Streaming,https://www3.anikai.cc/,2026-09-04T12:16:28+00:00,
alltop.com,online,A+,96.0,Effectively ad-free,0,0,0,0,0,8,0.0,2,0,Misc,https://alltop.com/,2026-09-21T07:14:22+00:00,
signwiki.org,online,A+,96.0,Effectively ad-free,0,0,0,0,0,8,0.0,2,0,Educational,http://signwiki.org/,2026-09-19T16:51:07+00:00,
deepcut.live,online,A+,96.5,Effectively ad-free,0,0,0,0,0,7,0.0,2,0,Music,https://deepcut.live/,2026-09-22T12:53:35+00:00,
ndl.iitkgp.ac.in,online,A+,96.5,Effectively ad-free,0,0,0,0,0,7,0.0,2,0,Non-Eng,https://ndl.iitkgp.ac.in/,2026-09-23T06:43:24+00:00,
plancompare.in,online,A+,96.5,Effectively ad-free,0,0,0,0,0,7,0.0,2,0,Non-Eng,https://plancompare.in/,2026-09-22T22:28:30+00:00,
www.bibcit.com,online,A+,96.5,Effectively ad-free,0,0,0,0,0,7,0.0,4,0,Artificial-Intelligence Educational,https://www.bibcit.com/en/massivemark,2026-09-17T22:29:32+00:00,
www.therestartpage.com,online,A+,96.5,Effectively ad-free,0,0,0,0,0,7,0.0,2,0,Misc,http://www.therestartpage.com/,2026-09-22T06:49:41+00:00,
www.welcometothejungle.com,online,A+,96.5,Effectively ad-free,0,0,0,0,0,7,0.0,2,0,Misc,https://www.welcometothejungle.com/,2026-09-21T07:14:22+00:00,
alterportal.net,online,A+,97.0,Effectively ad-free,0,0,0,0,0,6,0.0,2,0,Music,https://alterportal.net/,2026-09-22T12:53:35+00:00,
baduk.club,online,A+,97.0,Effectively ad-free,0,0,0,0,0,6,0.0,2,0,Educational,https://baduk.club/map/,2026-09-19T12:07:10+00:00,
beta.4wall.ai,online,A+,97.0,Effectively ad-free,0,0,0,0,0,6,0.0,2,0,Artificial-Intelligence,https://beta.4wall.ai/,2026-09-18T12:26:05+00:00,
ctftime.org,online,A+,97.0,Effectively ad-free,0,0,0,0,0,6,0.0,1,0,Educational,https://ctftime.org/,2026-09-25T18:07:54+00:00,
frigate.video,online,A+,97.0,Effectively ad-free,0,0,0,0,0,6,0.0,1,0,Adblock,https://frigate.video/,2026-09-25T06:39:48+00:00,
gallerix.org,online,A+,97.0,Effectively ad-free,0,0,0,0,0,6,0.0,1,0,Storage,https://gallerix.org/,2026-09-28T07:40:47+00:00,
gangster.su,online,A+,97.0,Effectively ad-free,0,0,0,0,0,6,0.0,2,0,Music,https://gangster.su/,2026-08-30T13:18:17+00:00,
noramusic.netlify.app,online,A+,97.0,Effectively ad-free,0,0,0,0,0,6,0.0,2,0,Music,https://noramusic.netlify.app/,2026-09-22T17:49:43+00:00,
www.old-games.ru,online,A+,97.0,Effectively ad-free,0,0,0,0,0,6,0.0,2,0,Gaming,https://www.old-games.ru/,2026-08-29T22:00:23+00:00,
www.rechapters.com,online,A+,97.0,Effectively ad-free,0,0,0,0,0,6,0.0,2,0,Reading,https://www.rechapters.com/,2026-08-29T17:26:18+00:00,
cooked.wiki,online,A+,97.5,Effectively ad-free,0,0,0,0,0,5,0.0,1,1,Misc,https://cooked.wiki/,2026-09-13T21:45:32+00:00,
graphonline.top,online,A+,97.5,Effectively ad-free,0,0,0,0,0,5,0.0,1,0,Storage,https://graphonline.top/en/,2026-09-28T07:40:47+00:00,
nakarte.me,online,A+,97.5,Effectively ad-free,0,0,0,0,0,5,0.0,2,2,Misc,https://nakarte.me/,2026-09-13T06:49:25+00:00,
ps.waltheri.net,online,A+,97.5,Effectively ad-free,0,0,0,0,0,5,0.0,2,0,Educational,http://ps.waltheri.net/,2026-09-19T12:07:10+00:00,
rmz.cr,online,A+,97.5,Effectively ad-free,0,0,0,0,0,5,0.0,1,0,Streaming,https://rmz.cr/,2026-09-28T16:00:57+00:00,
swervle.com,online,A+,97.5,Effectively ad-free,0,0,0,0,0,5,0.0,2,0,Gaming,https://swervle.com/,2026-09-20T12:42:06+00:00,
www.ndl.gov.in,online,A+,97.5,Effectively ad-free,0,0,0,0,0,5,0.0,2,0,Non-Eng,https://www.ndl.gov.in/,2026-09-22T22:28:30+00:00,
2020game.io,online,A+,98.0,Effectively ad-free,0,0,0,0,0,4,0.0,2,0,Misc,https://2020game.io/,2026-09-21T22:53:03+00:00,
5000best.com,online,A+,98.0,Effectively ad-free,0,0,0,0,0,4,0.0,2,0,Reading,http://5000best.com/books/,2026-09-24T06:47:05+00:00,
animesilo.cc,online,A+,98.0,Effectively ad-free,0,0,0,0,0,4,0.0,2,0,Streaming,https://animesilo.cc/,2026-08-25T14:31:22+00:00,
apkcube.com,online,A+,98.0,Effectively ad-free,0,0,0,0,0,4,0.0,2,0,Mobile,https://apkcube.com/,2026-09-22T06:49:41+00:00,
easyinvoicepdf.com,online,A+,98.0,Effectively ad-free,0,0,0,0,0,4,0.0,1,0,Misc,https://easyinvoicepdf.com,2026-09-26T12:31:41+00:00,
fossdroid.com,online,A+,98.0,Effectively ad-free,0,0,0,0,0,4,0.0,2,0,Mobile,https://fossdroid.com/a/markor.html,2026-09-22T06:49:41+00:00,
gtaradio.net,online,A+,98.0,Effectively ad-free,0,0,0,0,0,4,0.0,2,0,Music,https://gtaradio.net/,2026-08-29T17:26:18+00:00,
lightpollutionmap.app,online,A+,98.0,Effectively ad-free,0,0,0,0,0,4,0.0,1,0,Educational,https://lightpollutionmap.app,2026-09-25T22:52:29+00:00,
mafl.hywax.space,online,A+,98.0,Effectively ad-free,0,0,0,0,0,4,0.0,1,1,Linux,https://mafl.hywax.space/,2026-09-13T21:45:32+00:00,
manga1000.top,online,A+,98.0,Effectively ad-free,0,0,0,0,0,4,0.0,2,0,Non-Eng,https://manga1000.top/,2026-08-24T02:54:08+00:00,
mangapoisk.me,online,A+,98.0,Effectively ad-free,0,0,0,0,0,4,0.0,2,0,Non-Eng,https://mangapoisk.me/,2026-09-23T13:04:02+00:00,
maps.vasile.ch,online,A+,98.0,Effectively ad-free,0,0,0,0,0,4,0.0,2,0,Misc,https://maps.vasile.ch/transit-sbb/,2026-09-21T07:14:22+00:00,
megacomicstv3.blogspot.com,online,A+,98.0,Effectively ad-free,0,0,0,0,0,4,0.0,2,0,Non-Eng,https://megacomicstv3.blogspot.com/,2026-09-23T18:01:31+00:00,
muslimscholars.info,online,A+,98.0,Effectively ad-free,0,0,0,0,0,4,0.0,2,0,Reading,https://muslimscholars.info/,2026-09-24T06:47:05+00:00,
nextcloud.com,online,A+,98.0,Effectively ad-free,0,0,0,0,0,4,0.0,2,2,Misc,https://nextcloud.com/,2026-09-13T06:49:25+00:00,
numbr.dev,online,A+,98.0,Effectively ad-free,0,0,0,0,0,4,0.0,2,0,Educational,https://numbr.dev/,2026-09-19T21:48:19+00:00,
panotuner.com,online,A+,98.0,Effectively ad-free,0,0,0,0,0,4,0.0,1,0,Music,https://panotuner.com/,2026-08-27T23:06:55+00:00,
phantom.lol,online,A+,98.0,Effectively ad-free,0,0,0,0,0,4,0.0,2,0,Adblock,https://phantom.lol/,2026-09-18T12:26:05+00:00,
scribd.pdfdownloaders.com,online,A+,98.0,Effectively ad-free,0,0,0,0,0,4,0.0,2,0,Reading,https://scribd.pdfdownloaders.com/,2026-09-24T06:47:05+00:00,
spaceweather.com,online,A+,98.0,Effectively ad-free,0,0,0,0,0,4,0.0,1,0,Educational,https://spaceweather.com/,2026-09-25T13:02:00+00:00,
theuselessweb.site,online,A+,98.0,Effectively ad-free,0,0,0,0,0,4,0.0,1,0,Misc,https://theuselessweb.site/,2026-09-25T22:52:29+00:00,
uncovered.ink,online,A+,98.0,Effectively ad-free,0,0,0,0,0,4,0.0,2,0,Reading,https://uncovered.ink/,2026-09-24T06:47:05+00:00,
vkvideo.ru,online,A+,98.0,Effectively ad-free,0,0,0,0,0,4,0.0,4,2,Streaming,https://vkvideo.ru/,2026-09-12T21:42:32+00:00,
www.colonialfilm.org.uk,online,A+,98.0,Effectively ad-free,0,0,0,0,0,4,0.0,1,0,Streaming,http://www.colonialfilm.org.uk/,2026-09-28T16:00:57+00:00,
www.deadseascrolls.org.il,online,A+,98.0,Effectively ad-free,0,0,0,0,0,4,0.0,2,0,Reading,https://www.deadseascrolls.org.il/,2026-09-24T06:47:05+00:00,
www.emrap.org,online,A+,98.0,Effectively ad-free,0,0,0,0,0,4,0.0,2,0,Educational,https://www.emrap.org/hd,2026-09-19T06:40:29+00:00,
www.gavo.t.u-tokyo.ac.jp,online,A+,98.0,Effectively ad-free,0,0,0,0,0,4,0.0,2,0,Educational,https://www.gavo.t.u-tokyo.ac.jp/ojad/eng/pages/home,2026-09-19T16:51:07+00:00,
www.geokniga.org,online,A+,98.0,Effectively ad-free,0,0,0,0,0,4,0.0,2,0,Non-Eng,https://www.geokniga.org/,2026-09-23T13:04:02+00:00,
www.hathitrust.org,online,A+,98.0,Effectively ad-free,0,0,0,0,0,4,0.0,2,0,Reading,https://www.hathitrust.org/,2026-09-23T22:29:49+00:00,
www.kfchess.com,online,A+,98.0,Effectively ad-free,0,0,0,0,0,4,0.0,2,0,Gaming,https://www.kfchess.com/,2026-09-20T07:03:23+00:00,
www.mixtapetorrent.com,online,A+,98.0,Effectively ad-free,0,0,0,0,0,4,0.0,2,0,Music,http://www.mixtapetorrent.com/,2026-09-22T12:53:35+00:00,
www.slido.com,online,A+,98.0,Effectively ad-free,0,0,0,0,0,4,0.0,2,0,Storage,https://www.slido.com/,2026-09-24T18:01:53+00:00,
www.vpforums.org,online,A+,98.0,Effectively ad-free,0,0,0,0,0,4,0.0,1,0,Gaming,https://www.vpforums.org/,2026-09-25T18:07:54+00:00,
www.wasm.in,online,A+,98.0,Effectively ad-free,0,0,0,0,0,4,0.0,2,0,Non-Eng,https://www.wasm.in/,2026-09-23T13:04:02+00:00,
arzamas.academy,online,A+,98.5,Effectively ad-free,0,0,0,0,0,3,0.0,2,0,Non-Eng,https://arzamas.academy/,2026-09-23T13:04:02+00:00,
authors.library.caltech.edu,online,A+,98.5,Effectively ad-free,0,0,0,0,0,3,0.0,2,0,Reading,https://authors.library.caltech.edu/,2026-09-24T06:47:05+00:00,
chat.mistral.ai,online,A+,98.5,Effectively ad-free,0,0,0,0,0,3,0.0,2,0,Artificial-Intelligence,https://chat.mistral.ai,2026-09-18T12:26:05+00:00,
cheapfoodmap.com,online,A+,98.5,Effectively ad-free,0,0,0,0,0,3,0.0,2,0,Misc,https://cheapfoodmap.com/,2026-09-20T21:52:34+00:00,
en.booksee.org,online,A+,98.5,Effectively ad-free,0,0,0,0,0,3,0.0,2,0,Reading,https://en.booksee.org/,2026-09-23T18:01:31+00:00,
en.vittascience.com,online,A+,98.5,Effectively ad-free,0,0,0,0,0,3,0.0,2,0,Educational,https://en.vittascience.com/code,2026-09-19T06:40:29+00:00,
find-movie.info,online,A+,98.5,Effectively ad-free,0,0,0,0,0,3,0.0,2,0,Streaming,https://find-movie.info/,2026-09-25T06:39:48+00:00,
fpftp.blogspot.com,online,A+,98.5,Effectively ad-free,0,0,0,0,0,3,0.0,2,0,Music,https://fpftp.blogspot.com/,2026-08-30T13:18:17+00:00,
hypelist.com,online,A+,98.5,Effectively ad-free,0,0,0,0,0,3,0.0,1,0,Mobile,https://hypelist.com/,2026-09-26T12:31:41+00:00,
iceout.org,online,A+,98.5,Effectively ad-free,0,0,0,0,0,3,0.0,4,0,Adblock Misc,https://iceout.org/en/,2026-09-17T22:29:32+00:00,
korsars.pro,online,A+,98.5,Effectively ad-free,0,0,0,0,0,3,0.0,2,0,Non-Eng,http://korsars.pro/,2026-09-23T13:04:02+00:00,
matka.fintraffic.fi,online,A+,98.5,Effectively ad-free,0,0,0,0,0,3,0.0,2,0,Non-Eng,https://matka.fintraffic.fi/,2026-09-22T22:28:30+00:00,
mega-descargas-serie.blogspot.com,online,A+,98.5,Effectively ad-free,0,0,0,0,0,3,0.0,2,0,Non-Eng,https://mega-descargas-serie.blogspot.com/,2026-08-24T08:28:51+00:00,
openbb.co,online,A+,98.5,Effectively ad-free,0,0,0,0,0,3,0.0,1,0,Misc,https://openbb.co/,2026-09-26T12:31:41+00:00,
orbis.stanford.edu,online,A+,98.5,Effectively ad-free,0,0,0,0,0,3,0.0,2,0,Misc,https://orbis.stanford.edu/,2026-09-21T07:14:22+00:00,
pixabay.com,online,A+,98.5,Effectively ad-free,0,0,0,0,0,3,0.0,2,0,Music,https://pixabay.com/music/,2026-09-22T12:53:35+00:00,
purrli.com,online,A+,98.5,Effectively ad-free,0,0,0,0,0,3,0.0,2,0,Misc,https://purrli.com/,2026-09-21T22:53:03+00:00,
radioparadise.com,online,A+,98.5,Effectively ad-free,0,0,0,0,0,3,0.0,2,2,Music,https://radioparadise.com/,2026-09-13T06:49:25+00:00,
search.crossref.org,online,A+,98.5,Effectively ad-free,0,0,0,0,0,3,0.0,2,0,Reading,https://search.crossref.org/,2026-09-24T06:47:05+00:00,
shadowrangers.net,online,A+,98.5,Effectively ad-free,0,0,0,0,0,3,0.0,2,0,Non-Eng,https://shadowrangers.net/,2026-09-23T13:04:02+00:00,
slither.com,online,A+,98.5,Effectively ad-free,0,0,0,0,0,3,0.0,2,0,Gaming,http://slither.com/io,2026-09-20T12:42:06+00:00,
spacedashboard.com,online,A+,98.5,Effectively ad-free,0,0,0,0,0,3,0.0,2,2,Educational,https://spacedashboard.com/,2026-09-12T21:42:32+00:00,
typehero.dev,online,A+,98.5,Effectively ad-free,0,0,0,0,0,3,0.0,2,0,Storage,https://typehero.dev/,2026-09-24T18:01:53+00:00,
videotuts.ru,online,A+,98.5,Effectively ad-free,0,0,0,0,0,3,0.0,2,0,Non-Eng,https://videotuts.ru/,2026-09-23T13:04:02+00:00,
virpe.cc,online,A+,98.5,Effectively ad-free,0,0,0,0,0,3,0.0,2,0,Non-Eng,https://virpe.cc/,2026-09-23T06:43:24+00:00,
wiki.fermenthings.be,online,A+,98.5,Effectively ad-free,0,0,0,0,0,3,0.0,2,0,Misc,https://wiki.fermenthings.be/,2026-09-20T21:52:34+00:00,
www.bilibili.tv,online,A+,98.5,Effectively ad-free,0,0,0,0,0,3,0.0,2,2,Non-Eng Streaming,https://www.bilibili.tv/,2026-09-13T06:49:25+00:00,
www.cheapshark.com,online,A+,98.5,Effectively ad-free,0,0,0,0,0,3,0.0,2,0,Misc,https://www.cheapshark.com/,2026-09-21T14:36:48+00:00,
www.chicagofilmarchives.org,online,A+,98.5,Effectively ad-free,0,0,0,0,0,3,0.0,2,0,Streaming,https://www.chicagofilmarchives.org/,2026-09-24T18:01:53+00:00,
www.crazygames.com,online,A+,98.5,Effectively ad-free,0,0,0,0,0,3,0.0,2,2,Gaming,https://www.crazygames.com/,2026-09-12T21:42:32+00:00,
www.josekipedia.com,online,A+,98.5,Effectively ad-free,0,0,0,0,0,3,0.0,2,0,Educational,https://www.josekipedia.com/,2026-09-19T12:07:10+00:00,
www.kenmei.co,online,A+,98.5,Effectively ad-free,0,0,0,0,0,3,0.0,2,0,Reading,https://www.kenmei.co/,2026-09-24T06:47:05+00:00,
www.koalastothemax.com,online,A+,98.5,Effectively ad-free,0,0,0,0,0,3,0.0,2,0,Misc,https://www.koalastothemax.com/,2026-09-21T22:53:03+00:00,
www.lofi-clouds.com,online,A+,98.5,Effectively ad-free,0,0,0,0,0,3,0.0,2,0,Mobile,https://www.lofi-clouds.com/,2026-09-22T06:49:41+00:00,
www.name-reaction.com,online,A+,98.5,Effectively ad-free,0,0,0,0,0,3,0.0,2,0,Educational,https://www.name-reaction.com,2026-09-19T06:40:29+00:00,
www.openstreetmap.org,online,A+,98.5,Effectively ad-free,0,0,0,0,0,3,0.0,2,2,Misc,https://www.openstreetmap.org/,2026-09-13T06:49:25+00:00,
www.operaonvideo.com,online,A+,98.5,Effectively ad-free,0,0,0,0,0,3,0.0,1,0,Music,https://www.operaonvideo.com/,2026-09-27T07:08:34+00:00,
www.svtplay.se,online,A+,98.5,Effectively ad-free,0,0,0,0,0,3,0.0,2,0,Non-Eng,https://www.svtplay.se/,2026-09-23T18:01:31+00:00,
www.tf1.fr,online,A+,98.5,Effectively ad-free,0,0,0,0,0,3,0.0,2,0,Non-Eng,https://www.tf1.fr/,2026-09-22T22:28:30+00:00,
www.theodinproject.com,online,A+,98.5,Effectively ad-free,0,0,0,0,0,3,0.0,2,2,Educational,https://www.theodinproject.com/,2026-09-12T21:42:32+00:00,
www.toonamiremastered.com,online,A+,98.5,Effectively ad-free,0,0,0,0,0,3,0.0,2,0,Misc,https://www.toonamiremastered.com/,2026-09-21T22:53:03+00:00,
wxcharts.com,online,A+,98.5,Effectively ad-free,0,0,0,0,0,3,0.0,1,1,Misc,https://wxcharts.com/,2026-09-13T21:45:32+00:00,
adium.im,online,A+,99.0,Effectively ad-free,0,0,0,0,0,2,0.0,2,0,Linux,https://adium.im/,2026-09-20T17:01:41+00:00,
aimp.ru,online,A+,99.0,Effectively ad-free,0,0,0,0,0,2,0.0,1,1,Music,https://aimp.ru/?do=catalog,2026-08-30T07:23:55+00:00,
anidub.pro,online,A+,99.0,Effectively ad-free,0,0,0,0,0,2,0.0,2,0,Non-Eng,https://anidub.pro/,2026-09-23T13:04:02+00:00,
animelib.org,online,A+,99.0,Effectively ad-free,0,0,0,0,0,2,0.0,2,0,Non-Eng,https://animelib.org/,2026-08-31T15:30:14+00:00,
aniworld.to,online,A+,99.0,Effectively ad-free,0,0,0,0,0,2,0.0,2,0,Non-Eng,https://aniworld.to,2026-09-22T22:28:30+00:00,
app.codility.com,online,A+,99.0,Effectively ad-free,0,0,0,0,0,2,0.0,2,0,Educational,https://app.codility.com/programmers/,2026-09-19T16:51:07+00:00,
archlinuxcn.org,online,A+,99.0,Effectively ad-free,0,0,0,0,0,2,0.0,1,0,Non-Eng,https://archlinuxcn.org/,2026-09-27T07:08:34+00:00,
automatag.com,online,A+,99.0,Effectively ad-free,0,0,0,0,0,2,0.0,2,2,Mobile,http://automatag.com/,2026-09-13T06:49:25+00:00,
bajalogratis.com,online,A+,99.0,Effectively ad-free,0,0,0,0,0,2,0.0,2,0,Non-Eng,https://bajalogratis.com/,2026-09-23T13:04:02+00:00,
bettervoting.com,online,A+,99.0,Effectively ad-free,0,0,0,0,0,2,0.0,2,0,Storage,https://bettervoting.com/,2026-09-24T12:57:21+00:00,
bitflu.workaround.ch,online,A+,99.0,Effectively ad-free,0,0,0,0,0,2,0.0,2,0,Torrenting,https://bitflu.workaround.ch/,2026-09-25T06:39:48+00:00,
bpkg.sh,online,A+,99.0,Effectively ad-free,0,0,0,0,0,2,0.0,1,0,Linux,https://bpkg.sh/,2026-09-25T22:52:29+00:00,
brametric.com,online,A+,99.0,Effectively ad-free,0,0,0,0,0,2,0.0,1,0,Misc,https://brametric.com/,2026-09-25T22:52:29+00:00,
cabernetwork.github.io,online,A+,99.0,Effectively ad-free,0,0,0,0,0,2,0.0,2,0,Streaming,https://cabernetwork.github.io/,2026-09-24T22:46:15+00:00,
caltopo.com,online,A+,99.0,Effectively ad-free,0,0,0,0,0,2,0.0,1,0,Misc,https://caltopo.com/map.html/,2026-09-25T22:52:29+00:00,
cinedeantes2.weebly.com,online,A+,99.0,Effectively ad-free,0,0,0,0,0,2,0.0,2,0,Non-Eng,https://cinedeantes2.weebly.com/,2026-09-23T13:04:02+00:00,
cinemata.org,online,A+,99.0,Effectively ad-free,0,0,0,0,0,2,0.0,2,0,Streaming,https://cinemata.org/,2026-09-24T18:01:53+00:00,
cleardarksky.com,online,A+,99.0,Effectively ad-free,0,0,0,0,0,2,0.0,2,0,Educational,https://cleardarksky.com/,2026-09-19T06:40:29+00:00,
cloudhiker.net,online,A+,99.0,Effectively ad-free,0,0,0,0,0,2,0.0,2,0,Misc,https://cloudhiker.net/,2026-09-20T21:52:34+00:00,
cmus.github.io,online,A+,99.0,Effectively ad-free,0,0,0,0,0,2,0.0,2,0,Linux,https://cmus.github.io/,2026-09-20T17:01:41+00:00,
console.mistral.ai,online,A+,99.0,Effectively ad-free,0,0,0,0,0,2,0.0,1,0,Artificial-Intelligence,https://console.mistral.ai/home,2026-09-25T06:39:48+00:00,
curio.scene.org,online,A+,99.0,Effectively ad-free,0,0,0,0,0,2,0.0,1,0,Downloading,https://curio.scene.org/,2026-09-15T12:53:55+00:00,
deathbyai.gg,online,A+,99.0,Effectively ad-free,0,0,0,0,0,2,0.0,2,0,Gaming,https://deathbyai.gg/,2026-09-20T12:42:06+00:00,
deremilitari.org,online,A+,99.0,Effectively ad-free,0,0,0,0,0,2,0.0,2,0,Educational,https://deremilitari.org/articles/,2026-09-23T22:29:49+00:00,
devextras.com,online,A+,99.0,Effectively ad-free,0,0,0,0,0,2,0.0,1,0,Misc,https://devextras.com/voicetools/,2026-09-26T12:31:41+00:00,
dic.daum.net,online,A+,99.0,Effectively ad-free,0,0,0,0,0,2,0.0,2,0,Non-Eng,https://dic.daum.net/,2026-09-23T06:43:24+00:00,
dns.he.net,online,A+,99.0,Effectively ad-free,0,0,0,0,0,2,0.0,2,0,Storage,https://dns.he.net/,2026-09-24T12:57:21+00:00,
downloadgamepsp.org,online,A+,99.0,Effectively ad-free,0,0,0,0,0,2,0.0,2,0,Gaming,https://downloadgamepsp.org/,2026-09-20T07:03:23+00:00,
dupe.com,online,A+,99.0,Effectively ad-free,0,0,0,0,0,2,0.0,2,2,Misc,https://dupe.com/,2026-09-13T06:49:25+00:00,
ecoutezvosoreilles.be,online,A+,99.0,Effectively ad-free,0,0,0,0,0,2,0.0,2,0,Non-Eng,https://ecoutezvosoreilles.be/radioplayer/,2026-09-09T12:30:35+00:00,
euratlas.com,online,A+,99.0,Effectively ad-free,0,0,0,0,0,2,0.0,2,0,Misc,https://euratlas.com/,2026-09-21T07:14:22+00:00,
expertcuber.by,online,A+,99.0,Effectively ad-free,0,0,0,0,0,2,0.0,2,0,Educational,https://expertcuber.by/f2l.php,2026-09-19T12:07:10+00:00,
fiction.live,online,A+,99.0,Effectively ad-free,0,0,0,0,0,2,0.0,2,0,Reading,https://fiction.live/,2026-09-23T22:29:49+00:00,
forum.ru-board.com,online,A+,99.0,Effectively ad-free,0,0,0,0,0,2,0.0,2,0,Non-Eng,https://forum.ru-board.com/,2026-09-23T13:04:02+00:00,
four.lol,online,A+,99.0,Effectively ad-free,0,0,0,0,0,2,0.0,2,0,Gaming,https://four.lol/,2026-09-20T17:01:41+00:00,
frenglish.ru,online,A+,99.0,Effectively ad-free,0,0,0,0,0,2,0.0,2,0,Educational,https://frenglish.ru/,2026-09-19T16:51:07+00:00,
gadgeteer.co.za,online,A+,99.0,Effectively ad-free,0,0,0,0,0,2,0.0,2,0,Downloading,https://gadgeteer.co.za/opensourcesoftware/,2026-09-18T17:16:20+00:00,
gameofbombs.com,online,A+,99.0,Effectively ad-free,0,0,0,0,0,2,0.0,1,0,Gaming,https://gameofbombs.com/,2026-09-25T18:07:54+00:00,
geekymedics.com,online,A+,99.0,Effectively ad-free,0,0,0,0,0,2,0.0,2,0,Educational,https://geekymedics.com/,2026-09-19T06:40:29+00:00,
go.11klasov.net,online,A+,99.0,Effectively ad-free,0,0,0,0,0,2,0.0,2,0,Non-Eng,https://go.11klasov.net/,2026-09-23T13:04:02+00:00,
gramps-project.org,online,A+,99.0,Effectively ad-free,0,0,0,0,0,2,0.0,1,0,Misc,https://gramps-project.org/blog/,2026-09-03T12:16:01+00:00,
gridland.doublespeakgames.com,online,A+,99.0,Effectively ad-free,0,0,0,0,0,2,0.0,2,0,Gaming,https://gridland.doublespeakgames.com/,2026-09-20T12:42:06+00:00,
hackersmacker.org,online,A+,99.0,Effectively ad-free,0,0,0,0,0,2,0.0,2,0,Misc,https://hackersmacker.org/,2026-09-21T07:14:22+00:00,
hate5six.com,online,A+,99.0,Effectively ad-free,0,0,0,0,0,2,0.0,3,2,Music,https://hate5six.com/,2026-09-12T16:31:29+00:00,
iamthecu.be,online,A+,99.0,Effectively ad-free,0,0,0,0,0,2,0.0,2,2,Gaming,https://iamthecu.be/,2026-09-12T21:42:32+00:00,
inciteful.xyz,online,A+,99.0,Effectively ad-free,0,0,0,0,0,2,0.0,2,0,Educational,https://inciteful.xyz/,2026-08-20T20:04:41+00:00,
incitefulmed.com,online,A+,99.0,Effectively ad-free,0,0,0,0,0,2,0.0,2,0,Educational,https://incitefulmed.com/academic/,2026-09-10T12:24:16+00:00,
jadoocinema.net,online,A+,99.0,Effectively ad-free,0,0,0,0,0,2,0.0,2,0,Non-Eng,https://jadoocinema.net/,2026-09-22T17:49:43+00:00,
james.darpinian.com,online,A+,99.0,Effectively ad-free,0,0,0,0,0,2,0.0,2,0,Educational,https://james.darpinian.com/satellites/,2026-09-19T06:40:29+00:00,
jenniferdewalt.com,online,A+,99.0,Effectively ad-free,0,0,0,0,0,2,0.0,2,0,Misc,https://jenniferdewalt.com/,2026-09-21T22:53:03+00:00,
jsbooks.revolunet.com,online,A+,99.0,Effectively ad-free,0,0,0,0,0,2,0.0,2,0,Reading,https://jsbooks.revolunet.com/,2026-09-24T06:47:05+00:00,
kickassapp.com,online,A+,99.0,Effectively ad-free,0,0,0,0,0,2,0.0,1,0,Gaming,https://kickassapp.com/,2026-09-25T18:07:54+00:00,
learnnatively.com,online,A+,99.0,Effectively ad-free,0,0,0,0,0,2,0.0,1,0,Educational,https://learnnatively.com/,2026-09-25T13:02:00+00:00,
lightcone.org,online,A+,99.0,Effectively ad-free,0,0,0,0,0,2,0.0,2,0,Streaming,https://lightcone.org/en,2026-09-24T18:01:53+00:00,
listy.is,online,A+,99.0,Effectively ad-free,0,0,0,0,0,2,0.0,2,0,Mobile,https://listy.is/,2026-09-22T06:49:41+00:00,
lizardpoint.com,online,A+,99.0,Effectively ad-free,0,0,0,0,0,2,0.0,1,1,Educational,https://lizardpoint.com/,2026-09-13T17:06:33+00:00,
lofiandgames.com,online,A+,99.0,Effectively ad-free,0,0,0,0,0,2,0.0,2,0,Music,https://lofiandgames.com/,2026-09-22T12:53:35+00:00,
log.rlsbb.ru,online,A+,99.0,Effectively ad-free,0,0,0,0,0,2,0.0,1,0,Downloading,https://log.rlsbb.ru/,2026-09-25T06:39:48+00:00,
